Series Name,Series Code,Country Name,Country Code,1990 [YR1990],2000 [YR2000],2007 [YR2007],2008 [YR2008],2009 [YR2009],2010 [YR2010],2011 [YR2011],2012 [YR2012],2013 [YR2013],2014 [YR2014],2015 [YR2015],2016 [YR2016]
GINI index (World Bank estimate),SI.POV.GINI,Arab World,ARB,..,..,..,..,..,..,..,..,..,..,..,..
GINI index (World Bank estimate),SI.POV.GINI,East Asia & Pacific,EAS,..,..,..,..,..,..,..,..,..,..,..,..
GINI index (World Bank estimate),SI.POV.GINI,East Asia & Pacific (excluding high income),EAP,..,..,..,..,..,..,..,..,..,..,..,..
GINI index (World Bank estimate),SI.POV.GINI,Euro area,EMU,..,..,..,..,..,..,..,..,..,..,..,..
GINI index (World Bank estimate),SI.POV.GINI,Europe & Central Asia,ECS,..,..,..,..,..,..,..,..,..,..,..,..
GINI index (World Bank estimate),SI.POV.GINI,Europe & Central Asia (excluding high income),ECA,..,..,..,..,..,..,..,..,..,..,..,..
GINI index (World Bank estimate),SI.POV.GINI,European Union,EUU,..,..,..,..,..,..,..,..,..,..,..,..
GINI index (World Bank estimate),SI.POV.GINI,Heavily indebted poor countries (HIPC),HPC,..,..,..,..,..,..,..,..,..,..,..,..
GINI index (World Bank estimate),SI.POV.GINI,High income,HIC,..,..,..,..,..,..,..,..,..,..,..,..
GINI index (World Bank estimate),SI.POV.GINI,Latin America & Caribbean,LCN,..,..,..,..,..,..,..,..,..,..,..,..
GINI index (World Bank estimate),SI.POV.GINI,Latin America & Caribbean (excluding high income),LAC,..,..,..,..,..,..,..,..,..,..,..,..
GINI index (World Bank estimate),SI.POV.GINI,Least developed countries: UN classification,LDC,..,..,..,..,..,..,..,..,..,..,..,..
GINI index (World Bank estimate),SI.POV.GINI,Low & middle income,LMY,..,..,..,..,..,..,..,..,..,..,..,..
GINI index (World Bank estimate),SI.POV.GINI,Low income,LIC,..,..,..,..,..,..,..,..,..,..,..,..
GINI index (World Bank estimate),SI.POV.GINI,Lower middle income,LMC,..,..,..,..,..,..,..,..,..,..,..,..
GINI index (World Bank estimate),SI.POV.GINI,Middle East & North Africa,MEA,..,..,..,..,..,..,..,..,..,..,..,..
GINI index (World Bank estimate),SI.POV.GINI,Middle East & North Africa (excluding high income),MNA,..,..,..,..,..,..,..,..,..,..,..,..
GINI index (World Bank estimate),SI.POV.GINI,Middle income,MIC,..,..,..,..,..,..,..,..,..,..,..,..
GINI index (World Bank estimate),SI.POV.GINI,North America,NAC,..,..,..,..,..,..,..,..,..,..,..,..
GINI index (World Bank estimate),SI.POV.GINI,OECD members,OED,..,..,..,..,..,..,..,..,..,..,..,..
GINI index (World Bank estimate),SI.POV.GINI,South Asia,SAS,..,..,..,..,..,..,..,..,..,..,..,..
GINI index (World Bank estimate),SI.POV.GINI,Sub-Saharan Africa,SSF,..,..,..,..,..,..,..,..,..,..,..,..
GINI index (World Bank estimate),SI.POV.GINI,Sub-Saharan Africa (excluding high income),SSA,..,..,..,..,..,..,..,..,..,..,..,..
GINI index (World Bank estimate),SI.POV.GINI,Upper middle income,UMC,..,..,..,..,..,..,..,..,..,..,..,..
GINI index (World Bank estimate),SI.POV.GINI,World,WLD,..,..,..,..,..,..,..,..,..,..,..,..
GINI index (World Bank estimate),SI.POV.GINI,Afghanistan,AFG,..,..,..,..,..,..,..,..,..,..,..,..
GINI index (World Bank estimate),SI.POV.GINI,Albania,ALB,..,..,..,30,..,..,..,29,..,..,..,..
GINI index (World Bank estimate),SI.POV.GINI,Algeria,DZA,..,..,..,..,..,..,27.6,..,..,..,..,..
GINI index (World Bank estimate),SI.POV.GINI,American Samoa,ASM,..,..,..,..,..,..,..,..,..,..,..,..
GINI index (World Bank estimate),SI.POV.GINI,Andorra,AND,..,..,..,..,..,..,..,..,..,..,..,..
GINI index (World Bank estimate),SI.POV.GINI,Angola,AGO,..,52,..,42.7,..,..,..,..,..,..,..,..
GINI index (World Bank estimate),SI.POV.GINI,Antigua and Barbuda,ATG,..,..,..,..,..,..,..,..,..,..,..,..
GINI index (World Bank estimate),SI.POV.GINI,Argentina,ARG,..,51.1,46.3,44.5,43.9,43,42.3,41.2,41,41.4,..,42.4
GINI index (World Bank estimate),SI.POV.GINI,Armenia,ARM,..,..,31.2,29.2,28,30,29.4,29.6,30.6,31.5,32.4,32.5
GINI index (World Bank estimate),SI.POV.GINI,Aruba,ABW,..,..,..,..,..,..,..,..,..,..,..,..
GINI index (World Bank estimate),SI.POV.GINI,Australia,AUS,..,..,..,35.4,..,34.7,..,..,..,..,..,..
GINI index (World Bank estimate),SI.POV.GINI,Austria,AUT,..,..,30.6,30.4,31.5,30.3,30.8,30.5,30.8,30.5,30.5,..
GINI index (World Bank estimate),SI.POV.GINI,Azerbaijan,AZE,..,..,..,..,..,..,..,..,..,..,..,..
GINI index (World Bank estimate),SI.POV.GINI,"Bahamas, The",BHS,..,..,..,..,..,..,..,..,..,..,..,..
GINI index (World Bank estimate),SI.POV.GINI,Bahrain,BHR,..,..,..,..,..,..,..,..,..,..,..,..
GINI index (World Bank estimate),SI.POV.GINI,Bangladesh,BGD,..,33.4,..,..,..,32.1,..,..,..,..,..,32.4
GINI index (World Bank estimate),SI.POV.GINI,Barbados,BRB,..,..,..,..,..,..,..,..,..,..,..,..
GINI index (World Bank estimate),SI.POV.GINI,Belarus,BLR,..,31.2,29.6,27.8,27.7,28.6,27.2,26.5,26.6,27.2,26.7,27
GINI index (World Bank estimate),SI.POV.GINI,Belgium,BEL,..,..,29.2,28.4,28.5,28.4,28.1,27.5,27.7,28.1,27.7,..
GINI index (World Bank estimate),SI.POV.GINI,Belize,BLZ,..,..,..,..,..,..,..,..,..,..,..,..
GINI index (World Bank estimate),SI.POV.GINI,Benin,BEN,..,..,..,..,..,..,43.4,..,..,..,47.8,..
GINI index (World Bank estimate),SI.POV.GINI,Bermuda,BMU,..,..,..,..,..,..,..,..,..,..,..,..
GINI index (World Bank estimate),SI.POV.GINI,Bhutan,BTN,..,..,38.1,..,..,..,..,38.8,..,..,..,..
GINI index (World Bank estimate),SI.POV.GINI,Bolivia,BOL,42,61.6,54.5,50.8,49.2,..,46.1,46.6,47.6,47.8,46.7,44.6
GINI index (World Bank estimate),SI.POV.GINI,Bosnia and Herzegovina,BIH,..,..,33.1,..,..,..,33,..,..,..,32.7,..
GINI index (World Bank estimate),SI.POV.GINI,Botswana,BWA,..,..,..,..,60.5,..,..,..,..,..,..,..
GINI index (World Bank estimate),SI.POV.GINI,Brazil,BRA,60.5,..,54.9,54,53.7,..,52.9,52.6,52.8,51.5,51.3,..
GINI index (World Bank estimate),SI.POV.GINI,British Virgin Islands,VGB,..,..,..,..,..,..,..,..,..,..,..,..
GINI index (World Bank estimate),SI.POV.GINI,Brunei Darussalam,BRN,..,..,..,..,..,..,..,..,..,..,..,..
GINI index (World Bank estimate),SI.POV.GINI,Bulgaria,BGR,..,..,36.1,33.6,33.8,35.7,34.3,36,36.6,37.4,..,..
GINI index (World Bank estimate),SI.POV.GINI,Burkina Faso,BFA,..,..,..,..,39.8,..,..,..,..,35.3,..,..
GINI index (World Bank estimate),SI.POV.GINI,Burundi,BDI,..,..,..,..,..,..,..,..,38.6,..,..,..
GINI index (World Bank estimate),SI.POV.GINI,Cabo Verde,CPV,..,..,47.2,..,..,..,..,..,..,..,..,..
GINI index (World Bank estimate),SI.POV.GINI,Cambodia,KHM,..,..,..,..,..,..,..,..,..,..,..,..
GINI index (World Bank estimate),SI.POV.GINI,Cameroon,CMR,..,..,42.8,..,..,..,..,..,..,46.6,..,..
GINI index (World Bank estimate),SI.POV.GINI,Canada,CAN,..,33.3,33.8,..,..,33.6,..,..,34,..,..,..
GINI index (World Bank estimate),SI.POV.GINI,Cayman Islands,CYM,..,..,..,..,..,..,..,..,..,..,..,..
GINI index (World Bank estimate),SI.POV.GINI,Central African Republic,CAF,..,..,..,56.2,..,..,..,..,..,..,..,..
GINI index (World Bank estimate),SI.POV.GINI,Chad,TCD,..,..,..,..,..,..,43.3,..,..,..,..,..
GINI index (World Bank estimate),SI.POV.GINI,Channel Islands,CHI,..,..,..,..,..,..,..,..,..,..,..,..
GINI index (World Bank estimate),SI.POV.GINI,Chile,CHL,57.2,52.8,..,..,49,..,47.6,..,47.3,..,47.7,..
GINI index (World Bank estimate),SI.POV.GINI,China,CHN,..,..,..,42.8,..,..,..,42.2,..,..,..,..
GINI index (World Bank estimate),SI.POV.GINI,Colombia,COL,..,58.7,..,55.4,54.5,54.8,53.6,52.9,52.9,52.8,51.1,50.8
GINI index (World Bank estimate),SI.POV.GINI,Comoros,COM,..,..,..,..,..,..,..,..,45.3,..,..,..
GINI index (World Bank estimate),SI.POV.GINI,"Congo, Dem. Rep.",COD,..,..,..,..,..,..,..,42.1,..,..,..,..
GINI index (World Bank estimate),SI.POV.GINI,"Congo, Rep.",COG,..,..,..,..,..,..,48.9,..,..,..,..,..
GINI index (World Bank estimate),SI.POV.GINI,Costa Rica,CRI,45.3,47.4,49.3,48.7,50.6,48.2,48.7,48.6,49.3,48.6,48.4,48.7
GINI index (World Bank estimate),SI.POV.GINI,Cote d'Ivoire,CIV,..,..,..,43.2,..,..,..,..,..,..,41.5,..
GINI index (World Bank estimate),SI.POV.GINI,Croatia,HRV,..,..,..,..,32.6,32.4,32.3,32.5,32,32.1,31.1,..
GINI index (World Bank estimate),SI.POV.GINI,Cuba,CUB,..,..,..,..,..,..,..,..,..,..,..,..
GINI index (World Bank estimate),SI.POV.GINI,Curacao,CUW,..,..,..,..,..,..,..,..,..,..,..,..
GINI index (World Bank estimate),SI.POV.GINI,Cyprus,CYP,..,..,31.1,31.7,32.1,31.5,32.6,34.3,37,35.6,34,..
GINI index (World Bank estimate),SI.POV.GINI,Czech Republic,CZE,..,..,26,26.3,26.2,26.6,26.4,26.1,26.5,25.9,25.9,..
GINI index (World Bank estimate),SI.POV.GINI,Denmark,DNK,..,..,26.2,25.2,26.7,27.2,27.3,27.8,28.5,28.4,28.2,..
GINI index (World Bank estimate),SI.POV.GINI,Djibouti,DJI,..,..,..,..,..,..,..,45.1,44.1,..,..,..
GINI index (World Bank estimate),SI.POV.GINI,Dominica,DMA,..,..,..,..,..,..,..,..,..,..,..,..
GINI index (World Bank estimate),SI.POV.GINI,Dominican Republic,DOM,..,52,48.6,47.8,48.5,46.9,47.4,45.6,47,44.1,44.7,45.3
GINI index (World Bank estimate),SI.POV.GINI,Ecuador,ECU,..,56.4,53.3,49.7,48.4,48.7,45.9,46.1,46.9,45,46,45
GINI index (World Bank estimate),SI.POV.GINI,"Egypt, Arab Rep.",EGY,32,..,..,31.1,..,31.5,..,29.8,..,..,31.8,..
GINI index (World Bank estimate),SI.POV.GINI,El Salvador,SLV,..,51.5,45.2,46.9,45.8,43.5,42.3,41.8,43.4,41.6,40.6,40
GINI index (World Bank estimate),SI.POV.GINI,Equatorial Guinea,GNQ,..,..,..,..,..,..,..,..,..,..,..,..
GINI index (World Bank estimate),SI.POV.GINI,Eritrea,ERI,..,..,..,..,..,..,..,..,..,..,..,..
GINI index (World Bank estimate),SI.POV.GINI,Estonia,EST,..,..,31.2,31.9,31.4,32,32.5,32.9,35.1,34.6,32.7,..
GINI index (World Bank estimate),SI.POV.GINI,Eswatini,SWZ,..,53.1,..,..,51.5,..,..,..,..,..,..,..
GINI index (World Bank estimate),SI.POV.GINI,Ethiopia,ETH,..,..,..,..,..,33.2,..,..,..,..,39.1,..
GINI index (World Bank estimate),SI.POV.GINI,Faroe Islands,FRO,..,..,..,..,..,..,..,..,..,..,..,..
GINI index (World Bank estimate),SI.POV.GINI,Fiji,FJI,..,..,..,40.4,..,..,..,..,36.7,..,..,..
GINI index (World Bank estimate),SI.POV.GINI,Finland,FIN,..,..,28.3,27.8,27.5,27.7,27.6,27.1,27.2,26.8,27.1,..
GINI index (World Bank estimate),SI.POV.GINI,France,FRA,..,..,32.4,33,32.7,33.7,33.3,33.1,32.5,32.3,32.7,..
GINI index (World Bank estimate),SI.POV.GINI,French Polynesia,PYF,..,..,..,..,..,..,..,..,..,..,..,..
GINI index (World Bank estimate),SI.POV.GINI,Gabon,GAB,..,..,..,..,..,..,..,..,..,..,..,..
GINI index (World Bank estimate),SI.POV.GINI,"Gambia, The",GMB,..,..,..,..,..,43.6,..,..,..,..,35.9,..
GINI index (World Bank estimate),SI.POV.GINI,Georgia,GEO,..,40.5,38.3,38.2,38.1,40.1,39.5,38.8,38.4,37.3,36.4,36.5
GINI index (World Bank estimate),SI.POV.GINI,Germany,DEU,..,28.8,31.3,..,..,30.2,30.5,..,31.1,..,31.7,..
GINI index (World Bank estimate),SI.POV.GINI,Ghana,GHA,..,..,..,..,..,..,..,42.4,..,..,..,..
GINI index (World Bank estimate),SI.POV.GINI,Gibraltar,GIB,..,..,..,..,..,..,..,..,..,..,..,..
GINI index (World Bank estimate),SI.POV.GINI,Greece,GRC,..,..,34,33.6,33.6,34.1,34.8,36.2,36.1,35.8,36,..
GINI index (World Bank estimate),SI.POV.GINI,Greenland,GRL,..,..,..,..,..,..,..,..,..,..,..,..
GINI index (World Bank estimate),SI.POV.GINI,Grenada,GRD,..,..,..,..,..,..,..,..,..,..,..,..
GINI index (World Bank estimate),SI.POV.GINI,Guam,GUM,..,..,..,..,..,..,..,..,..,..,..,..
GINI index (World Bank estimate),SI.POV.GINI,Guatemala,GTM,..,54.2,..,..,..,..,..,..,..,48.3,..,..
GINI index (World Bank estimate),SI.POV.GINI,Guinea,GIN,..,..,39.4,..,..,..,..,33.7,..,..,..,..
GINI index (World Bank estimate),SI.POV.GINI,Guinea-Bissau,GNB,..,..,..,..,..,50.7,..,..,..,..,..,..
GINI index (World Bank estimate),SI.POV.GINI,Guyana,GUY,..,..,..,..,..,..,..,..,..,..,..,..
GINI index (World Bank estimate),SI.POV.GINI,Haiti,HTI,..,..,..,..,..,..,..,41.1,..,..,..,..
GINI index (World Bank estimate),SI.POV.GINI,Honduras,HND,57.4,..,55.8,55.5,51.3,53.1,56.2,56.1,52.6,50.4,49.6,50
GINI index (World Bank estimate),SI.POV.GINI,"Hong Kong SAR, China",HKG,..,..,..,..,..,..,..,..,..,..,..,..
GINI index (World Bank estimate),SI.POV.GINI,Hungary,HUN,..,..,27.9,27.5,27,29.4,29.2,30.8,31.5,30.9,30.4,..
GINI index (World Bank estimate),SI.POV.GINI,Iceland,ISL,..,..,29.5,31.8,28.7,26.2,26.8,26.8,25.4,27.8,..,..
GINI index (World Bank estimate),SI.POV.GINI,India,IND,..,..,..,..,..,..,35.1,..,..,..,..,..
GINI index (World Bank estimate),SI.POV.GINI,Indonesia,IDN,..,..,..,..,..,..,..,..,39.5,..,..,..
GINI index (World Bank estimate),SI.POV.GINI,"Iran, Islamic Rep.",IRN,43.6,..,..,..,42.1,..,..,..,37.4,38.8,..,..
GINI index (World Bank estimate),SI.POV.GINI,Iraq,IRQ,..,..,..,..,..,..,..,29.5,..,..,..,..
GINI index (World Bank estimate),SI.POV.GINI,Ireland,IRL,..,..,31.9,30.9,32.7,32.3,32.9,33.2,33.5,31.9,31.8,..
GINI index (World Bank estimate),SI.POV.GINI,Isle of Man,IMN,..,..,..,..,..,..,..,..,..,..,..,..
GINI index (World Bank estimate),SI.POV.GINI,Israel,ISR,..,..,41,..,..,42.6,..,41.4,..,..,..,..
GINI index (World Bank estimate),SI.POV.GINI,Italy,ITA,..,..,32.9,33.8,33.8,34.7,35.1,35.2,34.9,34.7,35.4,..
GINI index (World Bank estimate),SI.POV.GINI,Jamaica,JAM,41.1,..,..,..,..,..,..,..,..,..,..,..
GINI index (World Bank estimate),SI.POV.GINI,Japan,JPN,..,..,..,32.1,..,..,..,..,..,..,..,..
GINI index (World Bank estimate),SI.POV.GINI,Jordan,JOR,..,..,..,32.6,..,33.7,..,..,..,..,..,..
GINI index (World Bank estimate),SI.POV.GINI,Kazakhstan,KAZ,..,..,30.1,28.5,28.2,28,28,28.1,27.1,27,26.9,..
GINI index (World Bank estimate),SI.POV.GINI,Kenya,KEN,..,..,..,..,..,..,..,..,..,..,40.8,..
GINI index (World Bank estimate),SI.POV.GINI,Kiribati,KIR,..,..,..,..,..,..,..,..,..,..,..,..
GINI index (World Bank estimate),SI.POV.GINI,"Korea, Dem. People�s Rep.",PRK,..,..,..,..,..,..,..,..,..,..,..,..
GINI index (World Bank estimate),SI.POV.GINI,"Korea, Rep.",KOR,..,..,..,32.3,..,32,..,31.6,..,..,..,..
GINI index (World Bank estimate),SI.POV.GINI,Kosovo,XKX,..,..,..,..,31.8,33.3,27.8,29,26.3,27.3,26.4,26.5
GINI index (World Bank estimate),SI.POV.GINI,Kuwait,KWT,..,..,..,..,..,..,..,..,..,..,..,..
GINI index (World Bank estimate),SI.POV.GINI,Kyrgyz Republic,KGZ,..,31,33.9,31.5,29.9,30.1,27.8,27.4,28.8,26.8,29,26.8
GINI index (World Bank estimate),SI.POV.GINI,Lao PDR,LAO,..,..,35.4,..,..,..,..,36.4,..,..,..,..
GINI index (World Bank estimate),SI.POV.GINI,Latvia,LVA,..,..,37.5,37.2,35.9,35,35.8,35.2,35.5,35.1,34.2,..
GINI index (World Bank estimate),SI.POV.GINI,Lebanon,LBN,..,..,..,..,..,..,31.8,..,..,..,..,..
GINI index (World Bank estimate),SI.POV.GINI,Lesotho,LSO,..,..,..,..,..,54.2,..,..,..,..,..,..
GINI index (World Bank estimate),SI.POV.GINI,Liberia,LBR,..,..,36.5,..,..,..,..,..,..,33.2,..,..
GINI index (World Bank estimate),SI.POV.GINI,Libya,LBY,..,..,..,..,..,..,..,..,..,..,..,..
GINI index (World Bank estimate),SI.POV.GINI,Liechtenstein,LIE,..,..,..,..,..,..,..,..,..,..,..,..
GINI index (World Bank estimate),SI.POV.GINI,Lithuania,LTU,..,..,34.8,35.7,37.2,33.6,32.5,35.1,35.3,37.7,37.4,..
GINI index (World Bank estimate),SI.POV.GINI,Luxembourg,LUX,..,..,31.1,32.6,31.2,30.5,32.1,34.3,32,31.2,33.8,..
GINI index (World Bank estimate),SI.POV.GINI,"Macao SAR, China",MAC,..,..,..,..,..,..,..,..,..,..,..,..
GINI index (World Bank estimate),SI.POV.GINI,"Macedonia, FYR",MKD,..,..,..,..,42.8,40.2,40.1,38.5,36.9,35.6,..,..
GINI index (World Bank estimate),SI.POV.GINI,Madagascar,MDG,..,..,..,..,..,42.4,..,42.6,..,..,..,..
GINI index (World Bank estimate),SI.POV.GINI,Malawi,MWI,..,..,..,..,..,45.5,..,..,..,..,..,..
GINI index (World Bank estimate),SI.POV.GINI,Malaysia,MYS,..,..,46.1,45.5,..,..,43.9,..,41.3,..,41,..
GINI index (World Bank estimate),SI.POV.GINI,Maldives,MDV,..,..,..,..,38.4,..,..,..,..,..,..,..
GINI index (World Bank estimate),SI.POV.GINI,Mali,MLI,..,..,..,..,33,..,..,..,..,..,..,..
GINI index (World Bank estimate),SI.POV.GINI,Malta,MLT,..,..,29.2,29,30.2,29,29.1,29.4,28.8,29,29.4,..
GINI index (World Bank estimate),SI.POV.GINI,Marshall Islands,MHL,..,..,..,..,..,..,..,..,..,..,..,..
GINI index (World Bank estimate),SI.POV.GINI,Mauritania,MRT,..,39,..,35.7,..,..,..,..,..,32.6,..,..
GINI index (World Bank estimate),SI.POV.GINI,Mauritius,MUS,..,..,..,..,..,..,..,35.8,..,..,..,..
GINI index (World Bank estimate),SI.POV.GINI,Mexico,MEX,..,51.4,..,44.6,..,45.3,..,45.4,..,45.8,..,43.4
GINI index (World Bank estimate),SI.POV.GINI,"Micronesia, Fed. Sts.",FSM,..,..,..,..,..,..,..,..,40.1,..,..,..
GINI index (World Bank estimate),SI.POV.GINI,Moldova,MDA,..,36.4,34.4,34.7,32.9,32.1,30.6,29.2,28.5,26.8,27,26.3
GINI index (World Bank estimate),SI.POV.GINI,Monaco,MCO,..,..,..,..,..,..,..,..,..,..,..,..
GINI index (World Bank estimate),SI.POV.GINI,Mongolia,MNG,..,..,35.8,..,..,33.1,33.9,33.8,..,32,..,32.3
GINI index (World Bank estimate),SI.POV.GINI,Montenegro,MNE,..,..,31.4,30.5,31,28.9,30.8,32.3,32.4,31.9,..,..
GINI index (World Bank estimate),SI.POV.GINI,Morocco,MAR,39.2,40.6,..,..,..,..,..,..,39.5,..,..,..
GINI index (World Bank estimate),SI.POV.GINI,Mozambique,MOZ,..,..,..,45.6,..,..,..,..,..,54,..,..
GINI index (World Bank estimate),SI.POV.GINI,Myanmar,MMR,..,..,..,..,..,..,..,..,..,..,38.1,..
GINI index (World Bank estimate),SI.POV.GINI,Namibia,NAM,..,..,..,..,61,..,..,..,..,..,59.1,..
GINI index (World Bank estimate),SI.POV.GINI,Nauru,NRU,..,..,..,..,..,..,..,..,..,..,..,..
GINI index (World Bank estimate),SI.POV.GINI,Nepal,NPL,..,..,..,..,..,32.8,..,..,..,..,..,..
GINI index (World Bank estimate),SI.POV.GINI,Netherlands,NLD,..,..,29.6,29.3,27.9,27.8,27.7,27.6,28.1,28.6,28.2,..
GINI index (World Bank estimate),SI.POV.GINI,New Caledonia,NCL,..,..,..,..,..,..,..,..,..,..,..,..
GINI index (World Bank estimate),SI.POV.GINI,New Zealand,NZL,..,..,..,..,..,..,..,..,..,..,..,..
GINI index (World Bank estimate),SI.POV.GINI,Nicaragua,NIC,..,..,..,..,43.9,..,..,..,..,46.2,..,..
GINI index (World Bank estimate),SI.POV.GINI,Niger,NER,..,..,37.3,..,..,..,31.5,..,..,34.3,..,..
GINI index (World Bank estimate),SI.POV.GINI,Nigeria,NGA,..,..,..,..,43,..,..,..,..,..,..,..
GINI index (World Bank estimate),SI.POV.GINI,Northern Mariana Islands,MNP,..,..,..,..,..,..,..,..,..,..,..,..
GINI index (World Bank estimate),SI.POV.GINI,Norway,NOR,..,..,27.1,27,26.2,25.7,25.3,25.7,26.4,26.8,27.5,..
GINI index (World Bank estimate),SI.POV.GINI,Oman,OMN,..,..,..,..,..,..,..,..,..,..,..,..
GINI index (World Bank estimate),SI.POV.GINI,Pakistan,PAK,33.2,..,31.6,..,..,29.8,30.9,..,30.7,..,33.5,..
GINI index (World Bank estimate),SI.POV.GINI,Palau,PLW,..,..,..,..,..,..,..,..,..,..,..,..
GINI index (World Bank estimate),SI.POV.GINI,Panama,PAN,..,56.8,52.8,53.4,51.9,51.7,51.4,51.8,51.5,50.6,50.8,50.4
GINI index (World Bank estimate),SI.POV.GINI,Papua New Guinea,PNG,..,..,..,..,41.9,..,..,..,..,..,..,..
GINI index (World Bank estimate),SI.POV.GINI,Paraguay,PRY,40.8,..,53,50.7,49.1,51,52.3,47.6,47.9,50.7,47.6,47.9
GINI index (World Bank estimate),SI.POV.GINI,Peru,PER,..,49.4,50.4,47.8,47.3,45.7,44.9,44.7,44.1,43.4,43.5,43.8
GINI index (World Bank estimate),SI.POV.GINI,Philippines,PHL,..,..,..,..,..,..,..,..,..,..,..,..
GINI index (World Bank estimate),SI.POV.GINI,Poland,POL,..,..,..,..,..,..,..,..,..,..,..,..
GINI index (World Bank estimate),SI.POV.GINI,Portugal,PRT,..,..,36.7,36.6,34.9,35.8,36.3,36,36.2,35.6,35.5,..
GINI index (World Bank estimate),SI.POV.GINI,Puerto Rico,PRI,..,..,..,..,..,..,..,..,..,..,..,..
GINI index (World Bank estimate),SI.POV.GINI,Qatar,QAT,..,..,..,..,..,..,..,..,..,..,..,..
GINI index (World Bank estimate),SI.POV.GINI,Romania,ROU,..,..,37.5,36.4,35.6,35.5,35.9,36.5,36.9,36,35.9,..
GINI index (World Bank estimate),SI.POV.GINI,Russian Federation,RUS,..,37.1,42.3,41.6,39.8,39.5,39.7,40.7,40.9,39.9,37.7,..
GINI index (World Bank estimate),SI.POV.GINI,Rwanda,RWA,..,48.5,..,..,..,47.2,..,..,45.1,..,..,..
GINI index (World Bank estimate),SI.POV.GINI,Samoa,WSM,..,..,..,42,..,..,..,..,..,..,..,..
GINI index (World Bank estimate),SI.POV.GINI,San Marino,SMR,..,..,..,..,..,..,..,..,..,..,..,..
GINI index (World Bank estimate),SI.POV.GINI,Sao Tome and Principe,STP,..,32.1,..,..,..,30.8,..,..,..,..,..,..
GINI index (World Bank estimate),SI.POV.GINI,Saudi Arabia,SAU,..,..,..,..,..,..,..,..,..,..,..,..
GINI index (World Bank estimate),SI.POV.GINI,Senegal,SEN,..,..,..,..,..,..,40.3,..,..,..,..,..
GINI index (World Bank estimate),SI.POV.GINI,Serbia,SRB,..,..,..,..,..,..,..,..,..,..,..,..
GINI index (World Bank estimate),SI.POV.GINI,Seychelles,SYC,..,..,..,..,..,..,..,..,46.8,..,..,..
GINI index (World Bank estimate),SI.POV.GINI,Sierra Leone,SLE,..,..,..,..,..,..,34,..,..,..,..,..
GINI index (World Bank estimate),SI.POV.GINI,Singapore,SGP,..,..,..,..,..,..,..,..,..,..,..,..
GINI index (World Bank estimate),SI.POV.GINI,Sint Maarten (Dutch part),SXM,..,..,..,..,..,..,..,..,..,..,..,..
GINI index (World Bank estimate),SI.POV.GINI,Slovak Republic,SVK,..,..,24.7,26,27.2,27.3,26.5,26.1,28.1,26.1,26.5,..
GINI index (World Bank estimate),SI.POV.GINI,Slovenia,SVN,..,..,24.4,23.7,24.8,24.9,24.9,25.6,26.2,25.7,25.4,..
GINI index (World Bank estimate),SI.POV.GINI,Solomon Islands,SLB,..,..,..,..,..,..,..,..,37.1,..,..,..
GINI index (World Bank estimate),SI.POV.GINI,Somalia,SOM,..,..,..,..,..,..,..,..,..,..,..,..
GINI index (World Bank estimate),SI.POV.GINI,South Africa,ZAF,..,57.8,..,63,..,63.4,..,..,..,63,..,..
GINI index (World Bank estimate),SI.POV.GINI,South Sudan,SSD,..,..,..,..,46.3,..,..,..,..,..,..,..
GINI index (World Bank estimate),SI.POV.GINI,Spain,ESP,..,..,34.1,34.2,34.9,35.2,35.7,35.4,36.2,36.1,36.2,..
GINI index (World Bank estimate),SI.POV.GINI,Sri Lanka,LKA,32.4,..,..,..,36.4,..,..,39.2,..,..,..,39.8
GINI index (World Bank estimate),SI.POV.GINI,St. Kitts and Nevis,KNA,..,..,..,..,..,..,..,..,..,..,..,..
GINI index (World Bank estimate),SI.POV.GINI,St. Lucia,LCA,..,..,..,..,..,..,..,..,..,..,..,..
GINI index (World Bank estimate),SI.POV.GINI,St. Martin (French part),MAF,..,..,..,..,..,..,..,..,..,..,..,..
GINI index (World Bank estimate),SI.POV.GINI,St. Vincent and the Grenadines,VCT,..,..,..,..,..,..,..,..,..,..,..,..
GINI index (World Bank estimate),SI.POV.GINI,Sudan,SDN,..,..,..,..,35.4,..,..,..,..,..,..,..
GINI index (World Bank estimate),SI.POV.GINI,Suriname,SUR,..,..,..,..,..,..,..,..,..,..,..,..
GINI index (World Bank estimate),SI.POV.GINI,Sweden,SWE,..,..,27.1,28.1,27.3,27.7,27.6,27.6,28.8,28.4,29.2,..
GINI index (World Bank estimate),SI.POV.GINI,Switzerland,CHE,..,..,34.3,33.8,32.9,32.6,31.7,31.6,32.5,32.5,32.3,..
GINI index (World Bank estimate),SI.POV.GINI,Syrian Arab Republic,SYR,..,..,..,..,..,..,..,..,..,..,..,..
GINI index (World Bank estimate),SI.POV.GINI,Tajikistan,TJK,..,..,32.2,..,30.8,..,..,..,..,..,34,..
GINI index (World Bank estimate),SI.POV.GINI,Tanzania,TZA,..,37.3,40.3,..,..,..,37.8,..,..,..,..,..
GINI index (World Bank estimate),SI.POV.GINI,Thailand,THA,45.3,42.8,39.8,40.3,39.6,39.4,37.5,39.3,37.8,37,36,..
GINI index (World Bank estimate),SI.POV.GINI,Timor-Leste,TLS,..,..,27.8,..,..,..,..,..,..,28.7,..,..
GINI index (World Bank estimate),SI.POV.GINI,Togo,TGO,..,..,..,..,..,..,46,..,..,..,43.1,..
GINI index (World Bank estimate),SI.POV.GINI,Tonga,TON,..,..,..,..,37.5,..,..,..,..,..,..,..
GINI index (World Bank estimate),SI.POV.GINI,Trinidad and Tobago,TTO,..,..,..,..,..,..,..,..,..,..,..,..
GINI index (World Bank estimate),SI.POV.GINI,Tunisia,TUN,40.2,40.8,..,..,..,35.8,..,..,..,..,..,..
GINI index (World Bank estimate),SI.POV.GINI,Turkey,TUR,..,..,38.4,39,39,38.8,40,40.2,40.2,41.2,42.9,41.9
GINI index (World Bank estimate),SI.POV.GINI,Turkmenistan,TKM,..,..,..,..,..,..,..,..,..,..,..,..
GINI index (World Bank estimate),SI.POV.GINI,Turks and Caicos Islands,TCA,..,..,..,..,..,..,..,..,..,..,..,..
GINI index (World Bank estimate),SI.POV.GINI,Tuvalu,TUV,..,..,..,..,..,39.1,..,..,..,..,..,..
GINI index (World Bank estimate),SI.POV.GINI,Uganda,UGA,..,..,..,..,44.2,..,..,41,..,..,..,42.8
GINI index (World Bank estimate),SI.POV.GINI,Ukraine,UKR,..,..,27,26.6,25.3,24.8,24.6,24.7,24.6,24,25.5,25
GINI index (World Bank estimate),SI.POV.GINI,United Arab Emirates,ARE,..,..,..,..,..,..,..,..,..,..,..,..
GINI index (World Bank estimate),SI.POV.GINI,United Kingdom,GBR,..,..,35.7,34.1,34.3,34.4,33.2,32.3,33.2,34,33.2,..
GINI index (World Bank estimate),SI.POV.GINI,United States,USA,..,40.4,41.1,..,..,40.4,..,..,41,..,..,41.5
GINI index (World Bank estimate),SI.POV.GINI,Uruguay,URY,..,..,46.4,45.1,45.6,44.5,42.2,39.9,40.5,40.1,40.2,39.7
GINI index (World Bank estimate),SI.POV.GINI,Uzbekistan,UZB,..,36.1,..,..,..,..,..,..,..,..,..,..
GINI index (World Bank estimate),SI.POV.GINI,Vanuatu,VUT,..,..,..,..,..,37.6,..,..,..,..,..,..
GINI index (World Bank estimate),SI.POV.GINI,"Venezuela, RB",VEN,..,..,..,..,..,..,..,..,..,..,..,..
GINI index (World Bank estimate),SI.POV.GINI,Vietnam,VNM,..,..,..,35.6,..,39.3,..,35.6,..,34.8,..,35.3
GINI index (World Bank estimate),SI.POV.GINI,Virgin Islands (U.S.),VIR,..,..,..,..,..,..,..,..,..,..,..,..
GINI index (World Bank estimate),SI.POV.GINI,West Bank and Gaza,PSE,..,..,35.6,..,34.5,35.3,34.4,..,..,..,..,33.7
GINI index (World Bank estimate),SI.POV.GINI,"Yemen, Rep.",YEM,..,..,..,..,..,..,..,..,..,36.7,..,..
GINI index (World Bank estimate),SI.POV.GINI,Zambia,ZMB,..,..,..,..,..,55.6,..,..,..,..,57.1,..
GINI index (World Bank estimate),SI.POV.GINI,Zimbabwe,ZWE,..,..,..,..,..,..,43.2,..,..,..,..,..
,,,,,,,,,,,,,,,
,,,,,,,,,,,,,,,
,,,,,,,,,,,,,,,
Data from database: Jobs,,,,,,,,,,,,,,,
Last Updated: 06/29/2022,,,,,,,,,,,,,,,
Code,License Type,Indicator Name,Long definition,Source,Topic,Unit of measure,Periodicity,Limitations and exceptions,General comments
SI.POV.GINI,CC BY-4.0,GINI index (World Bank estimate),"Gini index measures the extent to which the distribution of income (or, in some cases, consumption expenditure) among individuals or households within an economy deviates from a perfectly equal distribution. A Lorenz curve plots the cumulative percentages of total income received against the cumulative number of recipients, starting with the poorest individual or household. The Gini index measures the area between the Lorenz curve and a hypothetical line of absolute equality, expressed as a percentage of the maximum area under the line. Thus a Gini index of 0 represents perfect equality, while an index of 100 implies perfect inequality.","World Bank, Development Research Group. Data are based on primary household survey data obtained from government statistical agencies and World Bank country departments. For more information and methodology, please see PovcalNet (http://iresearch.worldbank.org/PovcalNet/index.htm).",Poverty: Income distribution,%,Annual,"Gini coefficients are not unique. It is possible for two different Lorenz curves to give rise to the same Gini coefficient. Furthermore it is possible for the Gini coefficient of a developing country to rise (due to increasing inequality of income) while the number of people in absolute poverty decreases. This is because the Gini coefficient measures relative, not absolute, wealth.

Another limitation of the Gini coefficient is that it is not additive across groups, i.e. the total Gini of a society is not equal to the sum of the Gini's for its sub-groups. Thus, country-level Gini coefficients cannot be aggregated into regional or global Gini's, although a Gini coefficient can be computed for the aggregate.

Because the underlying household surveys differ in methods and types of welfare measures collected, data are not strictly comparable across countries or even across years within a country. Two sources of non-comparability should be noted for distributions of income in particular. First, the surveys can differ in many respects, including whether they use income or consumption expenditure as the living standard indicator. The distribution of income is typically more unequal than the distribution of consumption. In addition, the definitions of income used differ more often among surveys. Consumption is usually a much better welfare indicator, particularly in developing countries. Second, households differ in size (number of members) and in the extent of income sharing among members. And individuals differ in age and consumption needs. Differences among countries in these respects may bias comparisons of distribution. 

World Bank staff have made an effort to ensure that the data are as comparable as possible. Wherever possible, consumption has been used rather than income. Income distribution and Gini indexes for high-income economies are calculated directly from the Luxembourg Income Study database, using an estimation method consistent with that applied for developing countries.","The World Bank�s internationally comparable poverty monitoring database now draws on income or detailed consumption data from more than one thousand six hundred household surveys across 164 countries in six regions and 25 other high income countries (industrialized economies). While income distribution data are published for all countries with data available, poverty data are published for low- and middle-income countries and countries eligible to receive loans from the World Bank (such as Chile) and recently graduated countries (such as Estonia) only. See PovcalNet (http://iresearch.worldbank.org/PovcalNet/WhatIsNew.aspx) for definitions of geographical regions and industrialized countries."
