Series Name,"Series Code","Country Name","Country Code","1990 [YR1990]","2000 [YR2000]","2007 [YR2007]","2008 [YR2008]","2009 [YR2009]","2010 [YR2010]","2011 [YR2011]","2012 [YR2012]","2013 [YR2013]","2014 [YR2014]","2015 [YR2015]","2016 [YR2016]"
Ease of doing business index (1=most business-friendly regulations),"IC.BUS.EASE.XQ","Arab World","ARB","NA","NA","NA","NA","NA","NA","NA","NA","NA","NA","NA","NA"
Ease of doing business index (1=most business-friendly regulations),"IC.BUS.EASE.XQ","East Asia & Pacific","EAS","NA","NA","NA","NA","NA","NA","NA","NA","NA","NA","NA","NA"
Ease of doing business index (1=most business-friendly regulations),"IC.BUS.EASE.XQ","East Asia & Pacific (excluding high income)","EAP","NA","NA","NA","NA","NA","NA","NA","NA","NA","NA","NA","NA"
Ease of doing business index (1=most business-friendly regulations),"IC.BUS.EASE.XQ","Euro area","EMU","NA","NA","NA","NA","NA","NA","NA","NA","NA","NA","NA","NA"
Ease of doing business index (1=most business-friendly regulations),"IC.BUS.EASE.XQ","Europe & Central Asia","ECS","NA","NA","NA","NA","NA","NA","NA","NA","NA","NA","NA","NA"
Ease of doing business index (1=most business-friendly regulations),"IC.BUS.EASE.XQ","Europe & Central Asia (excluding high income)","ECA","NA","NA","NA","NA","NA","NA","NA","NA","NA","NA","NA","NA"
Ease of doing business index (1=most business-friendly regulations),"IC.BUS.EASE.XQ","European Union","EUU","NA","NA","NA","NA","NA","NA","NA","NA","NA","NA","NA","NA"
Ease of doing business index (1=most business-friendly regulations),"IC.BUS.EASE.XQ","Heavily indebted poor countries (HIPC)","HPC","NA","NA","NA","NA","NA","NA","NA","NA","NA","NA","NA","NA"
Ease of doing business index (1=most business-friendly regulations),"IC.BUS.EASE.XQ","High income","HIC","NA","NA","NA","NA","NA","NA","NA","NA","NA","NA","NA","NA"
Ease of doing business index (1=most business-friendly regulations),"IC.BUS.EASE.XQ","Latin America & Caribbean","LCN","NA","NA","NA","NA","NA","NA","NA","NA","NA","NA","NA","NA"
Ease of doing business index (1=most business-friendly regulations),"IC.BUS.EASE.XQ","Latin America & Caribbean (excluding high income)","LAC","NA","NA","NA","NA","NA","NA","NA","NA","NA","NA","NA","NA"
Ease of doing business index (1=most business-friendly regulations),"IC.BUS.EASE.XQ","Least developed countries: UN classification","LDC","NA","NA","NA","NA","NA","NA","NA","NA","NA","NA","NA","NA"
Ease of doing business index (1=most business-friendly regulations),"IC.BUS.EASE.XQ","Low & middle income","LMY","NA","NA","NA","NA","NA","NA","NA","NA","NA","NA","NA","NA"
Ease of doing business index (1=most business-friendly regulations),"IC.BUS.EASE.XQ","Low income","LIC","NA","NA","NA","NA","NA","NA","NA","NA","NA","NA","NA","NA"
Ease of doing business index (1=most business-friendly regulations),"IC.BUS.EASE.XQ","Lower middle income","LMC","NA","NA","NA","NA","NA","NA","NA","NA","NA","NA","NA","NA"
Ease of doing business index (1=most business-friendly regulations),"IC.BUS.EASE.XQ","Middle East & North Africa","MEA","NA","NA","NA","NA","NA","NA","NA","NA","NA","NA","NA","NA"
Ease of doing business index (1=most business-friendly regulations),"IC.BUS.EASE.XQ","Middle East & North Africa (excluding high income)","MNA","NA","NA","NA","NA","NA","NA","NA","NA","NA","NA","NA","NA"
Ease of doing business index (1=most business-friendly regulations),"IC.BUS.EASE.XQ","Middle income","MIC","NA","NA","NA","NA","NA","NA","NA","NA","NA","NA","NA","NA"
Ease of doing business index (1=most business-friendly regulations),"IC.BUS.EASE.XQ","North America","NAC","NA","NA","NA","NA","NA","NA","NA","NA","NA","NA","NA","NA"
Ease of doing business index (1=most business-friendly regulations),"IC.BUS.EASE.XQ","OECD members","OED","NA","NA","NA","NA","NA","NA","NA","NA","NA","NA","NA","NA"
Ease of doing business index (1=most business-friendly regulations),"IC.BUS.EASE.XQ","South Asia","SAS","NA","NA","NA","NA","NA","NA","NA","NA","NA","NA","NA","NA"
Ease of doing business index (1=most business-friendly regulations),"IC.BUS.EASE.XQ","Sub-Saharan Africa","SSF","NA","NA","NA","NA","NA","NA","NA","NA","NA","NA","NA","NA"
Ease of doing business index (1=most business-friendly regulations),"IC.BUS.EASE.XQ","Sub-Saharan Africa (excluding high income)","SSA","NA","NA","NA","NA","NA","NA","NA","NA","NA","NA","NA","NA"
Ease of doing business index (1=most business-friendly regulations),"IC.BUS.EASE.XQ","Upper middle income","UMC","NA","NA","NA","NA","NA","NA","NA","NA","NA","NA","NA","NA"
Ease of doing business index (1=most business-friendly regulations),"IC.BUS.EASE.XQ","World","WLD","NA","NA","NA","NA","NA","NA","NA","NA","NA","NA","NA","NA"
Ease of doing business index (1=most business-friendly regulations),"IC.BUS.EASE.XQ","Afghanistan","AFG","NA","NA","NA","NA","NA","NA","NA","NA","NA","NA","NA","NA"
Ease of doing business index (1=most business-friendly regulations),"IC.BUS.EASE.XQ","Albania","ALB","NA","NA","NA","NA","NA","NA","NA","NA","NA","NA","NA","NA"
Ease of doing business index (1=most business-friendly regulations),"IC.BUS.EASE.XQ","Algeria","DZA","NA","NA","NA","NA","NA","NA","NA","NA","NA","NA","NA","NA"
Ease of doing business index (1=most business-friendly regulations),"IC.BUS.EASE.XQ","American Samoa","ASM","NA","NA","NA","NA","NA","NA","NA","NA","NA","NA","NA","NA"
Ease of doing business index (1=most business-friendly regulations),"IC.BUS.EASE.XQ","Andorra","AND","NA","NA","NA","NA","NA","NA","NA","NA","NA","NA","NA","NA"
Ease of doing business index (1=most business-friendly regulations),"IC.BUS.EASE.XQ","Angola","AGO","NA","NA","NA","NA","NA","NA","NA","NA","NA","NA","NA","NA"
Ease of doing business index (1=most business-friendly regulations),"IC.BUS.EASE.XQ","Antigua and Barbuda","ATG","NA","NA","NA","NA","NA","NA","NA","NA","NA","NA","NA","NA"
Ease of doing business index (1=most business-friendly regulations),"IC.BUS.EASE.XQ","Argentina","ARG","NA","NA","NA","NA","NA","NA","NA","NA","NA","NA","NA","NA"
Ease of doing business index (1=most business-friendly regulations),"IC.BUS.EASE.XQ","Armenia","ARM","NA","NA","NA","NA","NA","NA","NA","NA","NA","NA","NA","NA"
Ease of doing business index (1=most business-friendly regulations),"IC.BUS.EASE.XQ","Aruba","ABW","NA","NA","NA","NA","NA","NA","NA","NA","NA","NA","NA","NA"
Ease of doing business index (1=most business-friendly regulations),"IC.BUS.EASE.XQ","Australia","AUS","NA","NA","NA","NA","NA","NA","NA","NA","NA","NA","NA","NA"
Ease of doing business index (1=most business-friendly regulations),"IC.BUS.EASE.XQ","Austria","AUT","NA","NA","NA","NA","NA","NA","NA","NA","NA","NA","NA","NA"
Ease of doing business index (1=most business-friendly regulations),"IC.BUS.EASE.XQ","Azerbaijan","AZE","NA","NA","NA","NA","NA","NA","NA","NA","NA","NA","NA","NA"
Ease of doing business index (1=most business-friendly regulations),"IC.BUS.EASE.XQ","Bahamas, The","BHS","NA","NA","NA","NA","NA","NA","NA","NA","NA","NA","NA","NA"
Ease of doing business index (1=most business-friendly regulations),"IC.BUS.EASE.XQ","Bahrain","BHR","NA","NA","NA","NA","NA","NA","NA","NA","NA","NA","NA","NA"
Ease of doing business index (1=most business-friendly regulations),"IC.BUS.EASE.XQ","Bangladesh","BGD","NA","NA","NA","NA","NA","NA","NA","NA","NA","NA","NA","NA"
Ease of doing business index (1=most business-friendly regulations),"IC.BUS.EASE.XQ","Barbados","BRB","NA","NA","NA","NA","NA","NA","NA","NA","NA","NA","NA","NA"
Ease of doing business index (1=most business-friendly regulations),"IC.BUS.EASE.XQ","Belarus","BLR","NA","NA","NA","NA","NA","NA","NA","NA","NA","NA","NA","NA"
Ease of doing business index (1=most business-friendly regulations),"IC.BUS.EASE.XQ","Belgium","BEL","NA","NA","NA","NA","NA","NA","NA","NA","NA","NA","NA","NA"
Ease of doing business index (1=most business-friendly regulations),"IC.BUS.EASE.XQ","Belize","BLZ","NA","NA","NA","NA","NA","NA","NA","NA","NA","NA","NA","NA"
Ease of doing business index (1=most business-friendly regulations),"IC.BUS.EASE.XQ","Benin","BEN","NA","NA","NA","NA","NA","NA","NA","NA","NA","NA","NA","NA"
Ease of doing business index (1=most business-friendly regulations),"IC.BUS.EASE.XQ","Bermuda","BMU","NA","NA","NA","NA","NA","NA","NA","NA","NA","NA","NA","NA"
Ease of doing business index (1=most business-friendly regulations),"IC.BUS.EASE.XQ","Bhutan","BTN","NA","NA","NA","NA","NA","NA","NA","NA","NA","NA","NA","NA"
Ease of doing business index (1=most business-friendly regulations),"IC.BUS.EASE.XQ","Bolivia","BOL","NA","NA","NA","NA","NA","NA","NA","NA","NA","NA","NA","NA"
Ease of doing business index (1=most business-friendly regulations),"IC.BUS.EASE.XQ","Bosnia and Herzegovina","BIH","NA","NA","NA","NA","NA","NA","NA","NA","NA","NA","NA","NA"
Ease of doing business index (1=most business-friendly regulations),"IC.BUS.EASE.XQ","Botswana","BWA","NA","NA","NA","NA","NA","NA","NA","NA","NA","NA","NA","NA"
Ease of doing business index (1=most business-friendly regulations),"IC.BUS.EASE.XQ","Brazil","BRA","NA","NA","NA","NA","NA","NA","NA","NA","NA","NA","NA","NA"
Ease of doing business index (1=most business-friendly regulations),"IC.BUS.EASE.XQ","British Virgin Islands","VGB","NA","NA","NA","NA","NA","NA","NA","NA","NA","NA","NA","NA"
Ease of doing business index (1=most business-friendly regulations),"IC.BUS.EASE.XQ","Brunei Darussalam","BRN","NA","NA","NA","NA","NA","NA","NA","NA","NA","NA","NA","NA"
Ease of doing business index (1=most business-friendly regulations),"IC.BUS.EASE.XQ","Bulgaria","BGR","NA","NA","NA","NA","NA","NA","NA","NA","NA","NA","NA","NA"
Ease of doing business index (1=most business-friendly regulations),"IC.BUS.EASE.XQ","Burkina Faso","BFA","NA","NA","NA","NA","NA","NA","NA","NA","NA","NA","NA","NA"
Ease of doing business index (1=most business-friendly regulations),"IC.BUS.EASE.XQ","Burundi","BDI","NA","NA","NA","NA","NA","NA","NA","NA","NA","NA","NA","NA"
Ease of doing business index (1=most business-friendly regulations),"IC.BUS.EASE.XQ","Cabo Verde","CPV","NA","NA","NA","NA","NA","NA","NA","NA","NA","NA","NA","NA"
Ease of doing business index (1=most business-friendly regulations),"IC.BUS.EASE.XQ","Cambodia","KHM","NA","NA","NA","NA","NA","NA","NA","NA","NA","NA","NA","NA"
Ease of doing business index (1=most business-friendly regulations),"IC.BUS.EASE.XQ","Cameroon","CMR","NA","NA","NA","NA","NA","NA","NA","NA","NA","NA","NA","NA"
Ease of doing business index (1=most business-friendly regulations),"IC.BUS.EASE.XQ","Canada","CAN","NA","NA","NA","NA","NA","NA","NA","NA","NA","NA","NA","NA"
Ease of doing business index (1=most business-friendly regulations),"IC.BUS.EASE.XQ","Cayman Islands","CYM","NA","NA","NA","NA","NA","NA","NA","NA","NA","NA","NA","NA"
Ease of doing business index (1=most business-friendly regulations),"IC.BUS.EASE.XQ","Central African Republic","CAF","NA","NA","NA","NA","NA","NA","NA","NA","NA","NA","NA","NA"
Ease of doing business index (1=most business-friendly regulations),"IC.BUS.EASE.XQ","Chad","TCD","NA","NA","NA","NA","NA","NA","NA","NA","NA","NA","NA","NA"
Ease of doing business index (1=most business-friendly regulations),"IC.BUS.EASE.XQ","Channel Islands","CHI","NA","NA","NA","NA","NA","NA","NA","NA","NA","NA","NA","NA"
Ease of doing business index (1=most business-friendly regulations),"IC.BUS.EASE.XQ","Chile","CHL","NA","NA","NA","NA","NA","NA","NA","NA","NA","NA","NA","NA"
Ease of doing business index (1=most business-friendly regulations),"IC.BUS.EASE.XQ","China","CHN","NA","NA","NA","NA","NA","NA","NA","NA","NA","NA","NA","NA"
Ease of doing business index (1=most business-friendly regulations),"IC.BUS.EASE.XQ","Colombia","COL","NA","NA","NA","NA","NA","NA","NA","NA","NA","NA","NA","NA"
Ease of doing business index (1=most business-friendly regulations),"IC.BUS.EASE.XQ","Comoros","COM","NA","NA","NA","NA","NA","NA","NA","NA","NA","NA","NA","NA"
Ease of doing business index (1=most business-friendly regulations),"IC.BUS.EASE.XQ","Congo, Dem. Rep.","COD","NA","NA","NA","NA","NA","NA","NA","NA","NA","NA","NA","NA"
Ease of doing business index (1=most business-friendly regulations),"IC.BUS.EASE.XQ","Congo, Rep.","COG","NA","NA","NA","NA","NA","NA","NA","NA","NA","NA","NA","NA"
Ease of doing business index (1=most business-friendly regulations),"IC.BUS.EASE.XQ","Costa Rica","CRI","NA","NA","NA","NA","NA","NA","NA","NA","NA","NA","NA","NA"
Ease of doing business index (1=most business-friendly regulations),"IC.BUS.EASE.XQ","Cote d'Ivoire","CIV","NA","NA","NA","NA","NA","NA","NA","NA","NA","NA","NA","NA"
Ease of doing business index (1=most business-friendly regulations),"IC.BUS.EASE.XQ","Croatia","HRV","NA","NA","NA","NA","NA","NA","NA","NA","NA","NA","NA","NA"
Ease of doing business index (1=most business-friendly regulations),"IC.BUS.EASE.XQ","Cuba","CUB","NA","NA","NA","NA","NA","NA","NA","NA","NA","NA","NA","NA"
Ease of doing business index (1=most business-friendly regulations),"IC.BUS.EASE.XQ","Curacao","CUW","NA","NA","NA","NA","NA","NA","NA","NA","NA","NA","NA","NA"
Ease of doing business index (1=most business-friendly regulations),"IC.BUS.EASE.XQ","Cyprus","CYP","NA","NA","NA","NA","NA","NA","NA","NA","NA","NA","NA","NA"
Ease of doing business index (1=most business-friendly regulations),"IC.BUS.EASE.XQ","Czech Republic","CZE","NA","NA","NA","NA","NA","NA","NA","NA","NA","NA","NA","NA"
Ease of doing business index (1=most business-friendly regulations),"IC.BUS.EASE.XQ","Denmark","DNK","NA","NA","NA","NA","NA","NA","NA","NA","NA","NA","NA","NA"
Ease of doing business index (1=most business-friendly regulations),"IC.BUS.EASE.XQ","Djibouti","DJI","NA","NA","NA","NA","NA","NA","NA","NA","NA","NA","NA","NA"
Ease of doing business index (1=most business-friendly regulations),"IC.BUS.EASE.XQ","Dominica","DMA","NA","NA","NA","NA","NA","NA","NA","NA","NA","NA","NA","NA"
Ease of doing business index (1=most business-friendly regulations),"IC.BUS.EASE.XQ","Dominican Republic","DOM","NA","NA","NA","NA","NA","NA","NA","NA","NA","NA","NA","NA"
Ease of doing business index (1=most business-friendly regulations),"IC.BUS.EASE.XQ","Ecuador","ECU","NA","NA","NA","NA","NA","NA","NA","NA","NA","NA","NA","NA"
Ease of doing business index (1=most business-friendly regulations),"IC.BUS.EASE.XQ","Egypt, Arab Rep.","EGY","NA","NA","NA","NA","NA","NA","NA","NA","NA","NA","NA","NA"
Ease of doing business index (1=most business-friendly regulations),"IC.BUS.EASE.XQ","El Salvador","SLV","NA","NA","NA","NA","NA","NA","NA","NA","NA","NA","NA","NA"
Ease of doing business index (1=most business-friendly regulations),"IC.BUS.EASE.XQ","Equatorial Guinea","GNQ","NA","NA","NA","NA","NA","NA","NA","NA","NA","NA","NA","NA"
Ease of doing business index (1=most business-friendly regulations),"IC.BUS.EASE.XQ","Eritrea","ERI","NA","NA","NA","NA","NA","NA","NA","NA","NA","NA","NA","NA"
Ease of doing business index (1=most business-friendly regulations),"IC.BUS.EASE.XQ","Estonia","EST","NA","NA","NA","NA","NA","NA","NA","NA","NA","NA","NA","NA"
Ease of doing business index (1=most business-friendly regulations),"IC.BUS.EASE.XQ","Eswatini","SWZ","NA","NA","NA","NA","NA","NA","NA","NA","NA","NA","NA","NA"
Ease of doing business index (1=most business-friendly regulations),"IC.BUS.EASE.XQ","Ethiopia","ETH","NA","NA","NA","NA","NA","NA","NA","NA","NA","NA","NA","NA"
Ease of doing business index (1=most business-friendly regulations),"IC.BUS.EASE.XQ","Faroe Islands","FRO","NA","NA","NA","NA","NA","NA","NA","NA","NA","NA","NA","NA"
Ease of doing business index (1=most business-friendly regulations),"IC.BUS.EASE.XQ","Fiji","FJI","NA","NA","NA","NA","NA","NA","NA","NA","NA","NA","NA","NA"
Ease of doing business index (1=most business-friendly regulations),"IC.BUS.EASE.XQ","Finland","FIN","NA","NA","NA","NA","NA","NA","NA","NA","NA","NA","NA","NA"
Ease of doing business index (1=most business-friendly regulations),"IC.BUS.EASE.XQ","France","FRA","NA","NA","NA","NA","NA","NA","NA","NA","NA","NA","NA","NA"
Ease of doing business index (1=most business-friendly regulations),"IC.BUS.EASE.XQ","French Polynesia","PYF","NA","NA","NA","NA","NA","NA","NA","NA","NA","NA","NA","NA"
Ease of doing business index (1=most business-friendly regulations),"IC.BUS.EASE.XQ","Gabon","GAB","NA","NA","NA","NA","NA","NA","NA","NA","NA","NA","NA","NA"
Ease of doing business index (1=most business-friendly regulations),"IC.BUS.EASE.XQ","Gambia, The","GMB","NA","NA","NA","NA","NA","NA","NA","NA","NA","NA","NA","NA"
Ease of doing business index (1=most business-friendly regulations),"IC.BUS.EASE.XQ","Georgia","GEO","NA","NA","NA","NA","NA","NA","NA","NA","NA","NA","NA","NA"
Ease of doing business index (1=most business-friendly regulations),"IC.BUS.EASE.XQ","Germany","DEU","NA","NA","NA","NA","NA","NA","NA","NA","NA","NA","NA","NA"
Ease of doing business index (1=most business-friendly regulations),"IC.BUS.EASE.XQ","Ghana","GHA","NA","NA","NA","NA","NA","NA","NA","NA","NA","NA","NA","NA"
Ease of doing business index (1=most business-friendly regulations),"IC.BUS.EASE.XQ","Gibraltar","GIB","NA","NA","NA","NA","NA","NA","NA","NA","NA","NA","NA","NA"
Ease of doing business index (1=most business-friendly regulations),"IC.BUS.EASE.XQ","Greece","GRC","NA","NA","NA","NA","NA","NA","NA","NA","NA","NA","NA","NA"
Ease of doing business index (1=most business-friendly regulations),"IC.BUS.EASE.XQ","Greenland","GRL","NA","NA","NA","NA","NA","NA","NA","NA","NA","NA","NA","NA"
Ease of doing business index (1=most business-friendly regulations),"IC.BUS.EASE.XQ","Grenada","GRD","NA","NA","NA","NA","NA","NA","NA","NA","NA","NA","NA","NA"
Ease of doing business index (1=most business-friendly regulations),"IC.BUS.EASE.XQ","Guam","GUM","NA","NA","NA","NA","NA","NA","NA","NA","NA","NA","NA","NA"
Ease of doing business index (1=most business-friendly regulations),"IC.BUS.EASE.XQ","Guatemala","GTM","NA","NA","NA","NA","NA","NA","NA","NA","NA","NA","NA","NA"
Ease of doing business index (1=most business-friendly regulations),"IC.BUS.EASE.XQ","Guinea","GIN","NA","NA","NA","NA","NA","NA","NA","NA","NA","NA","NA","NA"
Ease of doing business index (1=most business-friendly regulations),"IC.BUS.EASE.XQ","Guinea-Bissau","GNB","NA","NA","NA","NA","NA","NA","NA","NA","NA","NA","NA","NA"
Ease of doing business index (1=most business-friendly regulations),"IC.BUS.EASE.XQ","Guyana","GUY","NA","NA","NA","NA","NA","NA","NA","NA","NA","NA","NA","NA"
Ease of doing business index (1=most business-friendly regulations),"IC.BUS.EASE.XQ","Haiti","HTI","NA","NA","NA","NA","NA","NA","NA","NA","NA","NA","NA","NA"
Ease of doing business index (1=most business-friendly regulations),"IC.BUS.EASE.XQ","Honduras","HND","NA","NA","NA","NA","NA","NA","NA","NA","NA","NA","NA","NA"
Ease of doing business index (1=most business-friendly regulations),"IC.BUS.EASE.XQ","Hong Kong SAR, China","HKG","NA","NA","NA","NA","NA","NA","NA","NA","NA","NA","NA","NA"
Ease of doing business index (1=most business-friendly regulations),"IC.BUS.EASE.XQ","Hungary","HUN","NA","NA","NA","NA","NA","NA","NA","NA","NA","NA","NA","NA"
Ease of doing business index (1=most business-friendly regulations),"IC.BUS.EASE.XQ","Iceland","ISL","NA","NA","NA","NA","NA","NA","NA","NA","NA","NA","NA","NA"
Ease of doing business index (1=most business-friendly regulations),"IC.BUS.EASE.XQ","India","IND","NA","NA","NA","NA","NA","NA","NA","NA","NA","NA","NA","NA"
Ease of doing business index (1=most business-friendly regulations),"IC.BUS.EASE.XQ","Indonesia","IDN","NA","NA","NA","NA","NA","NA","NA","NA","NA","NA","NA","NA"
Ease of doing business index (1=most business-friendly regulations),"IC.BUS.EASE.XQ","Iran, Islamic Rep.","IRN","NA","NA","NA","NA","NA","NA","NA","NA","NA","NA","NA","NA"
Ease of doing business index (1=most business-friendly regulations),"IC.BUS.EASE.XQ","Iraq","IRQ","NA","NA","NA","NA","NA","NA","NA","NA","NA","NA","NA","NA"
Ease of doing business index (1=most business-friendly regulations),"IC.BUS.EASE.XQ","Ireland","IRL","NA","NA","NA","NA","NA","NA","NA","NA","NA","NA","NA","NA"
Ease of doing business index (1=most business-friendly regulations),"IC.BUS.EASE.XQ","Isle of Man","IMN","NA","NA","NA","NA","NA","NA","NA","NA","NA","NA","NA","NA"
Ease of doing business index (1=most business-friendly regulations),"IC.BUS.EASE.XQ","Israel","ISR","NA","NA","NA","NA","NA","NA","NA","NA","NA","NA","NA","NA"
Ease of doing business index (1=most business-friendly regulations),"IC.BUS.EASE.XQ","Italy","ITA","NA","NA","NA","NA","NA","NA","NA","NA","NA","NA","NA","NA"
Ease of doing business index (1=most business-friendly regulations),"IC.BUS.EASE.XQ","Jamaica","JAM","NA","NA","NA","NA","NA","NA","NA","NA","NA","NA","NA","NA"
Ease of doing business index (1=most business-friendly regulations),"IC.BUS.EASE.XQ","Japan","JPN","NA","NA","NA","NA","NA","NA","NA","NA","NA","NA","NA","NA"
Ease of doing business index (1=most business-friendly regulations),"IC.BUS.EASE.XQ","Jordan","JOR","NA","NA","NA","NA","NA","NA","NA","NA","NA","NA","NA","NA"
Ease of doing business index (1=most business-friendly regulations),"IC.BUS.EASE.XQ","Kazakhstan","KAZ","NA","NA","NA","NA","NA","NA","NA","NA","NA","NA","NA","NA"
Ease of doing business index (1=most business-friendly regulations),"IC.BUS.EASE.XQ","Kenya","KEN","NA","NA","NA","NA","NA","NA","NA","NA","NA","NA","NA","NA"
Ease of doing business index (1=most business-friendly regulations),"IC.BUS.EASE.XQ","Kiribati","KIR","NA","NA","NA","NA","NA","NA","NA","NA","NA","NA","NA","NA"
Ease of doing business index (1=most business-friendly regulations),"IC.BUS.EASE.XQ","Korea, Dem. People�s Rep.","PRK","NA","NA","NA","NA","NA","NA","NA","NA","NA","NA","NA","NA"
Ease of doing business index (1=most business-friendly regulations),"IC.BUS.EASE.XQ","Korea, Rep.","KOR","NA","NA","NA","NA","NA","NA","NA","NA","NA","NA","NA","NA"
Ease of doing business index (1=most business-friendly regulations),"IC.BUS.EASE.XQ","Kosovo","XKX","NA","NA","NA","NA","NA","NA","NA","NA","NA","NA","NA","NA"
Ease of doing business index (1=most business-friendly regulations),"IC.BUS.EASE.XQ","Kuwait","KWT","NA","NA","NA","NA","NA","NA","NA","NA","NA","NA","NA","NA"
Ease of doing business index (1=most business-friendly regulations),"IC.BUS.EASE.XQ","Kyrgyz Republic","KGZ","NA","NA","NA","NA","NA","NA","NA","NA","NA","NA","NA","NA"
Ease of doing business index (1=most business-friendly regulations),"IC.BUS.EASE.XQ","Lao PDR","LAO","NA","NA","NA","NA","NA","NA","NA","NA","NA","NA","NA","NA"
Ease of doing business index (1=most business-friendly regulations),"IC.BUS.EASE.XQ","Latvia","LVA","NA","NA","NA","NA","NA","NA","NA","NA","NA","NA","NA","NA"
Ease of doing business index (1=most business-friendly regulations),"IC.BUS.EASE.XQ","Lebanon","LBN","NA","NA","NA","NA","NA","NA","NA","NA","NA","NA","NA","NA"
Ease of doing business index (1=most business-friendly regulations),"IC.BUS.EASE.XQ","Lesotho","LSO","NA","NA","NA","NA","NA","NA","NA","NA","NA","NA","NA","NA"
Ease of doing business index (1=most business-friendly regulations),"IC.BUS.EASE.XQ","Liberia","LBR","NA","NA","NA","NA","NA","NA","NA","NA","NA","NA","NA","NA"
Ease of doing business index (1=most business-friendly regulations),"IC.BUS.EASE.XQ","Libya","LBY","NA","NA","NA","NA","NA","NA","NA","NA","NA","NA","NA","NA"
Ease of doing business index (1=most business-friendly regulations),"IC.BUS.EASE.XQ","Liechtenstein","LIE","NA","NA","NA","NA","NA","NA","NA","NA","NA","NA","NA","NA"
Ease of doing business index (1=most business-friendly regulations),"IC.BUS.EASE.XQ","Lithuania","LTU","NA","NA","NA","NA","NA","NA","NA","NA","NA","NA","NA","NA"
Ease of doing business index (1=most business-friendly regulations),"IC.BUS.EASE.XQ","Luxembourg","LUX","NA","NA","NA","NA","NA","NA","NA","NA","NA","NA","NA","NA"
Ease of doing business index (1=most business-friendly regulations),"IC.BUS.EASE.XQ","Macao SAR, China","MAC","NA","NA","NA","NA","NA","NA","NA","NA","NA","NA","NA","NA"
Ease of doing business index (1=most business-friendly regulations),"IC.BUS.EASE.XQ","Macedonia, FYR","MKD","NA","NA","NA","NA","NA","NA","NA","NA","NA","NA","NA","NA"
Ease of doing business index (1=most business-friendly regulations),"IC.BUS.EASE.XQ","Madagascar","MDG","NA","NA","NA","NA","NA","NA","NA","NA","NA","NA","NA","NA"
Ease of doing business index (1=most business-friendly regulations),"IC.BUS.EASE.XQ","Malawi","MWI","NA","NA","NA","NA","NA","NA","NA","NA","NA","NA","NA","NA"
Ease of doing business index (1=most business-friendly regulations),"IC.BUS.EASE.XQ","Malaysia","MYS","NA","NA","NA","NA","NA","NA","NA","NA","NA","NA","NA","NA"
Ease of doing business index (1=most business-friendly regulations),"IC.BUS.EASE.XQ","Maldives","MDV","NA","NA","NA","NA","NA","NA","NA","NA","NA","NA","NA","NA"
Ease of doing business index (1=most business-friendly regulations),"IC.BUS.EASE.XQ","Mali","MLI","NA","NA","NA","NA","NA","NA","NA","NA","NA","NA","NA","NA"
Ease of doing business index (1=most business-friendly regulations),"IC.BUS.EASE.XQ","Malta","MLT","NA","NA","NA","NA","NA","NA","NA","NA","NA","NA","NA","NA"
Ease of doing business index (1=most business-friendly regulations),"IC.BUS.EASE.XQ","Marshall Islands","MHL","NA","NA","NA","NA","NA","NA","NA","NA","NA","NA","NA","NA"
Ease of doing business index (1=most business-friendly regulations),"IC.BUS.EASE.XQ","Mauritania","MRT","NA","NA","NA","NA","NA","NA","NA","NA","NA","NA","NA","NA"
Ease of doing business index (1=most business-friendly regulations),"IC.BUS.EASE.XQ","Mauritius","MUS","NA","NA","NA","NA","NA","NA","NA","NA","NA","NA","NA","NA"
Ease of doing business index (1=most business-friendly regulations),"IC.BUS.EASE.XQ","Mexico","MEX","NA","NA","NA","NA","NA","NA","NA","NA","NA","NA","NA","NA"
Ease of doing business index (1=most business-friendly regulations),"IC.BUS.EASE.XQ","Micronesia, Fed. Sts.","FSM","NA","NA","NA","NA","NA","NA","NA","NA","NA","NA","NA","NA"
Ease of doing business index (1=most business-friendly regulations),"IC.BUS.EASE.XQ","Moldova","MDA","NA","NA","NA","NA","NA","NA","NA","NA","NA","NA","NA","NA"
Ease of doing business index (1=most business-friendly regulations),"IC.BUS.EASE.XQ","Monaco","MCO","NA","NA","NA","NA","NA","NA","NA","NA","NA","NA","NA","NA"
Ease of doing business index (1=most business-friendly regulations),"IC.BUS.EASE.XQ","Mongolia","MNG","NA","NA","NA","NA","NA","NA","NA","NA","NA","NA","NA","NA"
Ease of doing business index (1=most business-friendly regulations),"IC.BUS.EASE.XQ","Montenegro","MNE","NA","NA","NA","NA","NA","NA","NA","NA","NA","NA","NA","NA"
Ease of doing business index (1=most business-friendly regulations),"IC.BUS.EASE.XQ","Morocco","MAR","NA","NA","NA","NA","NA","NA","NA","NA","NA","NA","NA","NA"
Ease of doing business index (1=most business-friendly regulations),"IC.BUS.EASE.XQ","Mozambique","MOZ","NA","NA","NA","NA","NA","NA","NA","NA","NA","NA","NA","NA"
Ease of doing business index (1=most business-friendly regulations),"IC.BUS.EASE.XQ","Myanmar","MMR","NA","NA","NA","NA","NA","NA","NA","NA","NA","NA","NA","NA"
Ease of doing business index (1=most business-friendly regulations),"IC.BUS.EASE.XQ","Namibia","NAM","NA","NA","NA","NA","NA","NA","NA","NA","NA","NA","NA","NA"
Ease of doing business index (1=most business-friendly regulations),"IC.BUS.EASE.XQ","Nauru","NRU","NA","NA","NA","NA","NA","NA","NA","NA","NA","NA","NA","NA"
Ease of doing business index (1=most business-friendly regulations),"IC.BUS.EASE.XQ","Nepal","NPL","NA","NA","NA","NA","NA","NA","NA","NA","NA","NA","NA","NA"
Ease of doing business index (1=most business-friendly regulations),"IC.BUS.EASE.XQ","Netherlands","NLD","NA","NA","NA","NA","NA","NA","NA","NA","NA","NA","NA","NA"
Ease of doing business index (1=most business-friendly regulations),"IC.BUS.EASE.XQ","New Caledonia","NCL","NA","NA","NA","NA","NA","NA","NA","NA","NA","NA","NA","NA"
Ease of doing business index (1=most business-friendly regulations),"IC.BUS.EASE.XQ","New Zealand","NZL","NA","NA","NA","NA","NA","NA","NA","NA","NA","NA","NA","NA"
Ease of doing business index (1=most business-friendly regulations),"IC.BUS.EASE.XQ","Nicaragua","NIC","NA","NA","NA","NA","NA","NA","NA","NA","NA","NA","NA","NA"
Ease of doing business index (1=most business-friendly regulations),"IC.BUS.EASE.XQ","Niger","NER","NA","NA","NA","NA","NA","NA","NA","NA","NA","NA","NA","NA"
Ease of doing business index (1=most business-friendly regulations),"IC.BUS.EASE.XQ","Nigeria","NGA","NA","NA","NA","NA","NA","NA","NA","NA","NA","NA","NA","NA"
Ease of doing business index (1=most business-friendly regulations),"IC.BUS.EASE.XQ","Northern Mariana Islands","MNP","NA","NA","NA","NA","NA","NA","NA","NA","NA","NA","NA","NA"
Ease of doing business index (1=most business-friendly regulations),"IC.BUS.EASE.XQ","Norway","NOR","NA","NA","NA","NA","NA","NA","NA","NA","NA","NA","NA","NA"
Ease of doing business index (1=most business-friendly regulations),"IC.BUS.EASE.XQ","Oman","OMN","NA","NA","NA","NA","NA","NA","NA","NA","NA","NA","NA","NA"
Ease of doing business index (1=most business-friendly regulations),"IC.BUS.EASE.XQ","Pakistan","PAK","NA","NA","NA","NA","NA","NA","NA","NA","NA","NA","NA","NA"
Ease of doing business index (1=most business-friendly regulations),"IC.BUS.EASE.XQ","Palau","PLW","NA","NA","NA","NA","NA","NA","NA","NA","NA","NA","NA","NA"
Ease of doing business index (1=most business-friendly regulations),"IC.BUS.EASE.XQ","Panama","PAN","NA","NA","NA","NA","NA","NA","NA","NA","NA","NA","NA","NA"
Ease of doing business index (1=most business-friendly regulations),"IC.BUS.EASE.XQ","Papua New Guinea","PNG","NA","NA","NA","NA","NA","NA","NA","NA","NA","NA","NA","NA"
Ease of doing business index (1=most business-friendly regulations),"IC.BUS.EASE.XQ","Paraguay","PRY","NA","NA","NA","NA","NA","NA","NA","NA","NA","NA","NA","NA"
Ease of doing business index (1=most business-friendly regulations),"IC.BUS.EASE.XQ","Peru","PER","NA","NA","NA","NA","NA","NA","NA","NA","NA","NA","NA","NA"
Ease of doing business index (1=most business-friendly regulations),"IC.BUS.EASE.XQ","Philippines","PHL","NA","NA","NA","NA","NA","NA","NA","NA","NA","NA","NA","NA"
Ease of doing business index (1=most business-friendly regulations),"IC.BUS.EASE.XQ","Poland","POL","NA","NA","NA","NA","NA","NA","NA","NA","NA","NA","NA","NA"
Ease of doing business index (1=most business-friendly regulations),"IC.BUS.EASE.XQ","Portugal","PRT","NA","NA","NA","NA","NA","NA","NA","NA","NA","NA","NA","NA"
Ease of doing business index (1=most business-friendly regulations),"IC.BUS.EASE.XQ","Puerto Rico","PRI","NA","NA","NA","NA","NA","NA","NA","NA","NA","NA","NA","NA"
Ease of doing business index (1=most business-friendly regulations),"IC.BUS.EASE.XQ","Qatar","QAT","NA","NA","NA","NA","NA","NA","NA","NA","NA","NA","NA","NA"
Ease of doing business index (1=most business-friendly regulations),"IC.BUS.EASE.XQ","Romania","ROU","NA","NA","NA","NA","NA","NA","NA","NA","NA","NA","NA","NA"
Ease of doing business index (1=most business-friendly regulations),"IC.BUS.EASE.XQ","Russian Federation","RUS","NA","NA","NA","NA","NA","NA","NA","NA","NA","NA","NA","NA"
Ease of doing business index (1=most business-friendly regulations),"IC.BUS.EASE.XQ","Rwanda","RWA","NA","NA","NA","NA","NA","NA","NA","NA","NA","NA","NA","NA"
Ease of doing business index (1=most business-friendly regulations),"IC.BUS.EASE.XQ","Samoa","WSM","NA","NA","NA","NA","NA","NA","NA","NA","NA","NA","NA","NA"
Ease of doing business index (1=most business-friendly regulations),"IC.BUS.EASE.XQ","San Marino","SMR","NA","NA","NA","NA","NA","NA","NA","NA","NA","NA","NA","NA"
Ease of doing business index (1=most business-friendly regulations),"IC.BUS.EASE.XQ","Sao Tome and Principe","STP","NA","NA","NA","NA","NA","NA","NA","NA","NA","NA","NA","NA"
Ease of doing business index (1=most business-friendly regulations),"IC.BUS.EASE.XQ","Saudi Arabia","SAU","NA","NA","NA","NA","NA","NA","NA","NA","NA","NA","NA","NA"
Ease of doing business index (1=most business-friendly regulations),"IC.BUS.EASE.XQ","Senegal","SEN","NA","NA","NA","NA","NA","NA","NA","NA","NA","NA","NA","NA"
Ease of doing business index (1=most business-friendly regulations),"IC.BUS.EASE.XQ","Serbia","SRB","NA","NA","NA","NA","NA","NA","NA","NA","NA","NA","NA","NA"
Ease of doing business index (1=most business-friendly regulations),"IC.BUS.EASE.XQ","Seychelles","SYC","NA","NA","NA","NA","NA","NA","NA","NA","NA","NA","NA","NA"
Ease of doing business index (1=most business-friendly regulations),"IC.BUS.EASE.XQ","Sierra Leone","SLE","NA","NA","NA","NA","NA","NA","NA","NA","NA","NA","NA","NA"
Ease of doing business index (1=most business-friendly regulations),"IC.BUS.EASE.XQ","Singapore","SGP","NA","NA","NA","NA","NA","NA","NA","NA","NA","NA","NA","NA"
Ease of doing business index (1=most business-friendly regulations),"IC.BUS.EASE.XQ","Sint Maarten (Dutch part)","SXM","NA","NA","NA","NA","NA","NA","NA","NA","NA","NA","NA","NA"
Ease of doing business index (1=most business-friendly regulations),"IC.BUS.EASE.XQ","Slovak Republic","SVK","NA","NA","NA","NA","NA","NA","NA","NA","NA","NA","NA","NA"
Ease of doing business index (1=most business-friendly regulations),"IC.BUS.EASE.XQ","Slovenia","SVN","NA","NA","NA","NA","NA","NA","NA","NA","NA","NA","NA","NA"
Ease of doing business index (1=most business-friendly regulations),"IC.BUS.EASE.XQ","Solomon Islands","SLB","NA","NA","NA","NA","NA","NA","NA","NA","NA","NA","NA","NA"
Ease of doing business index (1=most business-friendly regulations),"IC.BUS.EASE.XQ","Somalia","SOM","NA","NA","NA","NA","NA","NA","NA","NA","NA","NA","NA","NA"
Ease of doing business index (1=most business-friendly regulations),"IC.BUS.EASE.XQ","South Africa","ZAF","NA","NA","NA","NA","NA","NA","NA","NA","NA","NA","NA","NA"
Ease of doing business index (1=most business-friendly regulations),"IC.BUS.EASE.XQ","South Sudan","SSD","NA","NA","NA","NA","NA","NA","NA","NA","NA","NA","NA","NA"
Ease of doing business index (1=most business-friendly regulations),"IC.BUS.EASE.XQ","Spain","ESP","NA","NA","NA","NA","NA","NA","NA","NA","NA","NA","NA","NA"
Ease of doing business index (1=most business-friendly regulations),"IC.BUS.EASE.XQ","Sri Lanka","LKA","NA","NA","NA","NA","NA","NA","NA","NA","NA","NA","NA","NA"
Ease of doing business index (1=most business-friendly regulations),"IC.BUS.EASE.XQ","St. Kitts and Nevis","KNA","NA","NA","NA","NA","NA","NA","NA","NA","NA","NA","NA","NA"
Ease of doing business index (1=most business-friendly regulations),"IC.BUS.EASE.XQ","St. Lucia","LCA","NA","NA","NA","NA","NA","NA","NA","NA","NA","NA","NA","NA"
Ease of doing business index (1=most business-friendly regulations),"IC.BUS.EASE.XQ","St. Martin (French part)","MAF","NA","NA","NA","NA","NA","NA","NA","NA","NA","NA","NA","NA"
Ease of doing business index (1=most business-friendly regulations),"IC.BUS.EASE.XQ","St. Vincent and the Grenadines","VCT","NA","NA","NA","NA","NA","NA","NA","NA","NA","NA","NA","NA"
Ease of doing business index (1=most business-friendly regulations),"IC.BUS.EASE.XQ","Sudan","SDN","NA","NA","NA","NA","NA","NA","NA","NA","NA","NA","NA","NA"
Ease of doing business index (1=most business-friendly regulations),"IC.BUS.EASE.XQ","Suriname","SUR","NA","NA","NA","NA","NA","NA","NA","NA","NA","NA","NA","NA"
Ease of doing business index (1=most business-friendly regulations),"IC.BUS.EASE.XQ","Sweden","SWE","NA","NA","NA","NA","NA","NA","NA","NA","NA","NA","NA","NA"
Ease of doing business index (1=most business-friendly regulations),"IC.BUS.EASE.XQ","Switzerland","CHE","NA","NA","NA","NA","NA","NA","NA","NA","NA","NA","NA","NA"
Ease of doing business index (1=most business-friendly regulations),"IC.BUS.EASE.XQ","Syrian Arab Republic","SYR","NA","NA","NA","NA","NA","NA","NA","NA","NA","NA","NA","NA"
Ease of doing business index (1=most business-friendly regulations),"IC.BUS.EASE.XQ","Tajikistan","TJK","NA","NA","NA","NA","NA","NA","NA","NA","NA","NA","NA","NA"
Ease of doing business index (1=most business-friendly regulations),"IC.BUS.EASE.XQ","Tanzania","TZA","NA","NA","NA","NA","NA","NA","NA","NA","NA","NA","NA","NA"
Ease of doing business index (1=most business-friendly regulations),"IC.BUS.EASE.XQ","Thailand","THA","NA","NA","NA","NA","NA","NA","NA","NA","NA","NA","NA","NA"
Ease of doing business index (1=most business-friendly regulations),"IC.BUS.EASE.XQ","Timor-Leste","TLS","NA","NA","NA","NA","NA","NA","NA","NA","NA","NA","NA","NA"
Ease of doing business index (1=most business-friendly regulations),"IC.BUS.EASE.XQ","Togo","TGO","NA","NA","NA","NA","NA","NA","NA","NA","NA","NA","NA","NA"
Ease of doing business index (1=most business-friendly regulations),"IC.BUS.EASE.XQ","Tonga","TON","NA","NA","NA","NA","NA","NA","NA","NA","NA","NA","NA","NA"
Ease of doing business index (1=most business-friendly regulations),"IC.BUS.EASE.XQ","Trinidad and Tobago","TTO","NA","NA","NA","NA","NA","NA","NA","NA","NA","NA","NA","NA"
Ease of doing business index (1=most business-friendly regulations),"IC.BUS.EASE.XQ","Tunisia","TUN","NA","NA","NA","NA","NA","NA","NA","NA","NA","NA","NA","NA"
Ease of doing business index (1=most business-friendly regulations),"IC.BUS.EASE.XQ","Turkey","TUR","NA","NA","NA","NA","NA","NA","NA","NA","NA","NA","NA","NA"
Ease of doing business index (1=most business-friendly regulations),"IC.BUS.EASE.XQ","Turkmenistan","TKM","NA","NA","NA","NA","NA","NA","NA","NA","NA","NA","NA","NA"
Ease of doing business index (1=most business-friendly regulations),"IC.BUS.EASE.XQ","Turks and Caicos Islands","TCA","NA","NA","NA","NA","NA","NA","NA","NA","NA","NA","NA","NA"
Ease of doing business index (1=most business-friendly regulations),"IC.BUS.EASE.XQ","Tuvalu","TUV","NA","NA","NA","NA","NA","NA","NA","NA","NA","NA","NA","NA"
Ease of doing business index (1=most business-friendly regulations),"IC.BUS.EASE.XQ","Uganda","UGA","NA","NA","NA","NA","NA","NA","NA","NA","NA","NA","NA","NA"
Ease of doing business index (1=most business-friendly regulations),"IC.BUS.EASE.XQ","Ukraine","UKR","NA","NA","NA","NA","NA","NA","NA","NA","NA","NA","NA","NA"
Ease of doing business index (1=most business-friendly regulations),"IC.BUS.EASE.XQ","United Arab Emirates","ARE","NA","NA","NA","NA","NA","NA","NA","NA","NA","NA","NA","NA"
Ease of doing business index (1=most business-friendly regulations),"IC.BUS.EASE.XQ","United Kingdom","GBR","NA","NA","NA","NA","NA","NA","NA","NA","NA","NA","NA","NA"
Ease of doing business index (1=most business-friendly regulations),"IC.BUS.EASE.XQ","United States","USA","NA","NA","NA","NA","NA","NA","NA","NA","NA","NA","NA","NA"
Ease of doing business index (1=most business-friendly regulations),"IC.BUS.EASE.XQ","Uruguay","URY","NA","NA","NA","NA","NA","NA","NA","NA","NA","NA","NA","NA"
Ease of doing business index (1=most business-friendly regulations),"IC.BUS.EASE.XQ","Uzbekistan","UZB","NA","NA","NA","NA","NA","NA","NA","NA","NA","NA","NA","NA"
Ease of doing business index (1=most business-friendly regulations),"IC.BUS.EASE.XQ","Vanuatu","VUT","NA","NA","NA","NA","NA","NA","NA","NA","NA","NA","NA","NA"
Ease of doing business index (1=most business-friendly regulations),"IC.BUS.EASE.XQ","Venezuela, RB","VEN","NA","NA","NA","NA","NA","NA","NA","NA","NA","NA","NA","NA"
Ease of doing business index (1=most business-friendly regulations),"IC.BUS.EASE.XQ","Vietnam","VNM","NA","NA","NA","NA","NA","NA","NA","NA","NA","NA","NA","NA"
Ease of doing business index (1=most business-friendly regulations),"IC.BUS.EASE.XQ","Virgin Islands (U.S.)","VIR","NA","NA","NA","NA","NA","NA","NA","NA","NA","NA","NA","NA"
Ease of doing business index (1=most business-friendly regulations),"IC.BUS.EASE.XQ","West Bank and Gaza","PSE","NA","NA","NA","NA","NA","NA","NA","NA","NA","NA","NA","NA"
Ease of doing business index (1=most business-friendly regulations),"IC.BUS.EASE.XQ","Yemen, Rep.","YEM","NA","NA","NA","NA","NA","NA","NA","NA","NA","NA","NA","NA"
Ease of doing business index (1=most business-friendly regulations),"IC.BUS.EASE.XQ","Zambia","ZMB","NA","NA","NA","NA","NA","NA","NA","NA","NA","NA","NA","NA"
Ease of doing business index (1=most business-friendly regulations),"IC.BUS.EASE.XQ","Zimbabwe","ZWE","NA","NA","NA","NA","NA","NA","NA","NA","NA","NA","NA","NA"
,"","","","","","","","","","","","","","",""
,"","","","","","","","","","","","","","",""
,"","","","","","","","","","","","","","",""
Data from database: Jobs,"","","","","","","","","","","","","","",""
Last Updated: 06/29/2022,"","","","","","","","","","","","","","",""
Code,"License Type","Indicator Name","Long definition","Source","Topic","Periodicity","Limitations and exceptions","General comments"
IC.BUS.EASE.XQ,"CC BY-4.0","Ease of doing business index (1=most business-friendly regulations)","Ease of doing business ranks economies from 1 to 190, with first place being the best. A high ranking (a low numerical rank) means that the regulatory environment is conducive to business operation. The index averages the country's percentile rankings on 10 topics covered in the World Bank's Doing Business. The ranking on each topic is the simple average of the percentile rankings on its component indicators.","World Bank, Doing Business project (http://www.doingbusiness.org/).","Private Sector & Trade: Business environment","Annual","The Doing Business methodology has limitations that should be considered when interpreting the data. First, the data collected refer to businesses in the economy's largest city and may not represent regulations in other locations of the economy. To address this limitation, subnational indicators are being collected for selected economies. These subnational studies point to significant differences in the speed of reform and the ease of doing business across cities in the same economy. Second, the data often focus on a specific business form - generally a limited liability company of a specified size - and may not represent regulation for other types of businesses such as sole proprietorships. Third, transactions described in a standardized business case refer to a specific set of issues and may not represent the full set of issues a business encounters. Fourth, the time measures involve an element of judgment by the expert respondents. When sources indicate different estimates, the Doing Business time indicators represent the median values of several responses given under the assumptions of the standardized case. Fifth, the methodology assumes that a business has full information on what is required and does not waste time when completing procedures.","Data are presented for the survey year instead of publication year. Data before 2013 are not comparable with data from 2013 onward due to methodological changes."
