Series Name,Series Code,Country Name,Country Code,1990 [YR1990],2000 [YR2000],2013 [YR2013],2014 [YR2014],2015 [YR2015],2016 [YR2016],2017 [YR2017],2018 [YR2018],2019 [YR2019],2020 [YR2020],2021 [YR2021],2022 [YR2022]
GDP growth (annual %),NY.GDP.MKTP.KD.ZG,Afghanistan,AFG,..,..,5.60074465808174,2.72454336394887,1.45131466009762,2.26031420130457,2.6470032019574,1.18922812838036,3.91160341942292,-2.3511006734461,-20.7388393676343,..
GDP growth (annual %),NY.GDP.MKTP.KD.ZG,Albania,ALB,-9.57564016993415,6.94621659244254,1.00201754071108,1.77444885260394,2.21872637517804,3.31498068384137,3.80259872019053,4.01934561695576,2.08771199649604,-3.30208203862541,8.90852781831182,4.85640165227306
GDP growth (annual %),NY.GDP.MKTP.KD.ZG,Algeria,DZA,0.800000580172068,3.80000000161118,2.8,3.79999999836768,3.70000000138755,3.20000000173945,1.29999999827666,1.20000000102394,0.999999998155587,-5.09999999763123,3.39999999973611,3.20000164670707
GDP growth (annual %),NY.GDP.MKTP.KD.ZG,American Samoa,ASM,..,..,-2.5,1.76282051282051,3.14960629921259,-1.67938931297709,-6.98757763975155,2.6711185308848,-0.487804878048777,4.41176470588236,-0.782472613458523,1.73501577287065
GDP growth (annual %),NY.GDP.MKTP.KD.ZG,Andorra,AND,3.78138758571333,3.52836236122388,-3.54759651549344,2.50446552114518,1.43414039522716,3.70967806978986,0.346071889630295,1.58876549046354,2.01554763848308,-11.1839399355384,8.28719978108489,8.80957934841771
GDP growth (annual %),NY.GDP.MKTP.KD.ZG,Angola,AGO,-3.45009868500253,3.05462423430785,4.95461303112738,4.82255926962156,0.943571561325001,-2.5801112218828,-0.147149825449205,-1.31636168896895,-0.702272957616017,-5.63821471714934,1.19921052145153,3.04540300954928
GDP growth (annual %),NY.GDP.MKTP.KD.ZG,Antigua and Barbuda,ATG,3.0117146835789,6.20343125361171,0.485932080790846,2.21145251322996,1.44515529873077,4.09976553877765,2.46333336590416,6.95318609219737,3.10044514982847,-18.8803992026325,8.1917184618173,9.51639564359461
GDP growth (annual %),NY.GDP.MKTP.KD.ZG,Argentina,ARG,-2.46721377810472,-0.78899893905691,2.40532378079436,-2.51261532081394,2.73115982828944,-2.08032784377811,2.81850297775918,-2.61739646282038,-2.00086100285785,-9.9004848136464,10.7180099337095,4.95636996008236
GDP growth (annual %),NY.GDP.MKTP.KD.ZG,Armenia,ARM,..,5.90000000312092,3.3,3.60000000058993,3.19999999896625,0.199999999825991,7.50000000164144,5.19999999965324,7.59999999853918,-7.19999999920631,5.80000000000001,12.6
GDP growth (annual %),NY.GDP.MKTP.KD.ZG,Aruba,ABW,3.96140172676478,7.62292063918883,6.43148182354385,-1.58657464362111,-0.623625632862655,1.7196241156332,7.04853325902029,2.38173012558298,-2.30283684401374,-23.982580345495,27.6393569688502,10.45831735343
GDP growth (annual %),NY.GDP.MKTP.KD.ZG,Australia,AUS,3.57912304997303,3.92151782931303,2.60619844706027,2.60740103188527,2.20181015336807,2.77914262537222,2.31870938698817,2.90636311509867,2.1811091061096,-0.33468635945016,2.11183088925151,4.26894639349867
GDP growth (annual %),NY.GDP.MKTP.KD.ZG,Austria,AUT,4.34564139947821,3.37572214708479,0.0255047121972183,0.661272848852605,1.01450158590511,1.98943716230463,2.25857243250671,2.42538536088061,1.45052918393192,-6.63299143662553,4.23786673253257,4.80643020178459
GDP growth (annual %),NY.GDP.MKTP.KD.ZG,Azerbaijan,AZE,..,11.0999991434346,5.80980084268208,2.75050681535518,1.09397591627469,-3.09999988037266,0.199999938958655,1.49999999999999,2.50000006743734,-4.30000010230737,5.61645102853028,4.61652296344128
GDP growth (annual %),NY.GDP.MKTP.KD.ZG,"Bahamas, The",BHS,-1.59624908707553,4.14841930754267,-2.86250547778705,1.84710719180123,0.996230704298327,-0.762973444883031,2.52416173981204,2.91830692650552,-0.743661882784338,-23.5081014371591,16.9844904756948,14.3682098463345
GDP growth (annual %),NY.GDP.MKTP.KD.ZG,Bahrain,BHR,4.43799717642639,5.30007005600883,5.41683981012071,4.35039085252969,2.48537855758804,3.55812811897778,4.29094977756338,2.11113047304872,2.1669646688237,-4.64463735878491,2.66970871448231,4.86085827172992
GDP growth (annual %),NY.GDP.MKTP.KD.ZG,Bangladesh,BGD,5.62225816160704,5.29329471892532,6.01360565834344,6.0610593588495,6.55263987816197,7.11347821270093,6.5902548153114,7.31940777981607,7.8819067286135,3.44802562762527,6.93867912442445,7.09982877575158
GDP growth (annual %),NY.GDP.MKTP.KD.ZG,Barbados,BRB,-3.30759330759331,4.44718962322422,-1.29920820787332,-0.00112987966781475,2.42587905631385,2.53499685607439,0.462619285844923,-0.871716338791373,0.26359855236862,-12.7379887726406,-0.782841690641717,11.3337398728112
GDP growth (annual %),NY.GDP.MKTP.KD.ZG,Belarus,BLR,..,5.80000336082973,1.0034707715852,1.7262099894002,-3.82966307070085,-2.52583140897062,2.53162368036521,3.14963949909348,1.44620667102681,-0.672904125264921,2.43886608142535,-4.6974497069539
GDP growth (annual %),NY.GDP.MKTP.KD.ZG,Belgium,BEL,3.13740231557445,3.71667938420875,0.459242192907709,1.57853314322614,2.04145900919961,1.26668640902095,1.6195802783878,1.79294519302076,2.24083533103139,-5.2607791859752,6.85099562281208,3.00990255927714
GDP growth (annual %),NY.GDP.MKTP.KD.ZG,Belize,BLZ,9.47465201669158,12.2406140290649,4.43764383676776,4.00531831673186,3.22549309143569,-0.0110344145780772,-1.81336514835535,1.05559823069711,4.23623453555723,-13.7316910831405,17.8624478393742,8.73431143782066
GDP growth (annual %),NY.GDP.MKTP.KD.ZG,Benin,BEN,8.9761343599898,5.85771420543269,7.19143372144946,6.35767909791932,1.77815106030278,3.33967342629693,5.67156195150444,6.69725362180888,6.86568662848335,3.84879240030133,7.1554516457574,6.25324491401346
GDP growth (annual %),NY.GDP.MKTP.KD.ZG,Bermuda,BMU,0.0192122971144499,9.31715641086083,-0.279708545423034,-3.70106759364258,0.775529699568978,-0.657206304259205,3.61141983706115,-0.432801300339307,0.306266735233933,-6.83795519136594,3.01381643857819,2.92711294908246
GDP growth (annual %),NY.GDP.MKTP.KD.ZG,Bhutan,BTN,10.3831179150235,3.35506828474026,2.11997263298187,5.77649568013734,6.64223210535519,8.12703353838936,4.65183467529613,3.50187183723874,5.75514850618227,-10.2183974073689,4.42136740220592,..
GDP growth (annual %),NY.GDP.MKTP.KD.ZG,Bolivia,BOL,4.6357874278518,2.50781080899483,6.79601142810841,5.46056950635136,4.85718717971413,4.26392086382113,4.19520633360395,4.22362365271844,2.21670563961031,-8.7378843576993,6.11137272458573,3.60568038279472
GDP growth (annual %),NY.GDP.MKTP.KD.ZG,Bosnia and Herzegovina,BIH,..,12.7654694578883,2.3498566632458,1.15385109200403,4.31475061116335,3.24225521171914,3.24410095889466,3.82749920546897,2.88734334414875,-3.01509514759861,7.39165262555947,4.10622693988563
GDP growth (annual %),NY.GDP.MKTP.KD.ZG,Botswana,BWA,6.77282194938265,1.98769583378552,11.1028237779771,5.69477738185952,-4.85133564036167,7.20442475914267,4.1143636634186,4.18809355373698,3.0322025744566,-8.72875252639037,11.8703583151425,5.78791720294846
GDP growth (annual %),NY.GDP.MKTP.KD.ZG,Brazil,BRA,-4.35000000000022,4.38794944745618,3.00482266944432,0.503955740242247,-3.54576339269425,-3.27591690782192,1.32286905404399,1.783666761634,1.22077782360842,-3.2767587964736,4.98884970066018,2.90053061522693
GDP growth (annual %),NY.GDP.MKTP.KD.ZG,British Virgin Islands,VGB,..,..,..,..,..,..,..,..,..,..,..,..
GDP growth (annual %),NY.GDP.MKTP.KD.ZG,Brunei Darussalam,BRN,1.08942053548758,2.84942185782727,-2.12602851740175,-2.50835256644561,-0.392383749502031,-2.47791771833224,1.32860255161715,0.0522377907767719,3.86910986506845,1.1335733495246,-1.59076260099606,-1.62833154515108
GDP growth (annual %),NY.GDP.MKTP.KD.ZG,Bulgaria,BGR,-9.11737709565385,4.58722685869408,-0.542751313085674,0.949448520821818,3.39755387590648,3.02662839224124,2.74592725876734,2.69490655338835,4.03518894662498,-3.96615613627334,7.6617480742932,3.92643222124569
GDP growth (annual %),NY.GDP.MKTP.KD.ZG,Burkina Faso,BFA,-0.602928477580988,1.88847388906525,5.79258484509867,4.32684561452976,3.9212287937935,5.95797670754024,6.20348941121868,6.60456906812341,5.4864554268367,1.92199069027077,6.93786051737202,1.78049218312741
GDP growth (annual %),NY.GDP.MKTP.KD.ZG,Burundi,BDI,3.49982213611253,-0.856864058424151,4.92418989834684,4.24065021402657,-3.9000000804855,-0.600000909116389,0.500001262429279,1.60993542127714,1.81256532326668,0.327156891263598,3.09999999999975,1.84899944017253
GDP growth (annual %),NY.GDP.MKTP.KD.ZG,Cabo Verde,CPV,0.692171874341298,14.2848688450919,0.632136727385131,0.696666840118581,0.936026507808833,4.28071482662371,4.5513148102974,3.70696458310842,6.94782634051859,-20.8052758990735,5.61508262717601,17.116790657369
GDP growth (annual %),NY.GDP.MKTP.KD.ZG,Cambodia,KHM,..,9.99358032294613,7.35666514861452,7.14257110024776,6.96579781650981,6.93331397162559,6.99690369958998,7.46916920803093,7.05410693152042,-3.09600673131888,3.0263893638939,5.2398102893046
GDP growth (annual %),NY.GDP.MKTP.KD.ZG,Cameroon,CMR,-6.10569764600656,3.83241779430614,4.99552916130783,5.71981814509198,5.66695298703932,4.53579423678801,3.54117654926007,3.95551423892049,3.47505998194981,0.259932915907115,3.33885747179505,3.58279631926052
GDP growth (annual %),NY.GDP.MKTP.KD.ZG,Canada,CAN,0.164672497452599,5.17763566824114,2.3291225062102,2.87003607545671,0.659176863558869,1.00139441390405,3.03988022528195,2.77704055379553,1.88822358535141,-5.07435756759732,5.01180087532744,3.4379817396787
GDP growth (annual %),NY.GDP.MKTP.KD.ZG,Cayman Islands,CYM,..,..,1.27933101999021,2.65452798451271,2.8331222262961,3.23997433895669,3.18404592334522,4.26726745249641,3.91563534249416,-5.1081339633465,4.02866385850767,3.67451740268243
GDP growth (annual %),NY.GDP.MKTP.KD.ZG,Central African Republic,CAF,-2.14752806574087,-2.48943244028874,-36.3919770983887,0.0810705153264877,4.33712103020231,4.75031684122342,4.52727821346231,3.78944359275462,3.09999999999999,0.899999996857062,0.982920000000064,0.502110000000002
GDP growth (annual %),NY.GDP.MKTP.KD.ZG,Chad,TCD,-4.17847237277677,-0.879681025444839,5.70000136285864,6.89998504532166,2.76767568484473,-6.25552708545281,-2.98869598553931,2.37403780037786,3.24718191743429,-1.60000673705524,-1.1999905246095,2.23597967466216
GDP growth (annual %),NY.GDP.MKTP.KD.ZG,Channel Islands,CHI,..,..,..,..,..,..,1.96610998960054,1.05229056178158,1.32511666013609,-7.96507880705455,8.64676971657032,..
GDP growth (annual %),NY.GDP.MKTP.KD.ZG,Chile,CHL,3.33356547444561,4.9716214885003,3.30850824469113,1.79264947361806,2.15194249853634,1.75303874553305,1.35769537797211,3.99002947521676,0.743130031576072,-6.14524685814565,11.7374310662749,2.44040340034618
GDP growth (annual %),NY.GDP.MKTP.KD.ZG,China,CHN,3.92025136776569,8.49009340365161,7.7661500973591,7.42576365596916,7.0413288794755,6.84876220444184,6.94720079316534,6.74977383251148,5.95050075439315,2.23863835674121,8.44846941628141,2.98908408603653
GDP growth (annual %),NY.GDP.MKTP.KD.ZG,Colombia,COL,4.28199833053058,2.92486148176778,5.13399351995672,4.49903000110972,2.95590137527523,2.08738250162794,1.35936086788746,2.56432428277704,3.18685539245533,-7.25229907492306,11.0161932669779,7.25656287393603
GDP growth (annual %),NY.GDP.MKTP.KD.ZG,Comoros,COM,5.09123641339696,10.847878616072,4.4662473147818,2.10665758942474,1.14735076108914,3.32044656240026,3.81576287682401,3.6424511379732,1.76078023923176,-0.195556827149787,2.11219557695527,2.38767848524202
GDP growth (annual %),NY.GDP.MKTP.KD.ZG,"Congo, Dem. Rep.",COD,-6.56831069464246,-6.91092731652101,8.48195663608755,9.4702880993101,6.91616711922561,2.39939891133452,3.7269476588301,5.82112109969025,4.38452887429834,1.73542276681493,6.20015401075946,8.92444762563109
GDP growth (annual %),NY.GDP.MKTP.KD.ZG,"Congo, Rep.",COG,1.00000356627487,7.5759803952642,-0.712434451876447,6.64606540928447,0.415193061293763,-8.68524343913786,-5.59477371915547,-2.30431780125842,1.12447707363883,-6.26777799581888,1.01507096607732,1.47535694620493
GDP growth (annual %),NY.GDP.MKTP.KD.ZG,Costa Rica,CRI,3.55306336572285,3.86871809125479,2.49476611386375,3.54210987593986,3.65208096806472,4.20432325432709,4.15769896239459,2.61590440285156,2.41751181706449,-4.27335432054194,7.93576224703865,4.55149177962382
GDP growth (annual %),NY.GDP.MKTP.KD.ZG,Cote d'Ivoire,CIV,-1.09590841238308,-0.265789462275947,10.7602131311256,9.37199994240375,7.19494942728191,7.17275963956332,7.41076242626953,4.84314605951768,6.51828673306088,1.73762043103271,6.99999999441097,6.74133000220331
GDP growth (annual %),NY.GDP.MKTP.KD.ZG,Croatia,HRV,..,2.95627467759456,-0.396793619221853,-0.425623768351187,2.52255339863314,3.56228782892714,3.39957395936727,2.8203231384537,3.39971661251161,-8.59142376022206,13.7849466417964,6.34711454157149
GDP growth (annual %),NY.GDP.MKTP.KD.ZG,Cuba,CUB,-2.94856494503389,5.91476001879718,2.74760256257211,1.04757663187654,4.4383335888395,0.512843095700745,1.80979177212284,2.24794854086232,-0.163087223606624,-10.9490846048862,1.25369342501311,1.77485399483382
GDP growth (annual %),NY.GDP.MKTP.KD.ZG,Curacao,CUW,..,..,-0.635696647893425,-0.637398345190817,0.45815174597594,-1.06770769957464,-1.27620931537493,-2.10411142994484,-3.20613171902549,-18.0384586380662,4.18371193053544,7.89000000000016
GDP growth (annual %),NY.GDP.MKTP.KD.ZG,Cyprus,CYP,7.40399950659013,5.96531031488554,-6.55307825499119,-1.82930910922002,3.38307971194378,6.45455446625895,5.85254035493243,5.69284172448825,5.83988491154004,-3.39086048722754,9.91130820807223,5.05813019071144
GDP growth (annual %),NY.GDP.MKTP.KD.ZG,Czechia,CZE,..,4.00102863502944,-0.0459036735515213,2.26210289708078,5.38838083815307,2.5372845203138,5.16872430413071,3.22008806955105,3.02987866345279,-5.50296796125089,3.55302130899085,2.35175488669397
GDP growth (annual %),NY.GDP.MKTP.KD.ZG,Denmark,DNK,1.4752442765041,3.74686259540198,0.933340972371226,1.61939381103033,2.34259110757047,3.24595698524399,2.82173634129026,1.98953731496432,1.49348695853648,-2.42451267861938,6.8445219018344,2.73117445421431
GDP growth (annual %),NY.GDP.MKTP.KD.ZG,Djibouti,DJI,..,..,..,7.06154324233921,7.52610891881017,7.1234323372872,5.458091517212,4.7744168883374,5.5451305999467,1.31636324158444,4.52234774643702,3.12383311432822
GDP growth (annual %),NY.GDP.MKTP.KD.ZG,Dominica,DMA,5.41798356640612,2.3402193206939,-0.99994063117542,4.75378658076897,-2.73150306271826,2.76364798170461,-6.61899463280534,3.54758441831531,5.5024834367041,-16.6041095231221,6.8905494167316,5.64832475618095
GDP growth (annual %),NY.GDP.MKTP.KD.ZG,Dominican Republic,DOM,-5.45431239511258,4.6617622800146,4.87520509332271,7.05046368965911,6.9270187716221,6.65920026269582,4.66670467732366,6.98252758458058,5.05216802016253,-6.72023937283404,12.2719902347896,4.85832403582451
GDP growth (annual %),NY.GDP.MKTP.KD.ZG,Ecuador,ECU,3.67991405278418,1.0918015643576,4.94651126690626,3.78886854920833,0.0988726083462694,-1.22638398463879,2.36838652633651,1.28929193290502,0.0121051028476558,-7.78760709093422,4.23525124172572,2.94766863298817
GDP growth (annual %),NY.GDP.MKTP.KD.ZG,"Egypt, Arab Rep.",EGY,5.66702915715834,6.37000383212826,2.18546605362143,2.91591187985748,4.37201907790141,4.34664345555447,4.18122099994778,5.3311086189448,5.55209307156956,3.55016483786838,3.29064601202211,6.58784560886967
GDP growth (annual %),NY.GDP.MKTP.KD.ZG,El Salvador,SLV,4.83290057793786,1.12790697674419,2.18295218295219,1.7293997965412,2.40000008852115,2.53906241135864,2.28571437002014,2.4208565263835,2.36363628316258,-7.81527508113207,11.1753370825566,2.59965337755526
GDP growth (annual %),NY.GDP.MKTP.KD.ZG,Equatorial Guinea,GNQ,-1.75856408496443,18.2137799569674,-4.13319850131583,0.415066301596866,-9.11004114881537,-8.81641723219757,-5.66750850486686,-6.23654406734575,-5.48182537893445,-4.79108083383294,0.263454375957011,3.78004646001997
GDP growth (annual %),NY.GDP.MKTP.KD.ZG,Eritrea,ERI,..,-3.14198590251638,..,..,..,..,..,..,..,..,..,..
GDP growth (annual %),NY.GDP.MKTP.KD.ZG,Estonia,EST,..,10.0876344406951,1.45842863615992,3.01136658651455,1.85302004629342,3.15556481438308,5.79204467466494,3.78420084952826,3.73970668161645,-0.55100125774716,8.01346292400842,-1.28741134050431
GDP growth (annual %),NY.GDP.MKTP.KD.ZG,Eswatini,SWZ,21.0180005361395,1.76017376022224,3.86121379766622,0.923230547144357,2.22748067532406,1.06261019342853,2.0265781557498,2.38009549534866,2.69216827271678,-1.55964269181541,10.6833371476002,0.476444949198026
GDP growth (annual %),NY.GDP.MKTP.KD.ZG,Ethiopia,ETH,2.72645178272658,6.07321747957957,10.5822700482672,10.2574929610051,10.3924630202334,9.43348265784402,9.56418964295607,6.81614779681703,8.3640856990789,6.05953088643369,5.64153071734657,5.31709602989163
GDP growth (annual %),NY.GDP.MKTP.KD.ZG,Faroe Islands,FRO,..,..,5.85305191414515,5.43270135720174,0.976378534447207,1.46991580449085,3.51430597113568,2.73155215546514,4.39010333975558,-1.92683441672665,5.75555052732079,5.39848038908718
GDP growth (annual %),NY.GDP.MKTP.KD.ZG,Fiji,FJI,5.80000271982991,-1.69999841605511,4.73421948956532,5.6035148874531,4.50119939222793,2.44565200769968,5.35336493706966,3.81235097047221,-0.580504258785638,-17.0398709086077,-4.88103605578388,20.0164636813233
GDP growth (annual %),NY.GDP.MKTP.KD.ZG,Finland,FIN,0.670275844289762,5.7733624584817,-0.901696316194844,-0.364908156882066,0.543659211765487,2.81145776663433,3.19240962968416,1.1397180134305,1.22474892206223,-2.35496515679442,3.17092861953763,1.60180197317791
GDP growth (annual %),NY.GDP.MKTP.KD.ZG,France,FRA,2.92393508123074,3.92366922704063,0.576326674771792,0.956183052371557,1.1129123405747,1.09546440372048,2.29141999417021,1.86506607081999,1.84297181445896,-7.54045916249406,6.43520962104938,2.45475817660707
GDP growth (annual %),NY.GDP.MKTP.KD.ZG,French Polynesia,PYF,0.129883207320105,3.24541101308193,0.398801414346934,0.593554452942286,1.66510563013841,2.3696444471055,4.37450238290198,1.83202822787646,2.69993449863051,-7.05099065433484,2.09478896837454,4.46607459000271
GDP growth (annual %),NY.GDP.MKTP.KD.ZG,Gabon,GAB,5.19223727652398,-1.88296639760897,5.63869900338696,4.31496444107469,3.8788993950789,2.09144220829562,0.472642030911146,0.83791658082157,3.92080879452831,-1.8377610635094,1.52682013421703,2.90804341262101
GDP growth (annual %),NY.GDP.MKTP.KD.ZG,"Gambia, The",GMB,3.55887936756983,5.50000021632955,2.872768790327,-1.40738249510954,4.0580738039996,1.94335965478776,4.8226112492757,7.23489033258579,6.22205315994859,0.591487287873974,4.26549216158563,4.33173287970519
GDP growth (annual %),NY.GDP.MKTP.KD.ZG,Georgia,GEO,-14.7882259005176,1.83834106614221,3.61555371862646,4.44154840433009,3.02657661687478,2.90643878002064,4.84260322496586,4.84291988506627,4.98235047511106,-6.76043981705519,10.4655371977056,10.3934931637899
GDP growth (annual %),NY.GDP.MKTP.KD.ZG,Germany,DEU,5.25500608278011,2.91250296366708,0.437591303144671,2.20954343134872,1.49193152760772,2.22999986782015,2.68023111405891,0.981232606004738,1.07547163576423,-3.82676871619293,3.16381994194575,1.80620896724351
GDP growth (annual %),NY.GDP.MKTP.KD.ZG,Ghana,GHA,3.32881788321653,3.70000008164408,7.31252501678145,2.85624016330883,2.12075933817334,3.37346574966936,8.12889488100956,6.20007768127284,6.5077747939152,0.513941670628171,5.07646643533542,3.07773055645175
GDP growth (annual %),NY.GDP.MKTP.KD.ZG,Gibraltar,GIB,..,..,..,..,..,..,..,..,..,..,..,..
GDP growth (annual %),NY.GDP.MKTP.KD.ZG,Greece,GRC,0,3.91977052993795,-2.51599722189651,0.475695947137041,-0.196087629724133,-0.487173294301954,1.09214912017283,1.66842863602514,1.87948998590817,-9.31643576478743,8.37994378358083,5.55728707963308
GDP growth (annual %),NY.GDP.MKTP.KD.ZG,Greenland,GRL,-11.7195329841585,7.10159688181619,-1.29828069335511,4.7421356730152,-2.52931802394475,4.68195410972302,0.0527281828800312,0.62306542854094,2.83217756798683,0.187608793759281,1.29021048770599,..
GDP growth (annual %),NY.GDP.MKTP.KD.ZG,Grenada,GRD,4.012611897778,4.88795213650562,2.35109801677905,7.34212396037948,6.44522314693144,3.7396039558691,4.43867566948151,4.36144039364797,0.676511738873756,-13.7566222572107,4.68747816934534,6.36120996441282
GDP growth (annual %),NY.GDP.MKTP.KD.ZG,Guam,GUM,..,..,1.69040835707501,1.79305192379529,0.825688073394488,0.18198362147406,0.890099909173486,-0.792221822110193,2.59528130671507,-11.3921811427561,1.05809542822919,..
GDP growth (annual %),NY.GDP.MKTP.KD.ZG,Guatemala,GTM,3.10256317557587,3.6088687174876,3.69481919881751,4.44397758285268,4.09217081621244,2.67780255532826,3.07985149125689,3.40687339997949,4.0178979343828,-1.79185769458479,8.0024080363912,4.11800416923388
GDP growth (annual %),NY.GDP.MKTP.KD.ZG,Guinea,GIN,4.3240627548313,2.50306056299607,3.9456870867141,3.69655311729832,3.82591056947008,10.8206271965239,10.3000053426788,6.35849192650272,5.61691446969918,4.92026637152216,3.90000000048747,4.69999999990929
GDP growth (annual %),NY.GDP.MKTP.KD.ZG,Guinea-Bissau,GNB,6.09999998640174,5.42698736686771,3.25590426517695,0.96456075098132,6.13408294113292,6.26280563780463,5.91917662586047,1.28373670309465,4.49999999151316,-2.39999999921721,3.80000243004048,3.50004959190586
GDP growth (annual %),NY.GDP.MKTP.KD.ZG,Guyana,GUY,-3.06748466406728,-1.36380390261873,3.65338433338232,1.68649445019584,0.687404590619494,3.80745626378814,3.73449154571284,4.44091288475967,5.35284003535665,43.479651716849,20.0599975568418,63.3684389615762
GDP growth (annual %),NY.GDP.MKTP.KD.ZG,Haiti,HTI,1.03812280198248,0.870059259424892,4.32478411472874,2.88877251536053,1.4000000019679,1.81246807847532,2.51027134544685,1.66781095484656,-1.72309699535413,-3.30550547264819,-1.79823988931486,-1.68198397549116
GDP growth (annual %),NY.GDP.MKTP.KD.ZG,Honduras,HND,2.7917489495977,7.29128815869618,2.79155975746801,3.0580805621437,3.84007997093951,3.89297219726413,4.84291391050387,3.84499476966735,2.65306625480355,-8.96476018404584,12.5340960157739,3.99794981468288
GDP growth (annual %),NY.GDP.MKTP.KD.ZG,"Hong Kong SAR, China",HKG,3.83053777026583,7.66346714088868,3.1015529558385,2.76238422541562,2.38784706747271,2.1754189894252,3.79610314564431,2.84692053389013,-1.67243165327264,-6.54479911001556,6.44172382600794,-3.47632986495431
GDP growth (annual %),NY.GDP.MKTP.KD.ZG,Hungary,HUN,..,4.47919473197571,1.80252210082266,4.23220980614269,3.7073159793626,2.20100189293856,4.27197601620695,5.36234836176223,4.86422573511891,-4.53555083281567,7.08572084592274,4.5545566416229
GDP growth (annual %),NY.GDP.MKTP.KD.ZG,Iceland,ISL,..,4.98504277020335,4.55246032015108,1.68721501750639,4.43666371937172,6.30368710650176,4.19494882908376,4.88917299486545,1.86117794293874,-7.2156705720011,4.50773501940634,7.23808933976416
GDP growth (annual %),NY.GDP.MKTP.KD.ZG,India,IND,5.53345456125301,3.84099115659129,6.38610640116532,7.41022760058425,7.99625379040316,8.25630549903522,6.79538342343425,6.45385134074191,3.87143693928024,-5.83105322050864,9.05027790869941,7.23969328081449
GDP growth (annual %),NY.GDP.MKTP.KD.ZG,Indonesia,IDN,7.22433460076046,4.92006774777576,5.5572636889101,5.006668425755,4.87632230022123,5.03306918280177,5.06978590134916,5.17429153955024,5.01928768046282,-2.06551182934165,3.70305535690933,5.30859500543608
GDP growth (annual %),NY.GDP.MKTP.KD.ZG,"Iran, Islamic Rep.",IRN,13.5949264435839,5.84552747587396,-1.52197920494163,4.98477506709494,-1.42488493937491,8.8150866425182,2.75850524578875,-1.83800757093036,-3.0705879849703,3.33028845926594,4.71977773157164,3.77663140152906
GDP growth (annual %),NY.GDP.MKTP.KD.ZG,Iraq,IRQ,57.8178283438571,16.9216656903831,7.62857118471159,0.197016710359037,4.72286401884131,13.7873730187089,-1.81975035118309,2.63385099105624,5.51379057418826,-12.0367930920856,1.5833933630431,7.00874522294257
GDP growth (annual %),NY.GDP.MKTP.KD.ZG,Ireland,IRL,8.46652778177712,9.40352467698926,1.17461437395743,8.828998727303,24.4752533362377,1.76555687937534,9.31125930624903,8.47029545192876,5.2977280259237,6.61719466830968,15.1252197949572,9.43302211023355
GDP growth (annual %),NY.GDP.MKTP.KD.ZG,Isle of Man,IMN,4.18697682185547,5.30000152552805,4.14186831989466,5.15503233863437,-0.385798408302321,6.95230252984427,2.83776234375715,2.21339786951343,0.254884930058935,-8.83623206961572,..,..
GDP growth (annual %),NY.GDP.MKTP.KD.ZG,Israel,ISR,..,8.67165527699174,4.41550158737924,3.91912689280952,2.48582628898106,4.52168030880658,4.27659595115593,4.0703218874397,4.15613798897733,-1.85728927811242,8.61199034846989,6.83288663572093
GDP growth (annual %),NY.GDP.MKTP.KD.ZG,Italy,ITA,1.98577494287171,3.78695514323979,-1.84106545088248,-0.00454754236383792,0.778304350716581,1.29346273155907,1.66785904106857,0.925810941012742,0.483198316597154,-8.97419212060699,8.31376031801125,3.724549463477
GDP growth (annual %),NY.GDP.MKTP.KD.ZG,Jamaica,JAM,4.2005351147029,0.87870354796236,0.5176860128024,0.689822357374339,0.92148712538031,1.37522306445538,0.997123062335191,1.88992368121086,0.892291653822227,-9.92032244889079,4.6014245042592,5.22151984737387
GDP growth (annual %),NY.GDP.MKTP.KD.ZG,Japan,JPN,4.84092905745234,2.76464755143648,2.0051001767726,0.296205514142628,1.56062669674904,0.753826745903538,1.67533175166503,0.643391023460339,-0.402169200910947,-4.27860368763963,2.14248736902735,1.02862486644142
GDP growth (annual %),NY.GDP.MKTP.KD.ZG,Jordan,JOR,-0.275903906110926,4.24571192079179,2.60994737548631,3.38407809933472,2.49652879315188,1.9941808493012,2.47359815449045,1.91907263610851,1.75123905880616,-1.10275188309046,3.65564191030398,2.42807334465746
GDP growth (annual %),NY.GDP.MKTP.KD.ZG,Kazakhstan,KAZ,..,9.80000000214156,5.99999999671084,4.20000000566705,1.20000000053288,1.09999999910173,4.10000000257358,4.09999999309841,4.50000000091883,-2.49999999628,4.29999999729456,3.2
GDP growth (annual %),NY.GDP.MKTP.KD.ZG,Kenya,KEN,4.19205097155167,0.599695390807426,3.7978483925754,5.02011100232484,4.96772112759767,4.21351706814744,3.83795817364721,5.64794640709219,5.11415885767801,-0.272766327438816,7.59048947333467,4.8466348557707
GDP growth (annual %),NY.GDP.MKTP.KD.ZG,Kiribati,KIR,-0.869565217391298,6.25,4.16157447719831,-1.09628859925108,9.86517472141171,-0.478196754652373,0.186027236937676,5.11363636363636,-2.16216216216216,-1.65745856353591,7.86516853932584,1.5625
GDP growth (annual %),NY.GDP.MKTP.KD.ZG,"Korea, Dem. People's Rep.",PRK,..,..,..,..,..,..,..,..,..,..,..,..
GDP growth (annual %),NY.GDP.MKTP.KD.ZG,"Korea, Rep.",KOR,9.8775525016936,9.06083332508534,3.16470863647184,3.2024537945736,2.80910326824133,2.94688171508626,3.15963574012777,2.90740377377135,2.24397786011012,-0.709415359397681,4.30473481906969,2.61267219187226
GDP growth (annual %),NY.GDP.MKTP.KD.ZG,Kosovo,XKX,..,..,5.3407995117233,3.34880329317689,5.91623248035947,5.5717745349217,4.82565635604956,3.40663099060228,4.75680062210702,-5.34027515202294,10.7456567508925,5.21860421280809
GDP growth (annual %),NY.GDP.MKTP.KD.ZG,Kuwait,KWT,..,4.69458187079211,1.14930043706521,0.500876982158658,0.593019617221231,2.92586822591576,-4.71210620851997,2.43398126850201,-0.551959331708446,-8.85527888535746,1.14697233872904,8.86075949367088
GDP growth (annual %),NY.GDP.MKTP.KD.ZG,Kyrgyz Republic,KGZ,5.70279663311726,5.44333663314049,10.9154694543144,4.02403862576848,3.87582544821412,4.33585591715959,4.73993722539467,3.75791012480495,4.60062566646752,-7.14897757727955,5.50700762839922,6.33175292005166
GDP growth (annual %),NY.GDP.MKTP.KD.ZG,Lao PDR,LAO,6.70457869081514,5.79878232861959,8.02630022699017,7.61196343979319,7.27006584373785,7.02283625501138,6.8925308726989,6.24796000755872,5.4577350924848,0.503031829018681,2.52835100486102,2.70742652643155
GDP growth (annual %),NY.GDP.MKTP.KD.ZG,Latvia,LVA,..,5.67574131186166,2.00796687876637,1.90217268380506,3.88526005426763,2.36861474664423,3.31247593587459,3.99051924069269,0.587502383494098,-3.51380284197906,6.73173527824665,3.35847395442823
GDP growth (annual %),NY.GDP.MKTP.KD.ZG,Lebanon,LBN,26.5331600932491,1.34187161970405,3.8278734986016,2.48406010500743,0.462320792597581,1.55454940856943,0.903028464073813,-1.88470575631651,-6.91492472851026,-21.3998996914321,-7.00123862514116,..
GDP growth (annual %),NY.GDP.MKTP.KD.ZG,Lesotho,LSO,6.04547332943442,3.87554681425559,1.79252555575545,1.71054990545476,3.12406678044546,3.60890731687714,-3.13817493733471,-1.48063315848241,-1.41799383085205,-7.4587170594629,1.85267852107842,1.11489042891439
GDP growth (annual %),NY.GDP.MKTP.KD.ZG,Liberia,LBR,..,..,8.68728781639683,0.701393100287518,-0.0185649695590939,-1.5549586174878,2.45515592012239,1.15757512207355,-2.46729763532686,-2.98249127649473,4.98671283481617,4.8081048871106
GDP growth (annual %),NY.GDP.MKTP.KD.ZG,Libya,LBY,..,3.6792704082,-17.9979615745681,-23.0428058282215,-0.842656252118843,-1.4909411172622,32.4918021862688,7.9413678529104,-11.1956945908638,-29.7871479885529,31.3725154401954,-1.23698194418768
GDP growth (annual %),NY.GDP.MKTP.KD.ZG,Liechtenstein,LIE,2.25287096905899,3.22019308239609,..,..,..,..,..,..,..,..,..,..
GDP growth (annual %),NY.GDP.MKTP.KD.ZG,Lithuania,LTU,..,3.69552542107776,3.55007284270485,3.53700987901611,2.02458395469182,2.51882827307178,4.28259695120761,3.99331032795327,4.6656783812234,-0.0246124952916773,6.28471003860921,2.44017546498974
GDP growth (annual %),NY.GDP.MKTP.KD.ZG,Luxembourg,LUX,5.31993112733795,6.93813024939334,3.17179049916005,2.62308601577192,2.26978448419565,4.97819043681629,1.31718766293677,1.21932191856359,2.9158479150005,-0.909829798886719,7.16840198697749,1.38018589083207
GDP growth (annual %),NY.GDP.MKTP.KD.ZG,"Macao SAR, China",MAC,7.98031435074297,5.74661120275405,10.7527800789862,-2.04830363415093,-21.5144021947741,-0.679023626830443,9.8600273155359,6.40517849433957,-2.56352273205944,-54.3358756393687,23.5355669383932,-21.4519655058364
GDP growth (annual %),NY.GDP.MKTP.KD.ZG,Madagascar,MDG,3.12890505042525,4.45685893956946,2.30037622800727,3.33920311195367,3.13229807490305,3.99314606199499,3.93330759462793,3.19435651744398,4.41123212909589,-7.13767162064489,5.73961573854336,3.7961990893477
GDP growth (annual %),NY.GDP.MKTP.KD.ZG,Malawi,MWI,5.69229463404044,1.57607762407666,5.41034999949829,5.62526999979218,2.80000000125504,2.4999999990207,4.00000000038216,4.39168829609886,5.44818133617287,0.799998330902724,2.75140260887528,0.923436290107489
GDP growth (annual %),NY.GDP.MKTP.KD.ZG,Malaysia,MYS,9.00852713774628,8.85886816969386,4.69372252557893,6.00672194558203,5.09153242155011,4.44978139761541,5.81272240983328,4.84308697634881,4.41318742129586,-5.45684658426701,3.29764100831838,8.65034422372288
GDP growth (annual %),NY.GDP.MKTP.KD.ZG,Maldives,MDV,..,3.84581039203465,6.963246535526,7.8010947506405,3.97171571269122,6.57223615363461,7.05453899044939,8.66800619702575,7.29833575359473,-32.9088287284425,37.6871922659308,13.9066763997187
GDP growth (annual %),NY.GDP.MKTP.KD.ZG,Mali,MLI,-2.50239510347761,-0.0608349718131223,2.29506828962617,7.08468388056527,6.17180002424978,5.85229919941415,5.30545608438166,4.74648432724561,4.75616080770808,-1.235450447077,3.05261356942125,3.72726973383213
GDP growth (annual %),NY.GDP.MKTP.KD.ZG,Malta,MLT,6.29139095831171,19.6812693767412,5.47335591422899,7.6335384644276,9.6081323482308,3.38145047586738,10.8692692319326,7.41626982344488,7.05872728924383,-8.07797287148773,12.297966778843,6.91579216514336
GDP growth (annual %),NY.GDP.MKTP.KD.ZG,Marshall Islands,MHL,2.67624646445832,1.35407910881,3.61044913873765,-1.15756789045956,2.10051933296636,2.14429110392376,3.73379823757942,5.65921056406313,10.3578294514594,-2.84598166138942,1.11230090181571,-0.675525738649768
GDP growth (annual %),NY.GDP.MKTP.KD.ZG,Mauritania,MRT,-1.7713045332743,-3.91802587923293,4.15081318627171,4.27482327130284,5.37633923694936,1.2609092171336,6.27054567904293,4.77217367297298,3.14100486953089,-0.360657378942108,0.742715499632851,6.37609548741571
GDP growth (annual %),NY.GDP.MKTP.KD.ZG,Mauritius,MUS,7.18673677111485,8.20279174865273,3.36040609974133,3.82696982009337,3.69055690369433,3.8624682634,3.93798380632353,4.00674057198549,2.89128499346516,-14.5465381498404,3.40379867207142,8.88058490780142
GDP growth (annual %),NY.GDP.MKTP.KD.ZG,Mexico,MEX,5.25004329944582,5.02928399378261,0.852101564092919,2.50376350288664,2.70232342550646,1.77249323408108,1.87172852475888,1.97208211117706,-0.278148781271128,-8.65158681905974,5.83782952301841,3.89823146126129
GDP growth (annual %),NY.GDP.MKTP.KD.ZG,"Micronesia, Fed. Sts.",FSM,3.74092685650476,4.83390378617111,-3.67976779073483,-2.30577574529325,4.62188400404939,0.900180416516932,2.68218594445551,0.211653600126766,1.17479922829746,-2.76773416147405,-2.02429149797571,-0.826446280991732
GDP growth (annual %),NY.GDP.MKTP.KD.ZG,Moldova,MDA,..,2.10771608200733,9.0438656074181,4.99962585407656,-0.338235622387202,4.64601436259409,4.17561205106279,4.07559546585034,3.5523140853476,-8.27597831976949,13.9299997889786,-5.01548230938764
GDP growth (annual %),NY.GDP.MKTP.KD.ZG,Monaco,MCO,2.64345417053948,3.91022917641209,9.57709795612061,7.18702789807635,4.8634732114333,2.96410458593932,-3.04412148638065,5.78034682080926,7.08346061161458,-13.0110935023772,21.8673711058481,11.0968262747971
GDP growth (annual %),NY.GDP.MKTP.KD.ZG,Mongolia,MNG,-3.18446017825207,1.14606213709108,11.6489161878925,7.88522548204762,2.37983580731722,1.48978448679577,5.63687638694772,7.74488062024881,5.60224422064255,-4.55775197583431,1.63676957736662,5.0327096366527
GDP growth (annual %),NY.GDP.MKTP.KD.ZG,Montenegro,MNE,..,3.10000005928039,3.54897991245058,1.78369858106701,3.39038139712073,2.94928032097511,4.71646527572034,5.0778888113381,4.06294499167197,-15.3068937570407,13.0434642521552,6.40668032879275
GDP growth (annual %),NY.GDP.MKTP.KD.ZG,Morocco,MAR,3.41181222631384,2.58218091499747,4.12221286860944,2.7192440802029,4.34458297635238,0.52118550608968,5.05789816173446,3.06564133025955,2.89097476137077,-7.17820744246774,8.02098437000988,1.25854398420971
GDP growth (annual %),NY.GDP.MKTP.KD.ZG,Mozambique,MOZ,0.999992834742287,0.766234955773442,6.57141389665537,7.70256844839309,7.3930936986377,4.69699024225795,2.63820737310658,3.48493731678248,2.31780739722586,-1.21952292806746,2.37743248203482,4.35982933697187
GDP growth (annual %),NY.GDP.MKTP.KD.ZG,Myanmar,MMR,2.81693327329158,13.7459305561194,8.42600102485179,7.9909155972889,6.99284029025127,6.03793694060666,6.13610824360305,6.26886221471075,6.57911006765414,-9.04834692403308,-12.0163721451611,4.0374929926418
GDP growth (annual %),NY.GDP.MKTP.KD.ZG,Namibia,NAM,2.04745993989432,3.49218336365178,5.61471962254485,6.09251915977956,4.26417453763675,0.0337944502063294,-1.02725082701774,1.05994347072928,-0.839154686169735,-8.1014007457625,3.52465798146424,7.56277902027315
GDP growth (annual %),NY.GDP.MKTP.KD.ZG,Nauru,NRU,..,..,4.54545454545455,15.2173913043478,-5.66037735849056,8,-6.48148148148148,7.92079207920793,8.25688073394495,4.23728813559323,3.2520325203252,1.5748031496063
GDP growth (annual %),NY.GDP.MKTP.KD.ZG,Nepal,NPL,4.63503634691862,6.19999998192236,3.52515317129149,6.01148284250441,3.97605327162971,0.433113719381524,8.97727935643466,7.62237610397935,6.65705543110467,-2.3696206292072,4.838149614115,5.6131931634764
GDP growth (annual %),NY.GDP.MKTP.KD.ZG,Netherlands,NLD,4.18322298634072,4.1956424978691,-0.130175288449919,1.42339539510084,1.95916972105708,2.19171371926123,2.91090251315005,2.36091509478513,1.95558841574046,-3.88608391819609,6.19185710427116,4.32891831787197
GDP growth (annual %),NY.GDP.MKTP.KD.ZG,New Caledonia,NCL,3.6000012717432,2.10010882688805,..,..,..,..,..,3.99570728203879,-1.40000000198451,-2.40000000064407,-2.09999999762849,3.49999999999999
GDP growth (annual %),NY.GDP.MKTP.KD.ZG,New Zealand,NZL,0.153140526142408,2.87134325680614,2.76492098657732,3.81083683791805,3.73643071502539,3.80175804809272,3.52441324940476,3.52518320036963,2.44598315515373,-0.653921432098016,5.16784735916997,2.85110083497695
GDP growth (annual %),NY.GDP.MKTP.KD.ZG,Nicaragua,NIC,-0.0524997212687737,4.10159023598223,4.92679226883017,4.78517074681967,4.79270223158466,4.56292760915053,4.63082155203914,-3.36264928841204,-2.89702791954369,-1.7662584519904,10.3468976209071,3.75057439088158
GDP growth (annual %),NY.GDP.MKTP.KD.ZG,Niger,NER,-1.30847828481959,-1.20847774100575,5.31513063394726,6.64213665495603,4.39264883207291,5.74089315058157,5.00536078545952,7.21141802870243,5.93985257070464,3.55064109384932,1.38359636202017,11.4896906228748
GDP growth (annual %),NY.GDP.MKTP.KD.ZG,Nigeria,NGA,11.7768859342069,5.01593475931159,6.67133539306172,6.30971865525467,2.65269329543003,-1.61686894906529,0.80588661910221,1.92275734200651,2.20842927714881,-1.79425308274458,3.64718654072446,3.25168140827093
GDP growth (annual %),NY.GDP.MKTP.KD.ZG,North Macedonia,MKD,..,4.54913578288874,2.92525766450484,3.62912351276373,3.85586514041738,2.84820519363306,1.08177273813243,2.88059670964267,3.91041953840173,-6.11088671102702,5.5060164611849,2.14665646639671
GDP growth (annual %),NY.GDP.MKTP.KD.ZG,Northern Mariana Islands,MNP,..,..,2.68096514745308,4.177545691906,3.38345864661653,29.2121212121212,23.1707317073171,-19.2688499619193,-11.3207547169811,-29.6808510638298,..,..
GDP growth (annual %),NY.GDP.MKTP.KD.ZG,Norway,NOR,1.93229132787364,3.31894567098156,1.01619082409272,2.04813199855084,1.85733972643303,1.16472423497285,2.46374628510146,0.828931484017275,1.12374696436403,-1.2781717845226,3.89839906700269,3.27734549513814
GDP growth (annual %),NY.GDP.MKTP.KD.ZG,Oman,OMN,-0.130425738129333,6.55106688508485,5.22770408145942,1.29225229411081,5.01705799719045,5.04642394571691,0.304057565922449,1.28710391543288,-1.1287110618463,-3.37971439992238,3.09227668737446,4.31125350906991
GDP growth (annual %),NY.GDP.MKTP.KD.ZG,Pakistan,PAK,4.45858681509836,4.26008801112008,4.36686504978387,4.11642817161422,4.21794209572506,6.57383828511043,4.43262590683975,6.15170261099519,2.49763692943365,-1.27408744338709,6.51388575852702,4.70580295198029
GDP growth (annual %),NY.GDP.MKTP.KD.ZG,Palau,PLW,..,..,-3.38730993605576,6.29386586529996,7.53906322541347,-0.0833732240018179,-4.07881092291738,1.40986486486487,0.198285523157978,-7.54950209751645,-13.7220893214838,..
GDP growth (annual %),NY.GDP.MKTP.KD.ZG,Panama,PAN,8.09899300573215,2.71537380193523,6.90394810915348,5.06642233879558,5.73305430915852,4.9532114714853,5.59114887414709,3.68542981594908,3.28187497706709,-17.6683327218533,15.835765045402,10.8093661181786
GDP growth (annual %),NY.GDP.MKTP.KD.ZG,Papua New Guinea,PNG,-3.01216922181256,-2.49484199260023,3.82494632800675,13.5437706216546,6.57835632304275,5.48957315278187,3.53461081750459,-0.279252284959952,4.48043062171888,-3.16738117629639,-0.780328796906943,5.16505135797694
GDP growth (annual %),NY.GDP.MKTP.KD.ZG,Paraguay,PRY,4.12328287941739,-2.31414056819045,8.29307648940471,5.30123859237025,2.95715173487106,4.26802583314583,4.81007885554041,3.20425034076639,-0.40185510068001,-0.819785390971916,4.01673731780312,0.0754394653406791
GDP growth (annual %),NY.GDP.MKTP.KD.ZG,Peru,PER,-4.98256353646605,2.69437139806912,5.85251821084928,2.38215737180541,3.25224477218451,3.95331871520767,2.51883544233135,3.969351341365,2.24063176875049,-10.8696407826493,13.4175302909947,2.68387143477631
GDP growth (annual %),NY.GDP.MKTP.KD.ZG,Philippines,PHL,3.08267252855887,4.38250483347254,6.75053130394745,6.34798748029741,6.34830971539886,7.14945675286656,6.93098832521765,6.34148557098946,6.11852566118505,-9.5182947406494,5.71473313483246,7.57033248795027
GDP growth (annual %),NY.GDP.MKTP.KD.ZG,Poland,POL,..,4.56098540978283,0.85655708060645,3.83695849351797,4.38329863507276,2.95350884167718,5.14001757409446,5.94520847705498,4.44998787878788,-2.02007073357655,6.93498038387065,5.26036442513194
GDP growth (annual %),NY.GDP.MKTP.KD.ZG,Portugal,PRT,3.95052276325154,3.81617806346979,-0.922644674527888,0.792190301875365,1.79204604555983,2.01948539561312,3.5063452848124,2.84932593436179,2.68275992118076,-8.3005165411776,5.73743721854339,6.82751087594069
GDP growth (annual %),NY.GDP.MKTP.KD.ZG,Puerto Rico,PRI,-2.84054072620243,3.2719645286232,-0.306826657099961,-1.19036345385329,-1.04944365110551,-1.26300292505279,-2.88595475858821,-4.36060606060606,1.67506310530929,-4.20280671867371,0.432646953579919,3.36097255511649
GDP growth (annual %),NY.GDP.MKTP.KD.ZG,Qatar,QAT,..,..,5.55604064306607,5.33432329196459,4.75334572438737,3.06419188430156,-1.49760470227838,1.23487220191065,0.688240959581748,-3.55760399909477,1.62684672468288,4.2088712407766
GDP growth (annual %),NY.GDP.MKTP.KD.ZG,Romania,ROU,..,2.4612634592269,0.269963878633803,4.12067496319813,3.16050387041089,2.8575460568877,8.19650650309624,6.02901904128214,3.85316383348211,-3.67751079121797,5.70889455766321,4.59536094592346
GDP growth (annual %),NY.GDP.MKTP.KD.ZG,Russian Federation,RUS,-2.99999564243126,10.0000668136515,1.75542214874298,0.736267221765672,-1.97271922580408,0.193690071260534,1.82579006401834,2.80724541059601,2.19807571335009,-2.65365450102773,5.61429037578345,-2.06971152527731
GDP growth (annual %),NY.GDP.MKTP.KD.ZG,Rwanda,RWA,-2.39929109757922,8.37087690291203,4.71985027083323,6.16716724466386,8.85684199832404,5.97075620427256,3.92887558562897,8.53615837521969,9.46228643043381,-3.37651719288358,10.8757712506973,8.16038387534834
GDP growth (annual %),NY.GDP.MKTP.KD.ZG,Samoa,WSM,-4.42145094556248,5.09304469244418,0.107293276488932,0.659923768782861,3.8503618166494,7.9838628784713,1.40628239971301,-0.609647103380141,4.45185891688691,-3.10844401053139,-7.07883094291508,-5.30629089966979
GDP growth (annual %),NY.GDP.MKTP.KD.ZG,San Marino,SMR,..,2.17937971500419,-0.78397212543554,-0.702370500438988,2.29150556145005,2.34440586406082,0.258265466508817,1.49390531809983,2.06568514501689,-6.64791081891327,8.46307184428878,..
GDP growth (annual %),NY.GDP.MKTP.KD.ZG,Sao Tome and Principe,STP,..,..,5.11970088264353,4.90620987261865,1.53969216893665,5.17682174955398,4.11296860682981,4.37813939939196,2.01431934293439,2.62485949543812,1.89929891337832,0.0652824380846795
GDP growth (annual %),NY.GDP.MKTP.KD.ZG,Saudi Arabia,SAU,15.1934258901094,5.62541614593002,2.85034299106097,4.02765121507389,4.69014507334364,2.36307457927667,-0.0696980156093616,2.76224373755605,0.832280326830841,-4.34138767799323,4.32610467585843,8.68073610168936
GDP growth (annual %),NY.GDP.MKTP.KD.ZG,Senegal,SEN,-0.746282224252312,3.88721095816793,2.41238527605579,6.22407443790986,6.36704365066983,6.35606857208136,7.40748618589598,6.20924103388887,4.6136280976221,1.34207377285524,6.5396737259742,4.15385649390316
GDP growth (annual %),NY.GDP.MKTP.KD.ZG,Serbia,SRB,..,6.13181308953254,2.89263673355808,-1.58951031990257,1.80605926509682,3.33858676542988,2.10116384741241,4.4951212927627,4.33173490608283,-0.903218501520755,7.72594777674031,2.54995557013696
GDP growth (annual %),NY.GDP.MKTP.KD.ZG,Seychelles,SYC,7.45476631934072,4.25319834931828,1.25373496242949,4.0636918123521,4.19458692437438,5.10482682890945,2.78671033812937,3.70668006027121,4.87698566447115,-7.72839441237589,5.42682275214648,9.00030736732218
GDP growth (annual %),NY.GDP.MKTP.KD.ZG,Sierra Leone,SLE,3.34999798387716,6.6527296593931,21.0790141636427,4.55925353270443,-20.4910741068,6.34672785193587,3.75380321400363,3.47290262012461,5.25374631307365,-1.96848689118619,4.10470008884118,3.45753985565149
GDP growth (annual %),NY.GDP.MKTP.KD.ZG,Singapore,SGP,9.82089955731777,9.03831632555163,4.81763099120676,3.93554027709007,2.97679931634806,3.60165603913242,4.54472821784424,3.57543271019112,1.33126132689951,-3.90105340221118,8.88235399664532,3.64697207108541
GDP growth (annual %),NY.GDP.MKTP.KD.ZG,Sint Maarten (Dutch part),SXM,..,..,1.30672788274755,1.58038463773187,0.105811101134719,0.967761366552637,-7.53521467064108,-6.85698412712318,10.9649995035887,-13.3167878668409,4.57759800311091,9.79999999999974
GDP growth (annual %),NY.GDP.MKTP.KD.ZG,Slovak Republic,SVK,..,1.16652651824111,0.632740007294188,2.69718980707125,5.16718160614154,1.94395086102337,2.93806867784903,4.03038971425349,2.51125619776377,-3.33549888710313,4.78914645941862,1.75044813974212
GDP growth (annual %),NY.GDP.MKTP.KD.ZG,Slovenia,SVN,..,3.67237154968245,-1.02928277204056,2.76815883065036,2.21008160650594,3.19185251782498,4.81538063231366,4.45436574721896,3.52267923999254,-4.24088372175214,8.22849988578498,2.46078331366104
GDP growth (annual %),NY.GDP.MKTP.KD.ZG,Solomon Islands,SLB,2.20000000014575,-14.2769995911798,5.23774017780327,1.18921747092358,1.67614615649777,5.55473153366954,3.07534803424636,2.74599542334096,1.74951428706819,-3.38111604772683,-0.569742892674313,-4.06243940275354
GDP growth (annual %),NY.GDP.MKTP.KD.ZG,Somalia,SOM,-1.48407568424224,..,..,7.52639158294046,9.94679995234841,6.42430700453119,9.5001896424989,2.99402006360616,3.62683006401679,-2.55978883616278,3.30762095231761,2.43309248633486
GDP growth (annual %),NY.GDP.MKTP.KD.ZG,South Africa,ZAF,-0.317760426540374,4.20000000067826,2.48546800826588,1.41382645223793,1.32186223678229,0.664552307858116,1.15794695147646,1.5567838465238,0.25993557707082,-5.96335818283997,4.70306206389499,1.91040616938092
GDP growth (annual %),NY.GDP.MKTP.KD.ZG,South Sudan,SSD,..,..,13.1297311406943,3.37364847715736,-10.7933646271143,..,..,..,..,..,..,..
GDP growth (annual %),NY.GDP.MKTP.KD.ZG,Spain,ESP,3.78139355508462,5.24594382377803,-1.40334186790638,1.39577536727975,3.83851887667484,3.03777414172446,2.97576072924863,2.28446941947622,1.9839662230883,-11.1672978596983,6.40317361484541,5.77064767618052
GDP growth (annual %),NY.GDP.MKTP.KD.ZG,Sri Lanka,LKA,6.39999531086634,6.00003315828934,4.05174632926911,6.37797889289399,4.2059554759927,5.05362489256818,6.4606812707036,2.31008425192161,-0.220483886072614,-4.62451581633715,3.51222455549778,-7.82397732646906
GDP growth (annual %),NY.GDP.MKTP.KD.ZG,St. Kitts and Nevis,KNA,4.87725151603959,10.042808415173,5.70982297813258,7.58147888339975,0.714014853728685,3.92265802209508,0.0181152216463687,2.05283385607633,4.0494855356965,-14.5595160834041,-0.891539866098597,8.8452088452089
GDP growth (annual %),NY.GDP.MKTP.KD.ZG,St. Lucia,LCA,9.89070153044158,0.0487485535201131,-2.00502437372521,1.32800257162373,0.101913353821743,3.42785383786526,3.38701955301912,2.88076820485463,-0.650152680551955,-24.3645761031684,12.2299055478083,15.8795122076192
GDP growth (annual %),NY.GDP.MKTP.KD.ZG,St. Martin (French part),MAF,..,..,..,..,1,5,-8,-8,6.5,-12.5,4.90000000000002,..
GDP growth (annual %),NY.GDP.MKTP.KD.ZG,St. Vincent and the Grenadines,VCT,4.14918682834306,1.63903190394467,2.4624841721544,1.1457271877622,2.78509791763551,4.1496810046981,1.54810173239956,3.1756114423991,0.661727443679865,-3.73956205351385,0.795293934587079,4.90992748744645
GDP growth (annual %),NY.GDP.MKTP.KD.ZG,Sudan,SDN,-5.47005377640816,6.34586743997545,1.95514463302422,4.66137954229873,1.91017689052751,3.46764218409288,0.70925628476644,-2.6809305497999,-2.17825104530091,-3.62980082410752,-1.8685204827207,-0.953407030476754
GDP growth (annual %),NY.GDP.MKTP.KD.ZG,Suriname,SUR,-4.50000000054418,2.09999886750489,2.9334416518612,0.255503031645475,-3.41109601307089,-4.91578646874108,1.56839798246668,4.94827108468886,1.16758977233877,-15.9751917148622,-2.43538583612838,2.43372370900539
GDP growth (annual %),NY.GDP.MKTP.KD.ZG,Sweden,SWE,0.754674768666845,4.7663488714872,1.187775715906,2.65779827531642,4.48928158790491,2.07059315052096,2.56792452526476,1.95002284569983,1.98619587380391,-2.17021317885872,6.14702464708019,2.83182849141977
GDP growth (annual %),NY.GDP.MKTP.KD.ZG,Switzerland,CHE,3.67462559317617,3.95871971933516,1.79214405707484,2.34988127508626,1.64462768699285,2.0686896670996,1.36279955711416,2.86044579461633,1.14198232505277,-2.14173720650054,5.39188804141473,2.56832817834069
GDP growth (annual %),NY.GDP.MKTP.KD.ZG,Syrian Arab Republic,SYR,3.73955590233751,0.675642589410501,-26.3000876641997,-10.3103399024413,-4.17979161679355,-6.4055907393619,-0.723281777470547,1.39317607830837,1.22070522070523,-0.182330467026262,1.29973808951831,..
GDP growth (annual %),NY.GDP.MKTP.KD.ZG,Tajikistan,TJK,-0.59999963133663,8.32432449473859,7.39999974700379,6.70000069016253,6.01930331771186,6.89999999999999,7.09999999999999,7.59999999939372,7.40000000004744,4.40000000058538,9.40000000022746,8.00000000014505
GDP growth (annual %),NY.GDP.MKTP.KD.ZG,Tanzania,TZA,7.04507164205384,4.52078463603272,6.78158560065316,6.73246186832483,6.16062877406682,6.86711619644551,6.72726996832438,5.50267599384966,5.79999999996723,1.99196460647855,4.32138429480482,4.55802733858587
GDP growth (annual %),NY.GDP.MKTP.KD.ZG,Thailand,THA,11.1671634446293,4.45524704335014,2.68749556320556,0.984468863619426,3.13404724911635,3.43515771692182,4.1776810321001,4.22287028746071,2.11455779628278,-6.0669259685517,1.49209523545821,2.59764412586718
GDP growth (annual %),NY.GDP.MKTP.KD.ZG,Timor-Leste,TLS,..,..,3.10436683211147,4.47249846569638,2.7972661120109,3.36817482791557,-3.1445700238548,-0.692800735541169,23.4120167614743,31.9619188685361,5.31553743115596,-20.5415867731785
GDP growth (annual %),NY.GDP.MKTP.KD.ZG,Togo,TGO,-0.243656134462043,-0.783479606389932,5.82426583399493,5.63324021651326,5.46803129300602,4.21489560918502,4.00791259566937,4.79518333086139,4.92283321360694,2.16228657424364,5.99156914603942,5.81054656757136
GDP growth (annual %),NY.GDP.MKTP.KD.ZG,Tonga,TON,-2.04409143521224,0.875990063008445,0.312307909294702,2.01870046039205,1.17188825589601,6.57100050107448,3.32243254438831,0.241227960275054,0.706483433860413,0.488645323313833,-2.66750617523127,..
GDP growth (annual %),NY.GDP.MKTP.KD.ZG,Trinidad and Tobago,TTO,1.50916784295177,6.90135959072803,3.53192565369508,3.85364078923793,-0.777478729405431,-7.52712257987442,-4.8008157464911,-0.602435915455416,0.361250889870604,-9.07789616880692,-1.03744680680525,1.48224391791334
GDP growth (annual %),NY.GDP.MKTP.KD.ZG,Tunisia,TUN,7.94981943665461,4.7099729138049,2.42993096446429,3.09032803070775,0.967703153193497,1.11742585932831,2.23783869165773,2.62493009339495,1.5878467320356,-8.81792562613296,4.4054753864996,2.43786606474876
GDP growth (annual %),NY.GDP.MKTP.KD.ZG,Turkiye,TUR,9.26614667149323,6.93323970455904,8.48581699653026,4.9397151613658,6.08448690443663,3.32308420845746,7.50199748917491,3.01317990846508,0.81852593620826,1.85983969001542,11.4393847446421,5.53346926596379
GDP growth (annual %),NY.GDP.MKTP.KD.ZG,Turkmenistan,TKM,35.3845581084463,5.46906413252854,10.200000101399,10.2999999705459,6.49999990951666,6.1999999664301,6.50000004682975,6.19999994137119,6.30000004226711,-3.40000004446863,4.50000002604101,1.69999996688102
GDP growth (annual %),NY.GDP.MKTP.KD.ZG,Turks and Caicos Islands,TCA,..,..,1.07087701348118,8.71129658152685,11.3148341336331,7.25118054973062,-2.49021899245794,5.61095637443547,5.32455148316902,-26.7828769274205,9.00000000000001,6.2
GDP growth (annual %),NY.GDP.MKTP.KD.ZG,Tuvalu,TUV,..,-0.970489205783323,4.34782608695652,0,10.4166666666667,5.66037735849056,2.44839285714286,1.38728384151602,13.8220984406966,-4.27493206901397,1.8041359113616,0.677317445606946
GDP growth (annual %),NY.GDP.MKTP.KD.ZG,Uganda,UGA,6.47414015255596,3.141907338187,3.58690582623025,5.10630732539796,5.18785986002466,4.78100029254482,3.13140551723596,6.30392378262997,6.43874503276439,2.95130642219563,3.53658034070294,4.58802192178143
GDP growth (annual %),NY.GDP.MKTP.KD.ZG,Ukraine,UKR,-6.34523512831163,5.90000000024899,0.045439094492707,-10.0788949840953,-9.7729872128676,2.44098194492067,2.35997228099491,3.48836234022659,3.19950386354134,-3.75280409994949,3.4456255827111,-29.1
GDP growth (annual %),NY.GDP.MKTP.KD.ZG,United Arab Emirates,ARE,18.3279855336406,10.8527042125985,5.05555965425988,4.16569184256178,6.78677287945216,5.56149075496799,0.735068713165646,1.31391388141118,1.10834813893099,-4.95705243652739,4.35475529921305,7.85041812492967
GDP growth (annual %),NY.GDP.MKTP.KD.ZG,United Kingdom,GBR,0.733755495925308,4.31872705812104,1.79232221590813,3.19578246561922,2.2202583222271,1.9210634135702,2.65506966811928,1.40379208588568,1.64161099628876,-10.3599008187799,8.67490411442573,4.34656140089153
GDP growth (annual %),NY.GDP.MKTP.KD.ZG,United States,USA,1.88596495668033,4.07715947941618,1.84187539518688,2.28777593255359,2.70636958176399,1.66747207596187,2.24192121597748,2.9453848312678,2.29443907769311,-2.76780251140578,5.94548476122172,1.93563459187081
GDP growth (annual %),NY.GDP.MKTP.KD.ZG,Uruguay,URY,0.297348378681562,-1.92993063549235,4.63753862902416,3.23879122952364,0.370741257681345,1.68979815933486,1.74037649262446,0.156000001137912,0.744431644977666,-6.26297681887324,5.27655886746021,4.92187446326928
GDP growth (annual %),NY.GDP.MKTP.KD.ZG,Uzbekistan,UZB,1.60000000583702,3.83500000014033,7.29655036878682,6.87383844617584,7.21877350346286,5.9321508024275,4.39527463456371,5.87974286685132,5.98156194197317,1.995585081437,7.40336813639082,5.66881705315419
GDP growth (annual %),NY.GDP.MKTP.KD.ZG,Vanuatu,VUT,11.6956997985937,5.92480905652914,0.463390415135095,3.13686729438693,0.366522075389213,4.68875636558563,6.31730538443077,2.90023027256446,3.24118765540442,-4.99249142889525,0.648653484834938,1.8489710653807
GDP growth (annual %),NY.GDP.MKTP.KD.ZG,"Venezuela, RB",VEN,6.46794085305808,3.68694416687683,1.34309403607476,-3.89438647450662,..,..,..,..,..,..,..,..
GDP growth (annual %),NY.GDP.MKTP.KD.ZG,Viet Nam,VNM,5.10091813908369,6.78731640463151,5.55351081026072,6.42224312118567,6.98715430598611,6.69000892660424,6.94019037359206,7.46500685572751,7.35926270105006,2.86541320912272,2.56156410670985,8.01979237442838
GDP growth (annual %),NY.GDP.MKTP.KD.ZG,Virgin Islands (U.S.),VIR,..,..,-6.28515529469308,-1.77453027139875,-0.425079702444208,1.6008537886873,-0.735294117647058,1.9047619047619,2.93354101765317,-1.91677175283733,2.85420416559528,..
GDP growth (annual %),NY.GDP.MKTP.KD.ZG,West Bank and Gaza,PSE,..,-8.55618329065622,4.69856986552234,-0.157866650855297,3.72129967114788,8.86461881995935,1.41936756294787,1.22707737782703,1.36268746558062,-11.3184661065134,7.01198227592003,3.93297695999789
GDP growth (annual %),NY.GDP.MKTP.KD.ZG,"Yemen, Rep.",YEM,..,6.18191560990542,4.82351908167425,-0.188690238506624,-27.9945462449555,-9.37512382197683,-5.07179564170332,0.7524475922704,..,..,..,..
GDP growth (annual %),NY.GDP.MKTP.KD.ZG,Zambia,ZMB,-0.481072027781664,3.89732294341896,5.05723173979734,4.69799236252986,2.92037511217961,3.77667914626731,3.50433609558682,4.03449389667165,1.44130602603785,-2.78505506545167,6.23492204190059,5.24962229816639
GDP growth (annual %),NY.GDP.MKTP.KD.ZG,Zimbabwe,ZWE,6.98855293253524,-3.05918974918634,3.1967308868621,1.48454262162193,2.02364999592871,0.900955396308504,4.08026390333053,5.00986678330221,-6.33244642559313,-7.81695061846828,8.46801690894254,6.52237528740794
GDP growth (annual %),NY.GDP.MKTP.KD.ZG,Africa Eastern and Southern,AFE,-0.027216081036741,3.34857351980611,4.21660749893142,4.00757694853084,2.96506232728126,2.21901460787033,2.57194147972019,2.49135469614066,2.04061696561413,-2.79903807509672,4.3004408275946,3.43513777026112
GDP growth (annual %),NY.GDP.MKTP.KD.ZG,Africa Western and Central,AFW,6.57621519918207,3.73144880217376,6.10701277286437,5.92626557116256,2.81354341178157,0.142091829327867,2.28626953562923,2.83882880242301,3.20091866684984,-0.938161714877765,3.97631746525985,3.76635389250266
GDP growth (annual %),NY.GDP.MKTP.KD.ZG,Arab World,ARB,12.0855071441102,6.58767124421666,2.61880954670424,2.43324442278173,3.44381323626648,3.6860910285115,1.23944744820477,2.43822540860855,1.35977646255947,-5.04828507913489,3.73264556603135,6.033833417439
GDP growth (annual %),NY.GDP.MKTP.KD.ZG,Caribbean small states,CSS,0.913065581067073,3.75094301719339,1.38204080011664,2.30307013928086,0.208242455067321,-2.18378140004333,-0.562515289996782,1.60475370906275,0.897429472371087,-9.64994514392755,5.87897935202028,13.2172054216066
GDP growth (annual %),NY.GDP.MKTP.KD.ZG,Central Europe and the Baltics,CEB,..,3.95686089200021,0.663998194178433,3.21256403738292,4.02542475575089,2.74966903544507,5.10291796588449,4.94031321919648,3.90176981753798,-3.41697586600033,6.47606275750201,4.12758623214164
GDP growth (annual %),NY.GDP.MKTP.KD.ZG,Early-demographic dividend,EAR,5.43313818486888,4.42715579328193,4.06508342022818,4.12483429473494,4.43449160523379,4.43594480338849,4.53889168458142,3.81739427698729,2.35545529788754,-4.28570431935799,7.12646116982152,5.64083092107803
GDP growth (annual %),NY.GDP.MKTP.KD.ZG,East Asia & Pacific,EAS,5.07064257573606,5.39368451674136,5.24511395095809,4.75873967143461,4.72833171558867,4.66012591396301,5.05464000036962,4.76021910380931,3.96059103453936,-0.170310024757185,6.14308220263328,2.89438469797088
GDP growth (annual %),NY.GDP.MKTP.KD.ZG,East Asia & Pacific (excluding high income),EAP,5.16377130444337,7.63908645147859,7.29844843158926,6.9835143569408,6.70715196644301,6.56526490602552,6.70748483111142,6.52492669200448,5.78169362582067,1.24617254629476,7.60122401441308,3.41424092263341
GDP growth (annual %),NY.GDP.MKTP.KD.ZG,East Asia & Pacific (IDA & IBRD countries),TEA,5.16377130444337,7.63908645147859,7.29842950667164,6.98356950686414,6.70706275420312,6.56527405587997,6.70739958761162,6.52493459873855,5.78170782997812,1.24619011280826,7.60119771746662,3.41423025020137
GDP growth (annual %),NY.GDP.MKTP.KD.ZG,Euro area,EMU,3.60365512642693,3.86481276145902,-0.218686414576226,1.40589735306132,2.05219092924742,1.85776561168151,2.6255233869033,1.78364588575117,1.58190225497322,-6.09623085758767,5.93763466054381,3.37125972623768
GDP growth (annual %),NY.GDP.MKTP.KD.ZG,Europe & Central Asia,ECS,2.33812969267424,4.35977348222858,0.846598488286233,1.92657518081396,2.05779082981128,1.89904414000237,2.90864060824742,2.13305967093697,1.80467754424434,-5.48178463209797,6.52621273192541,3.12464393592353
GDP growth (annual %),NY.GDP.MKTP.KD.ZG,Europe & Central Asia (excluding high income),ECA,-1.45700440848275,8.42343207307256,4.04673862124443,2.0497998580928,0.91150889212534,1.5772214612084,3.9263528108997,3.17395577635521,2.25341449544099,-1.22737876356722,7.46092142566872,0.765858152598199
GDP growth (annual %),NY.GDP.MKTP.KD.ZG,Europe & Central Asia (IDA & IBRD countries),TEC,-1.45700440848275,7.39899452645432,3.38418241846054,2.33791736885338,1.48631724177297,1.84885203546214,4.29167265253754,3.68708276470002,2.65435340853806,-1.57202702576296,7.37974786288005,1.66035229011896
GDP growth (annual %),NY.GDP.MKTP.KD.ZG,European Union,EUU,3.38238452132167,3.90052515551629,-0.0829014869741371,1.60027872446496,2.30921896845098,1.97176571205941,2.84505237325486,2.06631701487747,1.80500166877601,-5.65123192990669,6.01682142292772,3.44221701199984
GDP growth (annual %),NY.GDP.MKTP.KD.ZG,Fragile and conflict affected situations,FCS,5.03235205214938,5.45189653993052,3.47645259344785,2.14929447231935,1.09010153459923,2.20557065520262,2.50009959363658,2.59036443966838,2.1739155016506,-5.04055834715035,2.45787437773011,1.20566114014424
GDP growth (annual %),NY.GDP.MKTP.KD.ZG,Heavily indebted poor countries (HIPC),HPC,-0.66677295826139,2.9713708545344,5.53643736074913,5.78839043719313,4.67427746609617,4.39867540818462,4.80011665743847,3.88140103485036,4.12307339586275,0.149236566155551,3.9535616989901,4.56604799635846
GDP growth (annual %),NY.GDP.MKTP.KD.ZG,High income,HIC,3.01182792992347,4.14152266385346,1.49696261909482,2.0991851129611,2.36295218951537,1.82625589933703,2.40019319551301,2.34302668695791,1.75842767733354,-4.19807489813499,5.58047628440991,2.78176632976445
GDP growth (annual %),NY.GDP.MKTP.KD.ZG,IBRD only,IBD,1.94405860160003,5.90016573916512,5.21662439904141,4.78981322322525,4.40779427947669,4.54866790597741,5.22995518060976,4.93786410687234,3.9742050622616,-1.34802881011304,7.48474404291879,3.58198503270349
GDP growth (annual %),NY.GDP.MKTP.KD.ZG,IDA & IBRD total,IBT,2.12764121495385,5.72787256649305,5.21669036072477,4.84375497827902,4.32711461058327,4.44757292217004,5.12733081378343,4.88400533489445,3.96321661604605,-1.30602010914012,7.24122058028252,3.62812418615412
GDP growth (annual %),NY.GDP.MKTP.KD.ZG,IDA blend,IDB,6.44404790400917,3.71073254678618,5.52444312991322,5.62958636437946,3.74751205748778,2.09570063980375,2.56687435153535,3.85937143099116,2.768233144105,-1.39109220401066,5.12002342090732,4.19619654408825
GDP growth (annual %),NY.GDP.MKTP.KD.ZG,IDA only,IDX,1.28963258887215,4.08613371461671,4.93406081976791,5.33391441354512,3.05604227309144,4.34152891767768,5.12470499764871,4.56830313246942,4.76610522029685,-0.280486864113996,3.59636318829138,4.21488597301571
GDP growth (annual %),NY.GDP.MKTP.KD.ZG,IDA total,IDA,3.91601686474607,3.90897044002716,5.21746623532069,5.47568988980431,3.38808762084139,3.25932792739539,3.90604844670722,4.2348918974789,3.82988917629605,-0.795602412847501,4.29881778523291,4.20614861686803
GDP growth (annual %),NY.GDP.MKTP.KD.ZG,Late-demographic dividend,LTE,0.503415879116758,6.97818207358647,5.61024880724139,5.22588288934904,4.69922415467845,4.47127363088813,5.30339867651041,5.42331366872327,4.64138752342733,0.18161226016484,7.46987508673169,3.17381187100194
GDP growth (annual %),NY.GDP.MKTP.KD.ZG,Latin America & Caribbean,LCN,-0.374145701917143,3.60753159400294,2.72260145173864,1.32968122372972,0.407335820374271,-0.344855365699829,1.82183846920128,1.57710452783817,0.714360570052406,-6.62110449090615,7.02604764330485,3.88844890737587
GDP growth (annual %),NY.GDP.MKTP.KD.ZG,Latin America & Caribbean (excluding high income),LAC,-0.463819121200999,3.61850434798856,2.72316923572112,1.28818782556401,0.292051050378973,-0.495283194861997,1.94243619303123,1.57082844088605,0.655264754074736,-6.51901724903855,6.82529271106742,3.74207911719185
GDP growth (annual %),NY.GDP.MKTP.KD.ZG,Latin America & the Caribbean (IDA & IBRD countries),TLA,-0.236121572334369,3.57992746327092,2.81769234473587,1.39243912585856,0.363799574174223,-0.350020060090827,1.92230513536163,1.68192710217774,0.711972103108423,-6.52597896646434,7.23561474705288,3.89600971835442
GDP growth (annual %),NY.GDP.MKTP.KD.ZG,Least developed countries: UN classification,LDC,0.366958903642271,4.27669924714276,5.61696754885135,5.57219429338991,2.66394173158741,3.68734403246668,4.34635133281478,4.31276658485208,4.77726430399179,-0.200305848521737,2.63188791825351,4.46942851550118
GDP growth (annual %),NY.GDP.MKTP.KD.ZG,Low & middle income,LMY,2.07715151131542,5.8305503953117,5.35652606116494,4.8959609518856,4.37008820351654,4.51753827117945,5.14688381150776,4.87575131775824,3.98014082703131,-1.21432636108733,7.18764645150118,3.56350998556036
GDP growth (annual %),NY.GDP.MKTP.KD.ZG,Low income,LIC,-1.91078016204729,3.29953718523637,3.27974694021933,4.41186975839072,-0.384436994369608,2.13605179649494,2.85941786533608,2.94415725553266,3.75832317162623,0.062728819960256,1.79890111279894,3.41250527110573
GDP growth (annual %),NY.GDP.MKTP.KD.ZG,Lower middle income,LMC,4.59697841559282,4.42070701275901,4.88956246320926,5.62529311859609,5.01982166229527,5.77614047956871,5.10586958109226,4.78982309051776,3.49427006019725,-3.19117350987067,6.12808081605026,5.20116349767494
GDP growth (annual %),NY.GDP.MKTP.KD.ZG,Middle East & North Africa,MEA,13.1094779091087,6.76555079334655,2.24439862118288,2.85237195458674,2.7458001505326,4.4279303853786,1.75134002727273,2.16684843653752,1.16514734732351,-3.74285429204473,4.55275511468068,5.99038639227393
GDP growth (annual %),NY.GDP.MKTP.KD.ZG,Middle East & North Africa (excluding high income),MNA,11.8853383122606,6.06694286538547,0.446847959951086,1.75971783969773,0.740791622490036,5.34298859125899,3.12451429866833,1.80206518700624,0.902743644235656,-3.20882096087237,4.36315294967939,4.23585491782812
GDP growth (annual %),NY.GDP.MKTP.KD.ZG,Middle East & North Africa (IDA & IBRD countries),TMN,11.8853383122606,6.20373510648847,0.407217381186783,1.77832746083941,0.712416884198447,5.30846068447566,3.14179700486341,1.807795717532,0.898185829731005,-3.12808844861009,4.33901302455165,4.23871413934407
GDP growth (annual %),NY.GDP.MKTP.KD.ZG,Middle income,MIC,2.1521753744012,5.88297058023532,5.39263946641377,4.90432853261034,4.45188500972746,4.55661230289009,5.18354633083074,4.90602601314012,3.98355245210709,-1.23392532642502,7.27143326815319,3.5656663843889
GDP growth (annual %),NY.GDP.MKTP.KD.ZG,North America,NAC,1.74150794468726,4.16439378169444,1.87979174707147,2.3320529523194,2.5415102338918,1.61424653991324,2.30481956355111,2.93098976117321,2.26182745639161,-2.9499606887216,5.87298163270613,2.05021957675717
GDP growth (annual %),NY.GDP.MKTP.KD.ZG,Not classified,INX,..,..,..,..,..,..,..,..,..,..,..,..
GDP growth (annual %),NY.GDP.MKTP.KD.ZG,OECD members,OED,2.94377699477344,4.09402047690929,1.50465164827071,2.08646347903235,2.41045061569456,1.79208058944,2.50443414576536,2.33494610737064,1.73022521165468,-4.18910040422543,5.73509924774282,2.76929845313929
GDP growth (annual %),NY.GDP.MKTP.KD.ZG,Other small states,OSS,..,..,3.67435669600734,3.85198547426346,3.13626669687027,2.97809367774131,1.32593392927696,2.26513786915365,2.16966923450346,-4.77027899176458,4.25977660198585,4.20497741966388
GDP growth (annual %),NY.GDP.MKTP.KD.ZG,Pacific island small states,PSS,3.98690518278444,-1.65909667344619,3.14722223932694,3.61688087219056,3.57616200239815,3.65072867839331,3.99604947975976,2.89426622823372,1.0015372093456,-10.3112767215947,-3.43418820411414,8.21666850416281
GDP growth (annual %),NY.GDP.MKTP.KD.ZG,Post-demographic dividend,PST,2.72732236959021,4.0381921766987,1.39861131316459,1.9159216060399,2.12681887165719,1.73471440562487,2.37805332688393,2.24098696910879,1.69472644211366,-4.37538664447349,5.45480736247119,2.40385400041923
GDP growth (annual %),NY.GDP.MKTP.KD.ZG,Pre-demographic dividend,PRE,8.39619111906016,5.48617151495199,5.80146339085445,5.0882445038547,3.24207990457441,2.42577976903952,1.59156759566824,2.45548590898746,3.16635112479511,-2.54786759235297,3.04349684960825,3.97994628992473
GDP growth (annual %),NY.GDP.MKTP.KD.ZG,Small states,SST,..,..,3.25893009335243,3.58000621848218,2.64578627701202,2.13240446230969,1.07883521023737,2.17465459921364,1.94685453523988,-5.63816198589979,4.34748457456271,5.63385776776302
GDP growth (annual %),NY.GDP.MKTP.KD.ZG,South Asia,SAS,5.38021957875783,4.11248098325126,6.00923317996451,6.84796608523072,7.25167193519096,7.77601694646614,6.50365299998572,6.33480486988441,3.92413777126535,-4.62399483110728,8.25459047504098,6.48671186342027
GDP growth (annual %),NY.GDP.MKTP.KD.ZG,South Asia (IDA & IBRD),TSA,5.38021957875783,4.11248098325126,6.00923317996451,6.84796608523072,7.25167193519096,7.77601694646614,6.50365299998572,6.33480486988441,3.92413777126535,-4.62399483110728,8.25459047504098,6.48671186342027
GDP growth (annual %),NY.GDP.MKTP.KD.ZG,Sub-Saharan Africa,SSF,2.47105859624779,3.49866918393535,5.05805647942705,4.86691104430268,2.89651514892535,1.28017211214591,2.44425873544071,2.64642076609513,2.55939141031702,-1.96183022427545,4.15309518513116,3.58545220251105
GDP growth (annual %),NY.GDP.MKTP.KD.ZG,Sub-Saharan Africa (excluding high income),SSA,2.46657036692051,3.49778150429914,5.06128309096172,4.8675651388638,2.89546617862781,1.27704239105897,2.44396791545012,2.64551735022276,2.55739624090781,-1.95675362699608,4.1520398691254,3.58091094468122
GDP growth (annual %),NY.GDP.MKTP.KD.ZG,Sub-Saharan Africa (IDA & IBRD countries),TSS,2.47105859624781,3.49866918393535,5.05805647942705,4.86691104430273,2.8965151489253,1.28017211214593,2.4442587354407,2.64642076609513,2.55939141031701,-1.9618302242754,4.15309518513118,3.58545220251104
GDP growth (annual %),NY.GDP.MKTP.KD.ZG,Upper middle income,UMC,1.35407656900253,6.34263903610571,5.53185098142541,4.70595673112678,4.29424645667542,4.21576072617316,5.20558162368876,4.93895914409181,4.12202315975139,-0.683348496194441,7.58493868342995,3.12328836963172
GDP growth (annual %),NY.GDP.MKTP.KD.ZG,World,WLD,2.80723459088475,4.529979186056,2.79977345236171,3.06693547400138,3.0697934441805,2.78598573699371,3.39618265198736,3.27697936626596,2.59037617487785,-3.06563684528575,6.20216474022999,3.0869282542135
,,,,,,,,,,,,,,,
,,,,,,,,,,,,,,,
,,,,,,,,,,,,,,,
Data from database: World Development Indicators,,,,,,,,,,,,,,,
Last Updated: 12/18/2023,,,,,,,,,,,,,,,
