Series Name,Series Code,Country Name,Country Code,1990 [YR1990],2000 [YR2000],2013 [YR2013],2014 [YR2014],2015 [YR2015],2016 [YR2016],2017 [YR2017],2018 [YR2018],2019 [YR2019],2020 [YR2020],2021 [YR2021],2022 [YR2022]
"Age population, age 18, male, interpolated",SP.POP.AG18.MA.IN,Africa Eastern and Southern,AFE,..,..,..,..,..,..,..,..,..,..,..,..
"Age population, age 18, male, interpolated",SP.POP.AG18.MA.IN,Africa Western and Central,AFW,..,..,..,..,..,..,..,..,..,..,..,..
"Age population, age 18, male, interpolated",SP.POP.AG18.MA.IN,Arab World,ARB,..,..,..,..,..,..,..,..,..,..,..,..
"Age population, age 18, male, interpolated",SP.POP.AG18.MA.IN,Caribbean small states,CSS,..,..,..,..,..,..,..,..,..,..,..,..
"Age population, age 18, male, interpolated",SP.POP.AG18.MA.IN,Central Europe and the Baltics,CEB,..,..,..,..,..,..,..,..,..,..,..,..
"Age population, age 18, male, interpolated",SP.POP.AG18.MA.IN,Early-demographic dividend,EAR,..,..,..,..,..,..,..,..,..,..,..,..
"Age population, age 18, male, interpolated",SP.POP.AG18.MA.IN,East Asia & Pacific,EAS,..,..,..,..,..,..,..,..,..,..,..,..
"Age population, age 18, male, interpolated",SP.POP.AG18.MA.IN,East Asia & Pacific (excluding high income),EAP,..,..,..,..,..,..,..,..,..,..,..,..
"Age population, age 18, male, interpolated",SP.POP.AG18.MA.IN,East Asia & Pacific (IDA & IBRD countries),TEA,..,..,..,..,..,..,..,..,..,..,..,..
"Age population, age 18, male, interpolated",SP.POP.AG18.MA.IN,Euro area,EMU,..,..,..,..,..,..,..,..,..,..,..,..
"Age population, age 18, male, interpolated",SP.POP.AG18.MA.IN,Europe & Central Asia,ECS,..,..,..,..,..,..,..,..,..,..,..,..
"Age population, age 18, male, interpolated",SP.POP.AG18.MA.IN,Europe & Central Asia (excluding high income),ECA,..,..,..,..,..,..,..,..,..,..,..,..
"Age population, age 18, male, interpolated",SP.POP.AG18.MA.IN,Europe & Central Asia (IDA & IBRD countries),TEC,..,..,..,..,..,..,..,..,..,..,..,..
"Age population, age 18, male, interpolated",SP.POP.AG18.MA.IN,European Union,EUU,..,..,..,..,..,..,..,..,..,..,..,..
"Age population, age 18, male, interpolated",SP.POP.AG18.MA.IN,Fragile and conflict affected situations,FCS,..,..,..,..,..,..,..,..,..,..,..,..
"Age population, age 18, male, interpolated",SP.POP.AG18.MA.IN,Heavily indebted poor countries (HIPC),HPC,..,..,..,..,..,..,..,..,..,..,..,..
"Age population, age 18, male, interpolated",SP.POP.AG18.MA.IN,High income,HIC,..,..,..,..,..,..,..,..,..,..,..,..
"Age population, age 18, male, interpolated",SP.POP.AG18.MA.IN,IBRD only,IBD,..,..,..,..,..,..,..,..,..,..,..,..
"Age population, age 18, male, interpolated",SP.POP.AG18.MA.IN,IDA & IBRD total,IBT,..,..,..,..,..,..,..,..,..,..,..,..
"Age population, age 18, male, interpolated",SP.POP.AG18.MA.IN,IDA blend,IDB,..,..,..,..,..,..,..,..,..,..,..,..
"Age population, age 18, male, interpolated",SP.POP.AG18.MA.IN,IDA only,IDX,..,..,..,..,..,..,..,..,..,..,..,..
"Age population, age 18, male, interpolated",SP.POP.AG18.MA.IN,IDA total,IDA,..,..,..,..,..,..,..,..,..,..,..,..
"Age population, age 18, male, interpolated",SP.POP.AG18.MA.IN,Late-demographic dividend,LTE,..,..,..,..,..,..,..,..,..,..,..,..
"Age population, age 18, male, interpolated",SP.POP.AG18.MA.IN,Latin America & Caribbean,LCN,..,..,..,..,..,..,..,..,..,..,..,..
"Age population, age 18, male, interpolated",SP.POP.AG18.MA.IN,Latin America & Caribbean (excluding high income),LAC,..,..,..,..,..,..,..,..,..,..,..,..
"Age population, age 18, male, interpolated",SP.POP.AG18.MA.IN,Latin America & the Caribbean (IDA & IBRD countries),TLA,..,..,..,..,..,..,..,..,..,..,..,..
"Age population, age 18, male, interpolated",SP.POP.AG18.MA.IN,Least developed countries: UN classification,LDC,..,..,..,..,..,..,..,..,..,..,..,..
"Age population, age 18, male, interpolated",SP.POP.AG18.MA.IN,Low & middle income,LMY,..,..,..,..,..,..,..,..,..,..,..,..
"Age population, age 18, male, interpolated",SP.POP.AG18.MA.IN,Low income,LIC,..,..,..,..,..,..,..,..,..,..,..,..
"Age population, age 18, male, interpolated",SP.POP.AG18.MA.IN,Lower middle income,LMC,..,..,..,..,..,..,..,..,..,..,..,..
"Age population, age 18, male, interpolated",SP.POP.AG18.MA.IN,Middle East & North Africa,MEA,..,..,..,..,..,..,..,..,..,..,..,..
"Age population, age 18, male, interpolated",SP.POP.AG18.MA.IN,Middle East & North Africa (excluding high income),MNA,..,..,..,..,..,..,..,..,..,..,..,..
"Age population, age 18, male, interpolated",SP.POP.AG18.MA.IN,Middle East & North Africa (IDA & IBRD countries),TMN,..,..,..,..,..,..,..,..,..,..,..,..
"Age population, age 18, male, interpolated",SP.POP.AG18.MA.IN,Middle income,MIC,..,..,..,..,..,..,..,..,..,..,..,..
"Age population, age 18, male, interpolated",SP.POP.AG18.MA.IN,North America,NAC,..,..,..,..,..,..,..,..,..,..,..,..
"Age population, age 18, male, interpolated",SP.POP.AG18.MA.IN,Not classified,INX,..,..,..,..,..,..,..,..,..,..,..,..
"Age population, age 18, male, interpolated",SP.POP.AG18.MA.IN,OECD members,OED,..,..,..,..,..,..,..,..,..,..,..,..
"Age population, age 18, male, interpolated",SP.POP.AG18.MA.IN,Other small states,OSS,..,..,..,..,..,..,..,..,..,..,..,..
"Age population, age 18, male, interpolated",SP.POP.AG18.MA.IN,Pacific island small states,PSS,..,..,..,..,..,..,..,..,..,..,..,..
"Age population, age 18, male, interpolated",SP.POP.AG18.MA.IN,Post-demographic dividend,PST,..,..,..,..,..,..,..,..,..,..,..,..
"Age population, age 18, male, interpolated",SP.POP.AG18.MA.IN,Pre-demographic dividend,PRE,..,..,..,..,..,..,..,..,..,..,..,..
"Age population, age 18, male, interpolated",SP.POP.AG18.MA.IN,Small states,SST,..,..,..,..,..,..,..,..,..,..,..,..
"Age population, age 18, male, interpolated",SP.POP.AG18.MA.IN,South Asia,SAS,..,..,..,..,..,..,..,..,..,..,..,..
"Age population, age 18, male, interpolated",SP.POP.AG18.MA.IN,South Asia (IDA & IBRD),TSA,..,..,..,..,..,..,..,..,..,..,..,..
"Age population, age 18, male, interpolated",SP.POP.AG18.MA.IN,Sub-Saharan Africa,SSF,..,..,..,..,..,..,..,..,..,..,..,..
"Age population, age 18, male, interpolated",SP.POP.AG18.MA.IN,Sub-Saharan Africa (excluding high income),SSA,..,..,..,..,..,..,..,..,..,..,..,..
"Age population, age 18, male, interpolated",SP.POP.AG18.MA.IN,Sub-Saharan Africa (IDA & IBRD countries),TSS,..,..,..,..,..,..,..,..,..,..,..,..
"Age population, age 18, male, interpolated",SP.POP.AG18.MA.IN,Upper middle income,UMC,..,..,..,..,..,..,..,..,..,..,..,..
"Age population, age 18, male, interpolated",SP.POP.AG18.MA.IN,World,WLD,..,..,..,..,..,..,..,..,..,..,..,..
"Age population, age 18, male, interpolated",SP.POP.AG18.MA.IN,Afghanistan,AFG,112009.5,192772.5,365401.5,382110.5,395395,405839.5,418582.5,431196,443864,458208.5,470044,478496
"Age population, age 18, male, interpolated",SP.POP.AG18.MA.IN,Albania,ALB,32781,27960.5,26732,25564,24368.5,23239,22631,21929.5,20216.5,19503.5,19389.5,18953.5
"Age population, age 18, male, interpolated",SP.POP.AG18.MA.IN,Algeria,DZA,286111.5,382823.5,344390,331565.5,320324,301219,287078,288176,290841.5,294592.5,303728.5,317846.5
"Age population, age 18, male, interpolated",SP.POP.AG18.MA.IN,American Samoa,ASM,468,523,568.5,522,481.5,447.5,425,413.5,406.5,398,384,375
"Age population, age 18, male, interpolated",SP.POP.AG18.MA.IN,Andorra,AND,417,341.5,389.5,387,407,422.5,424.5,444.5,430,415,420.5,426.5
"Age population, age 18, male, interpolated",SP.POP.AG18.MA.IN,Angola,AGO,110330,161993.5,255443.5,263560.5,271811,280431,290453,301818.5,314493.5,327940,341913,356892.5
"Age population, age 18, male, interpolated",SP.POP.AG18.MA.IN,Antigua and Barbuda,ATG,605,594,750,762,752.5,721,683.5,712,721.5,680.5,660,645.5
"Age population, age 18, male, interpolated",SP.POP.AG18.MA.IN,Argentina,ARG,277225,332974,365017,361713,357881,356280.5,358067,359045.5,356845.5,355201.5,354168.5,354338
"Age population, age 18, male, interpolated",SP.POP.AG18.MA.IN,Armenia,ARM,29199,26353,22153,20681.5,19742,18759,17796,16833,16042.5,15855.5,16191,16854
"Age population, age 18, male, interpolated",SP.POP.AG18.MA.IN,Aruba,ABW,386.5,605,727,693.5,663,642.5,635,640.5,664.5,693.5,719.5,733
"Age population, age 18, male, interpolated",SP.POP.AG18.MA.IN,Australia,AUS,148721.5,134034.5,153714.5,153175.5,152332,152973,154695,156614.5,155203.5,152013.5,151819,153800.5
"Age population, age 18, male, interpolated",SP.POP.AG18.MA.IN,Austria,AUT,54930,50562.5,49809.5,49427.5,49597.5,49359.5,48181,46744,45495,44891.5,44772,44769.5
"Age population, age 18, male, interpolated",SP.POP.AG18.MA.IN,Azerbaijan,AZE,66292,76645.5,85558,81149.5,76323,72547,70410,68782.5,67075,66327,67725.5,71362.5
"Age population, age 18, male, interpolated",SP.POP.AG18.MA.IN,"Bahamas, The",BHS,2832.5,2839.5,3377,3356.5,3335.5,3327.5,3332.5,3343.5,3332.5,3297,3277,3286.5
"Age population, age 18, male, interpolated",SP.POP.AG18.MA.IN,Bahrain,BHR,4159.5,6936,7485.5,7775,8442,8718,8378.5,8025,7933,7549,7380.5,8115
"Age population, age 18, male, interpolated",SP.POP.AG18.MA.IN,Bangladesh,BGD,1125789.5,1435387,1572351.5,1578892,1612525.5,1649683.5,1668365.5,1686758.5,1701692,1712952.5,1717202,1708545
"Age population, age 18, male, interpolated",SP.POP.AG18.MA.IN,Barbados,BRB,2393,1937.5,1762,1772.5,1813.5,1857,1907.5,1961,1970.5,1925,1874,1831
"Age population, age 18, male, interpolated",SP.POP.AG18.MA.IN,Belarus,BLR,72408.5,81912.5,50811,47607.5,46207.5,46838.5,47831,48833.5,49206,48059.5,47502.5,47593
"Age population, age 18, male, interpolated",SP.POP.AG18.MA.IN,Belgium,BEL,70428.5,63945.5,64894.5,65079,65540.5,65416,65229,65856.5,66189.5,65550,65383.5,66332.5
"Age population, age 18, male, interpolated",SP.POP.AG18.MA.IN,Belize,BLZ,1901.5,2499.5,3647,3694.5,3747.5,3836.5,3935,3996.5,4027.5,4008.5,3963,3947
"Age population, age 18, male, interpolated",SP.POP.AG18.MA.IN,Benin,BEN,51086,71975,110316.5,111190,113554,116326.5,119296.5,122132.5,125074,128694,133164.5,137713.5
"Age population, age 18, male, interpolated",SP.POP.AG18.MA.IN,Bermuda,BMU,416.5,343,321.5,305,301.5,308,311,316,328.5,343,350,352
"Age population, age 18, male, interpolated",SP.POP.AG18.MA.IN,Bhutan,BTN,5441,6694.5,8476,8245.5,7973,7729.5,7570,7470.5,7417,7401.5,7402.5,7373.5
"Age population, age 18, male, interpolated",SP.POP.AG18.MA.IN,Bolivia,BOL,73134.5,87794.5,111957,112810.5,113369.5,114079.5,115549,116469.5,116561,116906.5,117746.5,118643.5
"Age population, age 18, male, interpolated",SP.POP.AG18.MA.IN,Bosnia and Herzegovina,BIH,39380,37708.5,24242.5,25082.5,24917.5,23410,21029.5,19239,18233,17622,17187,16944
"Age population, age 18, male, interpolated",SP.POP.AG18.MA.IN,Botswana,BWA,13144.5,20339,22606,22176.5,21888.5,21984,22340.5,22789,23267,23565.5,23768,24174
"Age population, age 18, male, interpolated",SP.POP.AG18.MA.IN,Brazil,BRA,1493305.5,1805008.5,1744295.5,1749255.5,1748608.5,1749033,1737948,1716671,1694952.5,1665480,1625365,1605022.5
"Age population, age 18, male, interpolated",SP.POP.AG18.MA.IN,British Virgin Islands,VGB,134,154,177.5,184.5,200,207,204,204.5,201,190.5,192.5,211
"Age population, age 18, male, interpolated",SP.POP.AG18.MA.IN,Brunei Darussalam,BRN,2479.5,3689,3612,3608,3607.5,3591,3601,3654,3648,3573.5,3487.5,3425
"Age population, age 18, male, interpolated",SP.POP.AG18.MA.IN,Bulgaria,BGR,61881,56663.5,35035,33277.5,31219.5,29660,32512,34621,33274,32118,32167.5,32676.5
"Age population, age 18, male, interpolated",SP.POP.AG18.MA.IN,Burkina Faso,BFA,88623,130005.5,181610.5,187422.5,193209.5,198885,205194,212027.5,218590,225181.5,233293,241947
"Age population, age 18, male, interpolated",SP.POP.AG18.MA.IN,Burundi,BDI,55126,77903,92565,101996.5,98589,95271.5,98030,103853.5,109951.5,116566,123734.5,131405
"Age population, age 18, male, interpolated",SP.POP.AG18.MA.IN,Cabo Verde,CPV,3753,5635.5,6192,6031,5910.5,5843.5,5788,5690.5,5503.5,5322,5247,5257.5
"Age population, age 18, male, interpolated",SP.POP.AG18.MA.IN,Cambodia,KHM,92848,135174.5,152628,143396.5,131687,132968,140434,139505,138995.5,140708,143650,146876
"Age population, age 18, male, interpolated",SP.POP.AG18.MA.IN,Cameroon,CMR,115221.5,164475,225847.5,229816.5,234488,240342,247947,255110.5,261354,269400.5,279552,289897.5
"Age population, age 18, male, interpolated",SP.POP.AG18.MA.IN,Canada,CAN,201770.5,215140.5,231681.5,227346,222148,220222,222332.5,224222,222036,215141,210040,209569
"Age population, age 18, male, interpolated",SP.POP.AG18.MA.IN,Cayman Islands,CYM,214.5,208.5,338.5,352.5,360.5,354.5,347.5,340.5,325,314.5,312,315.5
"Age population, age 18, male, interpolated",SP.POP.AG18.MA.IN,Central African Republic,CAF,27254.5,39868,53199,53636.5,54339.5,56053.5,58008.5,60039,61882.5,63456,64997,66620.5
"Age population, age 18, male, interpolated",SP.POP.AG18.MA.IN,Chad,TCD,61151.5,74785,132814.5,140309,146616,150922,156020.5,161173.5,166692.5,171493,176534,184309
"Age population, age 18, male, interpolated",SP.POP.AG18.MA.IN,Channel Islands,CHI,928.5,835.5,928,924.5,935.5,922,921,936.5,952,968,990,1007
"Age population, age 18, male, interpolated",SP.POP.AG18.MA.IN,Chile,CHL,127383.5,131309,141870.5,139317.5,136842.5,134212,132306.5,131189.5,130995,130477,127998,123840.5
"Age population, age 18, male, interpolated",SP.POP.AG18.MA.IN,China,CHN,13186680,11341534,9582470,9298418.5,8999622,8756560.5,8590110.5,8732455,8711012.5,8469111,8436185.5,8509568.5
"Age population, age 18, male, interpolated",SP.POP.AG18.MA.IN,Colombia,COL,336718.5,392787.5,434357.5,432165.5,429419.5,427353,428555.5,431547.5,432573.5,430264,425459.5,417044.5
"Age population, age 18, male, interpolated",SP.POP.AG18.MA.IN,Comoros,COM,4256.5,5618,7596.5,7747.5,7903.5,8058.5,8146,8141.5,8117.5,8057,7797.5,7693
"Age population, age 18, male, interpolated",SP.POP.AG18.MA.IN,"Congo, Dem. Rep.",COD,356896,467132.5,760018.5,799960.5,811700,819601.5,838902.5,866226,893160,922642,954514,984882.5
"Age population, age 18, male, interpolated",SP.POP.AG18.MA.IN,"Congo, Rep.",COG,25241.5,33162.5,45558,46228.5,47263.5,48262.5,49354,50564,52711.5,55305.5,57070,59199
"Age population, age 18, male, interpolated",SP.POP.AG18.MA.IN,Costa Rica,CRI,28400.5,38549,41930,41492.5,41150.5,40720.5,40410,40322,39866.5,38834,37887.5,37455.5
"Age population, age 18, male, interpolated",SP.POP.AG18.MA.IN,Cote d'Ivoire,CIV,116936.5,177787,229766,237814,247886.5,259754.5,270722,280112,288001,295481,303888.5,311537.5
"Age population, age 18, male, interpolated",SP.POP.AG18.MA.IN,Croatia,HRV,33892.5,31951.5,25056.5,25813.5,25915,25013.5,23828.5,22785,21625.5,20498.5,19914,19721
"Age population, age 18, male, interpolated",SP.POP.AG18.MA.IN,Cuba,CUB,118636,71690,72362.5,73143,74096.5,74541.5,74270,73413.5,72070,70591.5,68604,65454.5
"Age population, age 18, male, interpolated",SP.POP.AG18.MA.IN,Curacao,CUW,1214,969,1284,1274,1237,1211,1203,1437.5,1559,1444,1431,1405
"Age population, age 18, male, interpolated",SP.POP.AG18.MA.IN,Cyprus,CYP,6996.5,8695.5,8124,7699,7370,7115,6909,6742,6620.5,6535,6472.5,6450.5
"Age population, age 18, male, interpolated",SP.POP.AG18.MA.IN,Czechia,CZE,79529.5,72021,52885,48862.5,47454,47429.5,47448,47840,48409.5,48638.5,48889,50255
"Age population, age 18, male, interpolated",SP.POP.AG18.MA.IN,Denmark,DNK,38643.5,28659,37781.5,37338,36731,36277,35836.5,35931.5,35760,35139,35020.5,35279
"Age population, age 18, male, interpolated",SP.POP.AG18.MA.IN,Djibouti,DJI,6025.5,7818.5,9870,9929.5,9978.5,10152,10484.5,10826.5,11139,11416,11586.5,11581.5
"Age population, age 18, male, interpolated",SP.POP.AG18.MA.IN,Dominica,DMA,813.5,611.5,620,612,607,587.5,593,608,603.5,572,554.5,567.5
"Age population, age 18, male, interpolated",SP.POP.AG18.MA.IN,Dominican Republic,DOM,79358,88561,101818,101492,100782.5,99409,99074.5,100039.5,100259,99900,99800.5,99466.5
"Age population, age 18, male, interpolated",SP.POP.AG18.MA.IN,Ecuador,ECU,111181.5,130825,152710.5,153815.5,154933,156141.5,157284,158588.5,159667,159868,159820,159416.5
"Age population, age 18, male, interpolated",SP.POP.AG18.MA.IN,"Egypt, Arab Rep.",EGY,576717.5,780695,898025.5,898801,902477.5,915170,927548,934985,946430.5,957697,969077,980371.5
"Age population, age 18, male, interpolated",SP.POP.AG18.MA.IN,El Salvador,SLV,57315.5,60759.5,72608.5,73008,73068,72954,72147,70308.5,67745.5,64688,61647,59321
"Age population, age 18, male, interpolated",SP.POP.AG18.MA.IN,Equatorial Guinea,GNQ,4128.5,6115.5,11639,11882.5,12117.5,12292.5,12412.5,12476.5,12484,12566.5,12997.5,13851
"Age population, age 18, male, interpolated",SP.POP.AG18.MA.IN,Eritrea,ERI,21271,24037,35263.5,37305,38739,37960,37602.5,38026,38737,40159,41882.5,43733
"Age population, age 18, male, interpolated",SP.POP.AG18.MA.IN,Estonia,EST,11286,10401,6544,6406,6243,6008,5939.5,6220,6348.5,6290,6375.5,6636
"Age population, age 18, male, interpolated",SP.POP.AG18.MA.IN,Eswatini,SWZ,8907,12174.5,12619.5,11953.5,11836,11783,11880.5,11997,11959,11922.5,12018,12261.5
"Age population, age 18, male, interpolated",SP.POP.AG18.MA.IN,Ethiopia,ETH,468202,662150.5,1081507,1118147,1154210,1182765,1212999,1243506,1274539.5,1309010.5,1334309.5,1358512
"Age population, age 18, male, interpolated",SP.POP.AG18.MA.IN,Faroe Islands,FRO,403,334.5,370,369,370.5,362.5,345,370,378.5,377.5,392,383
"Age population, age 18, male, interpolated",SP.POP.AG18.MA.IN,Fiji,FJI,7598,9265.5,8429.5,8338,8162.5,7937.5,7792,7718.5,7686,7734.5,7834.5,7934
"Age population, age 18, male, interpolated",SP.POP.AG18.MA.IN,Finland,FIN,30540.5,34023.5,33526.5,32605.5,31622.5,30788.5,30861.5,31060,30487.5,30099.5,30264.5,30961.5
"Age population, age 18, male, interpolated",SP.POP.AG18.MA.IN,France,FRA,456879.5,409213,376352.5,382158.5,381714.5,385026.5,392832.5,402048.5,407343.5,402780.5,398204.5,397259.5
"Age population, age 18, male, interpolated",SP.POP.AG18.MA.IN,French Polynesia,PYF,2162.5,2365,2427,2347,2283.5,2212,2268.5,2385,2408,2384,2312.5,2249
"Age population, age 18, male, interpolated",SP.POP.AG18.MA.IN,Gabon,GAB,9133.5,13317,18551.5,18731,18961.5,19219.5,19438,19729,20099.5,20484,20909.5,21404.5
"Age population, age 18, male, interpolated",SP.POP.AG18.MA.IN,"Gambia, The",GMB,10253.5,14425,21792.5,22434.5,23189,24068,24877,25571,26351,27165,28231,29400.5
"Age population, age 18, male, interpolated",SP.POP.AG18.MA.IN,Georgia,GEO,40709.5,31404.5,25070.5,24320,24077.5,23519.5,22647,22081.5,21811.5,21581.5,21516,21652
"Age population, age 18, male, interpolated",SP.POP.AG18.MA.IN,Germany,DEU,501040.5,472989,432547,440374,454392,454655.5,447845.5,443018.5,431018,417084.5,408493,402406
"Age population, age 18, male, interpolated",SP.POP.AG18.MA.IN,Ghana,GHA,150059.5,231737.5,270141,272253.5,276023.5,283358,292616.5,304111,314318.5,321814.5,328703,334835
"Age population, age 18, male, interpolated",SP.POP.AG18.MA.IN,Gibraltar,GIB,187,190.5,207,205,207.5,215,206.5,206.5,204.5,189.5,193,190
"Age population, age 18, male, interpolated",SP.POP.AG18.MA.IN,Greece,GRC,80108,80788.5,56887.5,56562,56318.5,56070,56557.5,58298.5,58920,58198.5,57550.5,57089
"Age population, age 18, male, interpolated",SP.POP.AG18.MA.IN,Greenland,GRL,387.5,394.5,433,405.5,390,387.5,383.5,375,361.5,350.5,350,354
"Age population, age 18, male, interpolated",SP.POP.AG18.MA.IN,Grenada,GRD,983,1049.5,1024,1002.5,989,980,976.5,978.5,919,862,867,874
"Age population, age 18, male, interpolated",SP.POP.AG18.MA.IN,Guam,GUM,1361.5,1245.5,1482,1488.5,1485.5,1476,1455.5,1425,1391,1370.5,1371,1374
"Age population, age 18, male, interpolated",SP.POP.AG18.MA.IN,Guatemala,GTM,91775.5,130241.5,176264,178981,181261.5,183821.5,185471,187031.5,189785,191264,190933.5,190521.5
"Age population, age 18, male, interpolated",SP.POP.AG18.MA.IN,Guinea,GIN,63225.5,82426.5,125307,128491,132148.5,134016.5,135804.5,138561,140635.5,142272.5,144478.5,147712
"Age population, age 18, male, interpolated",SP.POP.AG18.MA.IN,Guinea-Bissau,GNB,9159,14096,17446.5,17923,18459,19001.5,19512,20061.5,20623,21301,22041.5,22665
"Age population, age 18, male, interpolated",SP.POP.AG18.MA.IN,Guyana,GUY,8127.5,7012,7959.5,7943,7897,7839,7756.5,7952.5,7899.5,7536.5,7441.5,7400.5
"Age population, age 18, male, interpolated",SP.POP.AG18.MA.IN,Haiti,HTI,67904.5,90449.5,108968,109667,110474,111119,111786.5,113057.5,113583.5,113185.5,113412,114095
"Age population, age 18, male, interpolated",SP.POP.AG18.MA.IN,Honduras,HND,53314.5,76782,99867.5,101511,103204.5,105174.5,107484.5,109127.5,109801.5,110006.5,109873,109569
"Age population, age 18, male, interpolated",SP.POP.AG18.MA.IN,"Hong Kong SAR, China",HKG,47080,48167.5,44153.5,43766,41919.5,38047.5,34138,32388,30901,28523,27119,26547
"Age population, age 18, male, interpolated",SP.POP.AG18.MA.IN,Hungary,HUN,74267,71162,60318,58225.5,54884,51817.5,50086.5,50465,51149.5,50691,49773,53087
"Age population, age 18, male, interpolated",SP.POP.AG18.MA.IN,Iceland,ISL,2204.5,2286.5,2338,2323.5,2318.5,2274.5,2203.5,2228,2286.5,2223,2204.5,2276.5
"Age population, age 18, male, interpolated",SP.POP.AG18.MA.IN,India,IND,8995986,11023932.5,12973320.5,13072796.5,13145029.5,13228398.5,13294471.5,13406157.5,13568500,13622942.5,13563351,13488980
"Age population, age 18, male, interpolated",SP.POP.AG18.MA.IN,Indonesia,IDN,1949551,2242208,2223224.5,2249404,2275883.5,2278424.5,2257811.5,2248401.5,2253016.5,2253853.5,2253518,2262020
"Age population, age 18, male, interpolated",SP.POP.AG18.MA.IN,"Iran, Islamic Rep.",IRN,530587,834403,633064.5,591033,574372,571241.5,568936,564619,561570.5,560993.5,564213,573953.5
"Age population, age 18, male, interpolated",SP.POP.AG18.MA.IN,Iraq,IRQ,199834.5,260290,380059,389358,398899.5,409060.5,417959,427086,434514,440812.5,448255,459398.5
"Age population, age 18, male, interpolated",SP.POP.AG18.MA.IN,Ireland,IRL,32876.5,34060,28379.5,29279.5,30318.5,30956,31314,31579.5,31981,32580.5,33073,33418.5
"Age population, age 18, male, interpolated",SP.POP.AG18.MA.IN,Isle of Man,IMN,514,441.5,482,488.5,493,496.5,504,490,463.5,455,457.5,466
"Age population, age 18, male, interpolated",SP.POP.AG18.MA.IN,Israel,ISR,45062,53676.5,58680,60926,62249.5,63436,65128,66449.5,67510,68388,70450.5,72021.5
"Age population, age 18, male, interpolated",SP.POP.AG18.MA.IN,Italy,ITA,452823.5,319998.5,296058,294980.5,295506,297750.5,301472.5,304532.5,302036.5,295049.5,292682.5,294418.5
"Age population, age 18, male, interpolated",SP.POP.AG18.MA.IN,Jamaica,JAM,25467.5,27837,29717,28593.5,27674,27470.5,26543.5,24633,23301.5,23203.5,23265,23373.5
"Age population, age 18, male, interpolated",SP.POP.AG18.MA.IN,Japan,JPN,1016574.5,747613.5,624333,617832.5,618961,616127.5,612044,612880.5,609802.5,597068.5,585001.5,572369.5
"Age population, age 18, male, interpolated",SP.POP.AG18.MA.IN,Jordan,JOR,40024.5,52313.5,84528.5,95594.5,101682,101164.5,98817,100503.5,102023,102519.5,105359.5,107128
"Age population, age 18, male, interpolated",SP.POP.AG18.MA.IN,Kazakhstan,KAZ,148571,135498.5,132647.5,124671.5,119031,117359.5,117007,116831.5,116408.5,117548,123242,131767
"Age population, age 18, male, interpolated",SP.POP.AG18.MA.IN,Kenya,KEN,259611,355685,458088.5,467919,478188,492710.5,508231.5,522627.5,541075,560138.5,575310,591228
"Age population, age 18, male, interpolated",SP.POP.AG18.MA.IN,Kiribati,KIR,685.5,900,1198.5,1216,1230.5,1226,1208,1174,1132,1093.5,1063.5,1068.5
"Age population, age 18, male, interpolated",SP.POP.AG18.MA.IN,"Korea, Dem. People's Rep.",PRK,244297.5,183604.5,206677.5,204483,200781.5,196816.5,193968.5,189934.5,186967.5,183756,179199.5,176546
"Age population, age 18, male, interpolated",SP.POP.AG18.MA.IN,"Korea, Rep.",KOR,475827.5,426999,373895,363532,348643,335540,327410.5,325261.5,309936.5,275166.5,252441.5,244095
"Age population, age 18, male, interpolated",SP.POP.AG18.MA.IN,Kosovo,XKX,21974,19393,17801,17208.5,16838,16589,16408.5,16965,17647.5,17242,16111.5,15329.5
"Age population, age 18, male, interpolated",SP.POP.AG18.MA.IN,Kuwait,KWT,13276,19006,21422,22288,22986,23612.5,23989,25145,26155,24454,22766,24116.5
"Age population, age 18, male, interpolated",SP.POP.AG18.MA.IN,Kyrgyz Republic,KGZ,41426.5,49009,60027.5,58872,55867.5,53659,52418,51101,50352.5,50656,51287,52532.5
"Age population, age 18, male, interpolated",SP.POP.AG18.MA.IN,Lao PDR,LAO,45247.5,56268,72145,71994,72259,73494.5,74999,75323.5,74481,73262,72616,72755
"Age population, age 18, male, interpolated",SP.POP.AG18.MA.IN,Latvia,LVA,19646.5,17384.5,10231.5,9288.5,8711.5,8540.5,9075.5,9568,9198,8947.5,9243,9223.5
"Age population, age 18, male, interpolated",SP.POP.AG18.MA.IN,Lebanon,LBN,37431,44420.5,50236.5,54409.5,54469.5,52704,51926,51755,51922,51692,51001,50169
"Age population, age 18, male, interpolated",SP.POP.AG18.MA.IN,Lesotho,LSO,18464,23022.5,22634.5,22747.5,22898,22704,22290.5,22035.5,22122.5,22508.5,22849.5,22746.5
"Age population, age 18, male, interpolated",SP.POP.AG18.MA.IN,Liberia,LBR,21837,30347.5,42572,43997,45588.5,47340.5,49163.5,50969,52688.5,54361,56044,58038
"Age population, age 18, male, interpolated",SP.POP.AG18.MA.IN,Libya,LBY,45547,57774,52471,53860,55002,56100.5,57205.5,58374.5,59672.5,61183,62915,64712
"Age population, age 18, male, interpolated",SP.POP.AG18.MA.IN,Liechtenstein,LIE,215.5,222,220.5,221,221.5,212,194.5,206,213,206.5,194,197.5
"Age population, age 18, male, interpolated",SP.POP.AG18.MA.IN,Lithuania,LTU,29751,26447,19479.5,18562.5,17696.5,17100.5,16568.5,15664,14321.5,13350,13154.5,12906
"Age population, age 18, male, interpolated",SP.POP.AG18.MA.IN,Luxembourg,LUX,2438.5,2559.5,3254,3350,3461.5,3384.5,3397.5,3546,3505.5,3419.5,3474.5,3514
"Age population, age 18, male, interpolated",SP.POP.AG18.MA.IN,"Macao SAR, China",MAC,2381.5,2889.5,4034,4003.5,3903,3807.5,3666.5,3452,3224.5,2973.5,2729,2552.5
"Age population, age 18, male, interpolated",SP.POP.AG18.MA.IN,Madagascar,MDG,131388.5,162957,256308.5,264704,271932.5,277715.5,282522,286393,290818.5,296145.5,302024.5,309218
"Age population, age 18, male, interpolated",SP.POP.AG18.MA.IN,Malawi,MWI,86361.5,118664,158279.5,164568,171202,178699.5,186385.5,193543.5,201310,210756.5,220945,231335
"Age population, age 18, male, interpolated",SP.POP.AG18.MA.IN,Malaysia,MYS,172399,221813.5,297497,291445,286549,286135,288327.5,289060,287680,284806.5,279748,275933.5
"Age population, age 18, male, interpolated",SP.POP.AG18.MA.IN,Maldives,MDV,2334,3381,4467,4198,4033,3904.5,3800,3687.5,3551.5,3393.5,3261,3130
"Age population, age 18, male, interpolated",SP.POP.AG18.MA.IN,Mali,MLI,90813.5,127294.5,169796.5,173803,179779.5,187046,196243.5,205738.5,214557,224142,234165.5,244734
"Age population, age 18, male, interpolated",SP.POP.AG18.MA.IN,Malta,MLT,2741.5,3043,2683,2764,2759,2610.5,2458,2369.5,2286,2189.5,2231,2270
"Age population, age 18, male, interpolated",SP.POP.AG18.MA.IN,Marshall Islands,MHL,435,619,451,450.5,453.5,450.5,441.5,427.5,390.5,349.5,327.5,331.5
"Age population, age 18, male, interpolated",SP.POP.AG18.MA.IN,Mauritania,MRT,21229.5,28719,36083.5,37223,38339.5,39483,40724.5,42134.5,43738.5,45545,47537.5,49684
"Age population, age 18, male, interpolated",SP.POP.AG18.MA.IN,Mauritius,MUS,10082.5,11144,10233,9981.5,9813.5,9406,9516.5,9795,9626,9634.5,9629,9544
"Age population, age 18, male, interpolated",SP.POP.AG18.MA.IN,Mexico,MEX,915283,983779.5,1097116,1088363.5,1080009.5,1082340.5,1088976.5,1092890,1095322.5,1097794.5,1098741,1094749.5
"Age population, age 18, male, interpolated",SP.POP.AG18.MA.IN,"Micronesia, Fed. Sts.",FSM,1132,1321.5,1290,1269,1243.5,1256,1267.5,1280.5,1226.5,1163,1165,1178.5
"Age population, age 18, male, interpolated",SP.POP.AG18.MA.IN,Moldova,MDA,32298.5,39054.5,24929.5,22751,20756,19128.5,17964,17217,16721,16438,16421.5,19647
"Age population, age 18, male, interpolated",SP.POP.AG18.MA.IN,Monaco,MCO,152,143,157,158.5,163,168.5,174.5,171,164,158.5,150.5,146
"Age population, age 18, male, interpolated",SP.POP.AG18.MA.IN,Mongolia,MNG,23130.5,26602,25357.5,24830.5,24099.5,23689.5,23850.5,23913.5,23414,22765,22420.5,22297
"Age population, age 18, male, interpolated",SP.POP.AG18.MA.IN,Montenegro,MNE,5240.5,5254,4544.5,4526.5,4376,4278,4143.5,4080.5,4123,4152.5,4071.5,3890
"Age population, age 18, male, interpolated",SP.POP.AG18.MA.IN,Morocco,MAR,263168.5,316243,312187,308312.5,307801,307590,304578.5,303028,303000.5,301237,300422.5,302480
"Age population, age 18, male, interpolated",SP.POP.AG18.MA.IN,Mozambique,MOZ,145018.5,176519,260162,269363.5,280675.5,292391,302685.5,312117,320937,329924,339940.5,348858.5
"Age population, age 18, male, interpolated",SP.POP.AG18.MA.IN,Myanmar,MMR,427741,481016.5,472200.5,471144.5,469732.5,467037,464833,464315.5,468253,475682.5,476688.5,470211
"Age population, age 18, male, interpolated",SP.POP.AG18.MA.IN,Namibia,NAM,15295,18455,24530,23841,23540.5,23762,24041.5,23991.5,23596.5,23217,23067,23163.5
"Age population, age 18, male, interpolated",SP.POP.AG18.MA.IN,Nauru,NRU,82,112,104,104.5,107,109,107.5,103.5,102,104.5,109.5,114.5
"Age population, age 18, male, interpolated",SP.POP.AG18.MA.IN,Nepal,NPL,198727,255159.5,296743.5,294922,293700.5,299315,309293.5,317798,321669,323850.5,329220,330456
"Age population, age 18, male, interpolated",SP.POP.AG18.MA.IN,Netherlands,NLD,117779,95419.5,103514,102806.5,103734.5,106144,108611.5,110633,110552.5,108623.5,107718.5,105442.5
"Age population, age 18, male, interpolated",SP.POP.AG18.MA.IN,New Caledonia,NCL,1940,1886.5,2310.5,2331.5,2308.5,2254,2236,2293,2290,2192.5,2158,2181.5
"Age population, age 18, male, interpolated",SP.POP.AG18.MA.IN,New Zealand,NZL,30398.5,27860.5,32254.5,32607,32578.5,32270,31830,32101.5,32740.5,32721.5,32665,32679
"Age population, age 18, male, interpolated",SP.POP.AG18.MA.IN,Nicaragua,NIC,48372.5,58641,67972,67971.5,67549,66999,66650.5,66329.5,65994.5,65791.5,65696.5,65603
"Age population, age 18, male, interpolated",SP.POP.AG18.MA.IN,Niger,NER,84491.5,120033.5,186683,196325,205634,214892,223983,233521.5,243614.5,254013.5,265007,276353
"Age population, age 18, male, interpolated",SP.POP.AG18.MA.IN,Nigeria,NGA,930815.5,1304799.5,1746375.5,1794534.5,1837826,1882579.5,1948214.5,2030208,2108022.5,2183207,2255867,2322908.5
"Age population, age 18, male, interpolated",SP.POP.AG18.MA.IN,North Macedonia,MKD,15262.5,17791,15996.5,15658.5,15145,14608.5,14134.5,13860,13883,13932.5,13771.5,12805
"Age population, age 18, male, interpolated",SP.POP.AG18.MA.IN,Northern Mariana Islands,MNP,243.5,332.5,453.5,441,418.5,394,364.5,329.5,298,277.5,271,279
"Age population, age 18, male, interpolated",SP.POP.AG18.MA.IN,Norway,NOR,33510,27416.5,33819,34261.5,34295.5,33884.5,34104,34466,33541.5,32265,32185.5,32820.5
"Age population, age 18, male, interpolated",SP.POP.AG18.MA.IN,Oman,OMN,19370.5,28257.5,26199.5,25279.5,24469,24018,23915.5,23991.5,24042.5,24609.5,25212,26486
"Age population, age 18, male, interpolated",SP.POP.AG18.MA.IN,Pakistan,PAK,1115266,1632771.5,2278124.5,2294419.5,2308331.5,2318986.5,2346553,2379595.5,2423704,2479319,2515128.5,2539687
"Age population, age 18, male, interpolated",SP.POP.AG18.MA.IN,Palau,PLW,158,146.5,151.5,141,132,128.5,130,129,127.5,130,129,125.5
"Age population, age 18, male, interpolated",SP.POP.AG18.MA.IN,Panama,PAN,26624.5,29560.5,33244.5,33656,34090,34520.5,34929,35269,35584.5,35854,36088.5,36591
"Age population, age 18, male, interpolated",SP.POP.AG18.MA.IN,Papua New Guinea,PNG,43240.5,59651,89134,90835,92742.5,94670.5,96690.5,98621.5,100587,102664,104600,106075
"Age population, age 18, male, interpolated",SP.POP.AG18.MA.IN,Paraguay,PRY,41064.5,54690,64122,64182.5,64099,63824,63381,62842.5,62131.5,61389.5,60947,60758.5
"Age population, age 18, male, interpolated",SP.POP.AG18.MA.IN,Peru,PER,239229,278359.5,261233.5,259732.5,260387,263717.5,268201,274147.5,277889.5,279615,284051,289895.5
"Age population, age 18, male, interpolated",SP.POP.AG18.MA.IN,Philippines,PHL,651690.5,801950.5,1005587.5,1017038.5,1027298.5,1038819,1058702,1089930,1094169,1081189.5,1087086.5,1103308
"Age population, age 18, male, interpolated",SP.POP.AG18.MA.IN,Poland,POL,282975.5,334966.5,230070,220222,213142.5,204845,197905.5,194147.5,190889.5,185129,180973,203214.5
"Age population, age 18, male, interpolated",SP.POP.AG18.MA.IN,Portugal,PRT,84244.5,73340.5,55587.5,55845.5,55942.5,56120.5,57200.5,58770,57411,55430.5,55429,54541.5
"Age population, age 18, male, interpolated",SP.POP.AG18.MA.IN,Puerto Rico,PRI,33038.5,31897.5,26452,25301.5,24023,22911.5,21909,21184,20619,19875,19167,18871.5
"Age population, age 18, male, interpolated",SP.POP.AG18.MA.IN,Qatar,QAT,4485.5,5761.5,11955,13310.5,12382.5,12012,11106.5,9682,9950,8387.5,6130,7271
"Age population, age 18, male, interpolated",SP.POP.AG18.MA.IN,Romania,ROU,176630.5,165893,111447,108718.5,107985.5,108613.5,109258.5,108159,105830,103629.5,103552.5,110211.5
"Age population, age 18, male, interpolated",SP.POP.AG18.MA.IN,Russian Federation,RUS,1042516.5,1208502.5,760407.5,721803,685656,681004.5,680015.5,688310,700790,714799.5,750594.5,770355.5
"Age population, age 18, male, interpolated",SP.POP.AG18.MA.IN,Rwanda,RWA,70712,100745.5,113717.5,115568.5,116472,118558,122532,127766,134082,139298.5,143688.5,149235
"Age population, age 18, male, interpolated",SP.POP.AG18.MA.IN,Samoa,WSM,2249.5,1878,2111,2089.5,2060.5,2039,2019,1997.5,1979.5,1989.5,2049,2127
"Age population, age 18, male, interpolated",SP.POP.AG18.MA.IN,San Marino,SMR,161.5,143,150,163.5,170,174.5,178,175.5,183.5,190.5,183.5,178.5
"Age population, age 18, male, interpolated",SP.POP.AG18.MA.IN,Sao Tome and Principe,STP,1166,1786,1943,1940,1936,1955.5,2005.5,2071,2146,2236.5,2334,2445
"Age population, age 18, male, interpolated",SP.POP.AG18.MA.IN,Saudi Arabia,SAU,181255,220272,265541,271756.5,267377.5,255055,254013.5,262862,277926.5,282596.5,271626.5,268121.5
"Age population, age 18, male, interpolated",SP.POP.AG18.MA.IN,Senegal,SEN,77973.5,108437.5,139440,142327.5,145941.5,150256.5,155639.5,161020,165602,170523,175997,181334
"Age population, age 18, male, interpolated",SP.POP.AG18.MA.IN,Serbia,SRB,55039.5,53249.5,44293.5,44678.5,43421.5,37516,33567.5,36432.5,40089.5,41859,41533.5,39039.5
"Age population, age 18, male, interpolated",SP.POP.AG18.MA.IN,Seychelles,SYC,734.5,748.5,864,856,802,725,714,720,713,708,718,715
"Age population, age 18, male, interpolated",SP.POP.AG18.MA.IN,Sierra Leone,SLE,42413.5,46074,72935.5,75187,77567,79897.5,82396.5,84909.5,87437.5,89942,91908,92912
"Age population, age 18, male, interpolated",SP.POP.AG18.MA.IN,Singapore,SGP,26511,29592.5,43159.5,43556.5,44120,43298.5,40933,37324,33279,29726.5,27107.5,25647
"Age population, age 18, male, interpolated",SP.POP.AG18.MA.IN,Sint Maarten (Dutch part),SXM,196.5,160,462.5,507.5,530,543,543.5,546.5,550.5,531,505.5,481
"Age population, age 18, male, interpolated",SP.POP.AG18.MA.IN,Slovak Republic,SVK,41699.5,46417.5,32302,30995,30439.5,29627,28817,28321,27403,26301.5,26240,29803.5
"Age population, age 18, male, interpolated",SP.POP.AG18.MA.IN,Slovenia,SVN,14635.5,14755,10302,10234.5,10188.5,10175,10164.5,10289,10175,9782.5,9653.5,9704.5
"Age population, age 18, male, interpolated",SP.POP.AG18.MA.IN,Solomon Islands,SLB,3727,4587.5,6021,6207.5,6353,6517.5,6715.5,6884,7021.5,7164,7314.5,7464.5
"Age population, age 18, male, interpolated",SP.POP.AG18.MA.IN,Somalia,SOM,67255.5,89390.5,135931.5,140605.5,145797.5,151785.5,157721,163304.5,169044,174994,180683.5,186151
"Age population, age 18, male, interpolated",SP.POP.AG18.MA.IN,South Africa,ZAF,405620.5,507325,544568.5,533175.5,514348,488539,471303,461340,452796,449931,455216.5,474753.5
"Age population, age 18, male, interpolated",SP.POP.AG18.MA.IN,South Sudan,SSD,48466.5,55254.5,107002,105422.5,102685.5,100568,101250,106689.5,114326.5,123025,129195,133348.5
"Age population, age 18, male, interpolated",SP.POP.AG18.MA.IN,Spain,ESP,340386,284434.5,221347.5,219436.5,221010.5,223374,227899,236755,243250.5,245677.5,251027.5,257180.5
"Age population, age 18, male, interpolated",SP.POP.AG18.MA.IN,Sri Lanka,LKA,172080,192872.5,167896,167283.5,165818,165105,165725.5,168095.5,171194.5,173102.5,174027,175300.5
"Age population, age 18, male, interpolated",SP.POP.AG18.MA.IN,St. Kitts and Nevis,KNA,388,409,378,376,383,389.5,388.5,375,351.5,329.5,312.5,299
"Age population, age 18, male, interpolated",SP.POP.AG18.MA.IN,St. Lucia,LCA,1447,1628,1716.5,1672,1612,1547.5,1498.5,1475,1453.5,1409.5,1362,1325
"Age population, age 18, male, interpolated",SP.POP.AG18.MA.IN,St. Martin (French part),MAF,200,195,237.5,257.5,277.5,257,229,203.5,183,179,180,208
"Age population, age 18, male, interpolated",SP.POP.AG18.MA.IN,St. Vincent and the Grenadines,VCT,1266.5,1232.5,1002.5,963,921,883.5,858.5,845,824.5,797,772,753.5
"Age population, age 18, male, interpolated",SP.POP.AG18.MA.IN,Sudan,SDN,214026,321564,380323.5,387487.5,396313.5,406414.5,420382,433340,443174,450693.5,456065.5,460977.5
"Age population, age 18, male, interpolated",SP.POP.AG18.MA.IN,Suriname,SUR,4543.5,4853.5,4857,4931.5,5072,5267.5,5417,5475.5,5508.5,5539.5,5540,5569
"Age population, age 18, male, interpolated",SP.POP.AG18.MA.IN,Sweden,SWE,58948.5,51610.5,61745.5,58412,56024,55841,57258,58068.5,58026.5,59034,61199,62732.5
"Age population, age 18, male, interpolated",SP.POP.AG18.MA.IN,Switzerland,CHE,45949,42909.5,45909,46077,45983.5,45884.5,45984,46066.5,44905.5,43672,43219.5,43029.5
"Age population, age 18, male, interpolated",SP.POP.AG18.MA.IN,Syrian Arab Republic,SYR,139394,188374,204499,189563.5,186417,194588.5,207032.5,222370.5,243172,259597.5,269197,279809.5
"Age population, age 18, male, interpolated",SP.POP.AG18.MA.IN,Tajikistan,TJK,53324,64745.5,87341,85919.5,84235.5,85400.5,85740.5,87790.5,90829,91106.5,90848,91188
"Age population, age 18, male, interpolated",SP.POP.AG18.MA.IN,Tanzania,TZA,272938.5,364969,450180,480019.5,510442.5,541531.5,572531,598947.5,624398.5,649094.5,673143.5,699617.5
"Age population, age 18, male, interpolated",SP.POP.AG18.MA.IN,Thailand,THA,607128,561498,517026.5,532922.5,527738.5,506358,480600,464229,454164,442019,429133,421145.5
"Age population, age 18, male, interpolated",SP.POP.AG18.MA.IN,Timor-Leste,TLS,7820.5,8615,12530.5,12995,13545,14110.5,14603.5,14956.5,15307.5,15668,16032,16360.5
"Age population, age 18, male, interpolated",SP.POP.AG18.MA.IN,Togo,TGO,39853.5,53277.5,71717,73080.5,74586.5,76616,79206,81721.5,84144,86609.5,88902.5,90786
"Age population, age 18, male, interpolated",SP.POP.AG18.MA.IN,Tonga,TON,1176,1146.5,1111,1091,1040,1057,1075,1111.5,1109.5,1084.5,1116,1127.5
"Age population, age 18, male, interpolated",SP.POP.AG18.MA.IN,Trinidad and Tobago,TTO,11568,14889.5,10046.5,9762,9584,9499,9569.5,9972.5,10098,9885,9912.5,9922.5
"Age population, age 18, male, interpolated",SP.POP.AG18.MA.IN,Tunisia,TUN,88407,108541.5,96998.5,92699,88759.5,85273,82187,80791,80832.5,81414.5,83435,86293.5
"Age population, age 18, male, interpolated",SP.POP.AG18.MA.IN,Turkiye,TUR,577747.5,652273,689379,705452.5,716683,716367.5,709063,691302.5,687578,669811,637522,631752
"Age population, age 18, male, interpolated",SP.POP.AG18.MA.IN,Turkmenistan,TKM,36728.5,45772.5,56972,55375.5,53867,52629.5,51616,50849,50028.5,49224.5,49299.5,50148
"Age population, age 18, male, interpolated",SP.POP.AG18.MA.IN,Turks and Caicos Islands,TCA,122.5,121.5,201,219,228.5,236.5,241.5,239,241.5,240,229.5,221
"Age population, age 18, male, interpolated",SP.POP.AG18.MA.IN,Tuvalu,TUV,68.5,81.5,110,104.5,101,102,102.5,100.5,100,98.5,98.5,101
"Age population, age 18, male, interpolated",SP.POP.AG18.MA.IN,Uganda,UGA,190577.5,241285.5,406969,418880.5,431095,446020,462646.5,480223.5,497243,513998,528985,543958.5
"Age population, age 18, male, interpolated",SP.POP.AG18.MA.IN,Ukraine,UKR,375780.5,370867,253415,244308.5,230730,216169,205385.5,198921,194530.5,194700.5,202459.5,168874.5
"Age population, age 18, male, interpolated",SP.POP.AG18.MA.IN,United Arab Emirates,ARE,20945,42913,95156.5,92929.5,90595.5,86494,79287.5,68064,53788,39744.5,29703,28274
"Age population, age 18, male, interpolated",SP.POP.AG18.MA.IN,United Kingdom,GBR,419935.5,365061.5,405465,405541,405325.5,401516,395360,385408.5,375721,371426.5,376483,386971
"Age population, age 18, male, interpolated",SP.POP.AG18.MA.IN,United States,USA,1852695,2078051,2226620.5,2194992.5,2180541.5,2186759.5,2206865.5,2238484,2249462,2237048,2243860,2256606
"Age population, age 18, male, interpolated",SP.POP.AG18.MA.IN,Uruguay,URY,25717.5,25419,27244,27175.5,26965.5,26548.5,26067,25621.5,25200,25138.5,24972,24652
"Age population, age 18, male, interpolated",SP.POP.AG18.MA.IN,Uzbekistan,UZB,210115,261835,318750.5,311405,299237,284231,271114.5,264050.5,261300,261019.5,258970,259449
"Age population, age 18, male, interpolated",SP.POP.AG18.MA.IN,Vanuatu,VUT,1487.5,1956,2575,2570,2570.5,2591,2624.5,2688.5,2788,2884,2978,3089
"Age population, age 18, male, interpolated",SP.POP.AG18.MA.IN,"Venezuela, RB",VEN,203509.5,247853.5,279933.5,280610,281807,281884,277873.5,268135,259304.5,257750.5,259826.5,267382
"Age population, age 18, male, interpolated",SP.POP.AG18.MA.IN,Viet Nam,VNM,663052,857637.5,797427,757051.5,725821,704581,692498,694081,701524.5,712743.5,720729.5,723126.5
"Age population, age 18, male, interpolated",SP.POP.AG18.MA.IN,Virgin Islands (U.S.),VIR,718,789,641,600.5,566,540,524,514.5,510,516.5,528,541
"Age population, age 18, male, interpolated",SP.POP.AG18.MA.IN,West Bank and Gaza,PSE,22527.5,33756.5,48584.5,48515,48370,48643,49212,49707,50388,51404,52336,53531
"Age population, age 18, male, interpolated",SP.POP.AG18.MA.IN,"Yemen, Rep.",YEM,133005.5,212081,327770,324683,322574,326478,332054.5,338089,341254.5,345371,353101,362336
"Age population, age 18, male, interpolated",SP.POP.AG18.MA.IN,Zambia,ZMB,84958.5,109677.5,160625.5,165234.5,169755,174804.5,180583.5,186742,192540.5,198492.5,205321,213297.5
"Age population, age 18, male, interpolated",SP.POP.AG18.MA.IN,Zimbabwe,ZWE,106848,153732,131364.5,136064.5,143014,150081.5,157306,163430,167435.5,169919.5,172058.5,173976.5
,,,,,,,,,,,,,,,
,,,,,,,,,,,,,,,
,,,,,,,,,,,,,,,
Data from database: Health Nutrition and Population Statistics,,,,,,,,,,,,,,,
Last Updated: 12/20/2023,,,,,,,,,,,,,,,
Code,License Type,Indicator Name,Short definition,Long definition,Source,Topic,Periodicity
SP.POP.AG18.MA.IN,CC BY-4.0,"Age population, age 18, male, interpolated","Age population, male refers to male population at the specified age level.","Age population, male refers to male population at the specified age level. The geographical areas included in the data are the same as the data source.",United Nations Population Division. World Population Prospects: 2022 Revision.,Health: Population: Structure,Annual
