Series Name,Series Code,Country Name,Country Code,1990 [YR1990],2000 [YR2000],2013 [YR2013],2014 [YR2014],2015 [YR2015],2016 [YR2016],2017 [YR2017],2018 [YR2018],2019 [YR2019],2020 [YR2020],2021 [YR2021],2022 [YR2022]
Renewable electricity output (% of total electricity output),EG.ELC.RNEW.ZS,Afghanistan,AFG,67.73049645,74.98909408,78.6364081,85.32354903,86.05011125,0,0,0,0,0,0,0
Renewable electricity output (% of total electricity output),EG.ELC.RNEW.ZS,Albania,ALB,86.40776699,96.14901632,100,100,100,0,0,0,0,0,0,0
Renewable electricity output (% of total electricity output),EG.ELC.RNEW.ZS,Algeria,DZA,0.838301043,0.212498032,0.551010185,0.395379969,0.322683799,0,0,0,0,0,0,0
Renewable electricity output (% of total electricity output),EG.ELC.RNEW.ZS,American Samoa,ASM,0,0,0.703140481,0.700882475,0.885478158,0,0,0,0,0,0,0
Renewable electricity output (% of total electricity output),EG.ELC.RNEW.ZS,Andorra,AND,100,100,88.7532694,89.43217666,86.1167002,0,0,0,0,0,0,0
Renewable electricity output (% of total electricity output),EG.ELC.RNEW.ZS,Angola,AGO,86.20689655,63.11418685,58.02093476,53.17510549,53.17492831,0,0,0,0,0,0,0
Renewable electricity output (% of total electricity output),EG.ELC.RNEW.ZS,Antigua and Barbuda,ATG,0,0,0,0,0,0,0,0,0,0,0,0
Renewable electricity output (% of total electricity output),EG.ELC.RNEW.ZS,Argentina,ARG,35.4414663,33.15937465,31.48449072,31.5762042,28.14006912,0,0,0,0,0,0,0
Renewable electricity output (% of total electricity output),EG.ELC.RNEW.ZS,Armenia,ARM,15.00675545,21.16482041,28.23605707,25.75483871,28.33696628,0,0,0,0,0,0,0
Renewable electricity output (% of total electricity output),EG.ELC.RNEW.ZS,Aruba,ABW,0,0,14.91218619,15.09927995,14.85616144,0,0,0,0,0,0,0
Renewable electricity output (% of total electricity output),EG.ELC.RNEW.ZS,Australia,AUS,9.656030644,8.381618572,13.26410839,14.90671221,13.63784109,0,0,0,0,0,0,0
Renewable electricity output (% of total electricity output),EG.ELC.RNEW.ZS,Austria,AUT,66.20212593,72.54400909,78.02478699,81.05686835,76.49077927,0,0,0,0,0,0,0
Renewable electricity output (% of total electricity output),EG.ELC.RNEW.ZS,Azerbaijan,AZE,7.161368348,8.203647254,6.67123405,5.629246199,7.039857421,0,0,0,0,0,0,0
Renewable electricity output (% of total electricity output),EG.ELC.RNEW.ZS,"Bahamas, The",BHS,0,0,0,0,0,0,0,0,0,0,0,0
Renewable electricity output (% of total electricity output),EG.ELC.RNEW.ZS,Bahrain,BHR,0,0,0,0,0,0,0,0,0,0,0,0
Renewable electricity output (% of total electricity output),EG.ELC.RNEW.ZS,Bangladesh,BGD,11.43300569,4.749223258,1.946536145,1.319724237,1.226889902,0,0,0,0,0,0,0
Renewable electricity output (% of total electricity output),EG.ELC.RNEW.ZS,Barbados,BRB,0,0,0,0,0,0,0,0,0,0,0,0
Renewable electricity output (% of total electricity output),EG.ELC.RNEW.ZS,Belarus,BLR,0.050599605,0.103444312,0.844256832,0.722614078,0.815679831,0,0,0,0,0,0,0
Renewable electricity output (% of total electricity output),EG.ELC.RNEW.ZS,Belgium,BEL,0.789563535,1.261280852,14.20938611,17.0806411,20.80002301,0,0,0,0,0,0,0
Renewable electricity output (% of total electricity output),EG.ELC.RNEW.ZS,Belize,BLZ,0,70.0729927,55.81301319,50.70547537,45.23993047,0,0,0,0,0,0,0
Renewable electricity output (% of total electricity output),EG.ELC.RNEW.ZS,Benin,BEN,0,2.380952381,0,0,5.555555556,0,0,0,0,0,0,0
Renewable electricity output (% of total electricity output),EG.ELC.RNEW.ZS,Bermuda,BMU,0,0,0,0,0,0,0,0,0,0,0,0
Renewable electricity output (% of total electricity output),EG.ELC.RNEW.ZS,Bhutan,BTN,99.55242967,100,99.99345562,99.99286108,99.99354643,0,0,0,0,0,0,0
Renewable electricity output (% of total electricity output),EG.ELC.RNEW.ZS,Bolivia,BOL,52.44482908,51.52061856,32.17606944,28.00685323,31.40243902,0,0,0,0,0,0,0
Renewable electricity output (% of total electricity output),EG.ELC.RNEW.ZS,Bosnia and Herzegovina,BIH,20.89939858,48.84456803,41.46467251,36.72648515,35.51730757,0,0,0,0,0,0,0
Renewable electricity output (% of total electricity output),EG.ELC.RNEW.ZS,Botswana,BWA,0,0,0.108342362,0.043233895,0.033704078,0,0,0,0,0,0,0
Renewable electricity output (% of total electricity output),EG.ELC.RNEW.ZS,Brazil,BRA,94.50051835,89.49270586,76.68920812,73.08207385,73.96690805,0,0,0,0,0,0,0
Renewable electricity output (% of total electricity output),EG.ELC.RNEW.ZS,British Virgin Islands,VGB,0,0,1.020252779,1.286269818,1.286269818,0,0,0,0,0,0,0
Renewable electricity output (% of total electricity output),EG.ELC.RNEW.ZS,Brunei Darussalam,BRN,0,0,0.045433894,0.044385264,0.047619048,0,0,0,0,0,0,0
Renewable electricity output (% of total electricity output),EG.ELC.RNEW.ZS,Bulgaria,BGR,4.456467573,6.57629287,16.07885022,15.74360176,17.988593,0,0,0,0,0,0,0
Renewable electricity output (% of total electricity output),EG.ELC.RNEW.ZS,Burkina Faso,BFA,4.891304348,25.17930328,14.43820994,10.39712793,9.354038684,0,0,0,0,0,0,0
Renewable electricity output (% of total electricity output),EG.ELC.RNEW.ZS,Burundi,BDI,98.18181818,98.01980198,87.02056925,80.71878883,82.70938513,0,0,0,0,0,0,0
Renewable electricity output (% of total electricity output),EG.ELC.RNEW.ZS,Cabo Verde,CPV,0,5.395437782,20.55760334,17.29165138,20.20849659,0,0,0,0,0,0,0
Renewable electricity output (% of total electricity output),EG.ELC.RNEW.ZS,Cambodia,KHM,0,0.223214286,57.93025872,61.13651208,46.41801228,0,0,0,0,0,0,0
Renewable electricity output (% of total electricity output),EG.ELC.RNEW.ZS,Cameroon,CMR,98.47979236,98.90804598,75.33575318,75.32509753,76.11719444,0,0,0,0,0,0,0
Renewable electricity output (% of total electricity output),EG.ELC.RNEW.ZS,Canada,CAN,62.37871882,60.60030119,63.29803306,62.82499222,63.01145004,0,0,0,0,0,0,0
Renewable electricity output (% of total electricity output),EG.ELC.RNEW.ZS,Cayman Islands,CYM,0,0,0,0,0,0,0,0,0,0,0,0
Renewable electricity output (% of total electricity output),EG.ELC.RNEW.ZS,Central African Republic,CAF,81.05263158,78.5046729,99.28057554,99.41520468,99.41520468,0,0,0,0,0,0,0
Renewable electricity output (% of total electricity output),EG.ELC.RNEW.ZS,Chad,TCD,0,0,0,0,0,0,0,0,0,0,0,0
Renewable electricity output (% of total electricity output),EG.ELC.RNEW.ZS,Channel Islands,CHI,0,0,0,0,0,0,0,0,0,0,0,0
Renewable electricity output (% of total electricity output),EG.ELC.RNEW.ZS,Chile,CHL,53.8373612,48.54783173,35.66687196,42.40700891,43.60433496,0,0,0,0,0,0,0
Renewable electricity output (% of total electricity output),EG.ELC.RNEW.ZS,China,CHN,20.40793989,16.63949819,20.29622738,22.60915378,23.92681717,0,0,0,0,0,0,0
Renewable electricity output (% of total electricity output),EG.ELC.RNEW.ZS,Colombia,COL,76.38419011,75.52463768,73.99867546,74.03831068,68.23681122,0,0,0,0,0,0,0
Renewable electricity output (% of total electricity output),EG.ELC.RNEW.ZS,Comoros,COM,0,0,0,0,0,0,0,0,0,0,0,0
Renewable electricity output (% of total electricity output),EG.ELC.RNEW.ZS,"Congo, Dem. Rep.",COD,99.55752212,99.94984955,99.89101477,99.87556561,99.82106911,0,0,0,0,0,0,0
Renewable electricity output (% of total electricity output),EG.ELC.RNEW.ZS,"Congo, Rep.",COG,99.39148073,99.66216216,56.81685196,54.71264368,53.34486736,0,0,0,0,0,0,0
Renewable electricity output (% of total electricity output),EG.ELC.RNEW.ZS,Costa Rica,CRI,97.52018454,99.14727562,88.31460674,89.79152393,99.00110988,0,0,0,0,0,0,0
Renewable electricity output (% of total electricity output),EG.ELC.RNEW.ZS,Cote d'Ivoire,CIV,66.66666667,36.75,21.88235294,23.93193338,16.72597865,0,0,0,0,0,0,0
Renewable electricity output (% of total electricity output),EG.ELC.RNEW.ZS,Croatia,HRV,45.55285809,57.30267247,66.50175665,73.95802322,66.82683752,0,0,0,0,0,0,0
Renewable electricity output (% of total electricity output),EG.ELC.RNEW.ZS,Cuba,CUB,10.25026624,6.872006386,4.352142111,4.017349995,3.948146688,0,0,0,0,0,0,0
Renewable electricity output (% of total electricity output),EG.ELC.RNEW.ZS,Curacao,CUW,0,0.713648528,3.539823009,3.591470258,3.712296984,0,0,0,0,0,0,0
Renewable electricity output (% of total electricity output),EG.ELC.RNEW.ZS,Cyprus,CYP,0,0,7.622377622,7.287356322,8.780057357,0,0,0,0,0,0,0
Renewable electricity output (% of total electricity output),EG.ELC.RNEW.ZS,Czechia,CZE,1.864431276,3.132586304,10.82341178,10.77841497,11.40457054,0,0,0,0,0,0,0
Renewable electricity output (% of total electricity output),EG.ELC.RNEW.ZS,Denmark,DNK,3.175275191,15.45502455,45.96033733,55.90044743,65.50592462,0,0,0,0,0,0,0
Renewable electricity output (% of total electricity output),EG.ELC.RNEW.ZS,Djibouti,DJI,0,0,0,0,0,0,0,0,0,0,0,0
Renewable electricity output (% of total electricity output),EG.ELC.RNEW.ZS,Dominica,DMA,53.33333333,41.55844156,25.54627697,20.79685061,16.17578926,0,0,0,0,0,0,0
Renewable electricity output (% of total electricity output),EG.ELC.RNEW.ZS,Dominican Republic,DOM,10.11357491,9.147783627,16.5696884,13.33937266,11.63244298,0,0,0,0,0,0,0
Renewable electricity output (% of total electricity output),EG.ELC.RNEW.ZS,Ecuador,ECU,78.5478028,71.70184697,48.99187481,49.17513473,52.80294232,0,0,0,0,0,0,0
Renewable electricity output (% of total electricity output),EG.ELC.RNEW.ZS,"Egypt, Arab Rep.",EGY,23.50435441,17.70344113,8.881880393,8.870907791,8.259285514,0,0,0,0,0,0,0
Renewable electricity output (% of total electricity output),EG.ELC.RNEW.ZS,El Salvador,SLV,93.19206492,58.06929227,60.4432398,59.69789491,57.8226749,0,0,0,0,0,0,0
Renewable electricity output (% of total electricity output),EG.ELC.RNEW.ZS,Equatorial Guinea,GNQ,6.872852234,13.91650099,4.347826087,57.82747604,57.82747604,0,0,0,0,0,0,0
Renewable electricity output (% of total electricity output),EG.ELC.RNEW.ZS,Eritrea,ERI,0,0.476190476,0.540540541,0.515463918,0.492610837,0,0,0,0,0,0,0
Renewable electricity output (% of total electricity output),EG.ELC.RNEW.ZS,Estonia,EST,0,0.211441325,9.190207156,11.16021212,14.4187386,0,0,0,0,0,0,0
Renewable electricity output (% of total electricity output),EG.ELC.RNEW.ZS,Eswatini,SWZ,42.30769231,40.94102619,40.65785012,53.2627866,46.57258065,0,0,0,0,0,0,0
Renewable electricity output (% of total electricity output),EG.ELC.RNEW.ZS,Ethiopia,ETH,88.35274542,98.6260454,99.90806711,99.96847084,99.96167481,0,0,0,0,0,0,0
Renewable electricity output (% of total electricity output),EG.ELC.RNEW.ZS,Faroe Islands,FRO,35.5450237,36.15023474,38.43621596,50.80758438,60.07143561,0,0,0,0,0,0,0
Renewable electricity output (% of total electricity output),EG.ELC.RNEW.ZS,Fiji,FJI,82.44111349,60.23105021,62.12769679,47.16629815,45.01588482,0,0,0,0,0,0,0
Renewable electricity output (% of total electricity output),EG.ELC.RNEW.ZS,Finland,FIN,29.45179028,33.41002629,35.96699272,38.58049167,44.49903057,0,0,0,0,0,0,0
Renewable electricity output (% of total electricity output),EG.ELC.RNEW.ZS,France,FRA,13.36987864,12.96787647,17.04528624,16.45590494,15.85766663,0,0,0,0,0,0,0
Renewable electricity output (% of total electricity output),EG.ELC.RNEW.ZS,French Polynesia,PYF,18.60274914,33.33333333,27.16119062,31.71712689,32.01209739,0,0,0,0,0,0,0
Renewable electricity output (% of total electricity output),EG.ELC.RNEW.ZS,Gabon,GAB,72.39263804,61.59695817,44.99045802,40.34034034,43.74412041,0,0,0,0,0,0,0
Renewable electricity output (% of total electricity output),EG.ELC.RNEW.ZS,"Gambia, The",GMB,0,0,0,0,0,0,0,0,0,0,0,0
Renewable electricity output (% of total electricity output),EG.ELC.RNEW.ZS,Georgia,GEO,55.20985136,78.93318966,82.22487325,80.36833478,78.03932429,0,0,0,0,0,0,0
Renewable electricity output (% of total electricity output),EG.ELC.RNEW.ZS,Germany,DEU,3.486350771,6.198531223,24.07254975,26.13009657,29.23177012,0,0,0,0,0,0,0
Renewable electricity output (% of total electricity output),EG.ELC.RNEW.ZS,Ghana,GHA,100,91.49937699,63.98881206,64.73038648,50.89200244,0,0,0,0,0,0,0
Renewable electricity output (% of total electricity output),EG.ELC.RNEW.ZS,Gibraltar,GIB,0,0,0,0,0,0,0,0,0,0,0,0
Renewable electricity output (% of total electricity output),EG.ELC.RNEW.ZS,Greece,GRC,5.092739037,7.756668226,25.12343734,24.18806984,28.65578326,0,0,0,0,0,0,0
Renewable electricity output (% of total electricity output),EG.ELC.RNEW.ZS,Greenland,GRL,0,57.3968467,79.84321182,81.19814356,81.29152578,0,0,0,0,0,0,0
Renewable electricity output (% of total electricity output),EG.ELC.RNEW.ZS,Grenada,GRD,0,0,0,0,0,0,0,0,0,0,0,0
Renewable electricity output (% of total electricity output),EG.ELC.RNEW.ZS,Guam,GUM,0,0,0,0,0,0,0,0,0,0,0,0
Renewable electricity output (% of total electricity output),EG.ELC.RNEW.ZS,Guatemala,GTM,91.62854529,51.71957672,67.16733871,68.57409133,60.39066739,0,0,0,0,0,0,0
Renewable electricity output (% of total electricity output),EG.ELC.RNEW.ZS,Guinea,GIN,33.78378378,55.96933187,73.71961474,59.76979225,78.75156502,0,0,0,0,0,0,0
Renewable electricity output (% of total electricity output),EG.ELC.RNEW.ZS,Guinea-Bissau,GNB,0,0,0,0,0,0,0,0,0,0,0,0
Renewable electricity output (% of total electricity output),EG.ELC.RNEW.ZS,Guyana,GUY,1.602564103,0,0,0,0,0,0,0,0,0,0,0
Renewable electricity output (% of total electricity output),EG.ELC.RNEW.ZS,Haiti,HTI,79.39698492,51.73674589,13.36492891,8.712487899,7.996146435,0,0,0,0,0,0,0
Renewable electricity output (% of total electricity output),EG.ELC.RNEW.ZS,Honduras,HND,98.27511859,61.91128149,46.7550161,43.82931077,42.2755159,0,0,0,0,0,0,0
Renewable electricity output (% of total electricity output),EG.ELC.RNEW.ZS,"Hong Kong SAR, China",HKG,0,0,0.242606875,0.26560425,0.278727321,0,0,0,0,0,0,0
Renewable electricity output (% of total electricity output),EG.ELC.RNEW.ZS,Hungary,HUN,0.685750457,0.690517462,9.203142536,10.6831791,10.58269066,0,0,0,0,0,0,0
Renewable electricity output (% of total electricity output),EG.ELC.RNEW.ZS,Iceland,ISL,99.86696231,99.93492972,99.97240009,99.98344645,99.97872227,0,0,0,0,0,0,0
Renewable electricity output (% of total electricity output),EG.ELC.RNEW.ZS,India,IND,24.48929396,13.59094803,17.34931383,16.25383982,15.34305035,0,0,0,0,0,0,0
Renewable electricity output (% of total electricity output),EG.ELC.RNEW.ZS,Indonesia,IDN,20.9171335,15.95606751,12.27016017,11.47510049,10.65115563,12.07195824,12.56055351,17.03700074,16.24664521,0,0,0
Renewable electricity output (% of total electricity output),EG.ELC.RNEW.ZS,"Iran, Islamic Rep.",IRN,10.29237589,3.037843271,5.707720798,5.195386896,5.104887878,0,0,0,0,0,0,0
Renewable electricity output (% of total electricity output),EG.ELC.RNEW.ZS,Iraq,IRQ,10.83333333,1.915360502,8.142480572,4.325050171,3.731754737,0,0,0,0,0,0,0
Renewable electricity output (% of total electricity output),EG.ELC.RNEW.ZS,Ireland,IRL,4.898446834,5.005702699,22.0058651,24.75976441,27.96540802,0,0,0,0,0,0,0
Renewable electricity output (% of total electricity output),EG.ELC.RNEW.ZS,Isle of Man,IMN,0,0,0.793650794,0.793650794,0.833002777,0,0,0,0,0,0,0
Renewable electricity output (% of total electricity output),EG.ELC.RNEW.ZS,Israel,ISR,0.014355441,0.072665901,0.931150321,1.514478812,1.89020023,0,0,0,0,0,0,0
Renewable electricity output (% of total electricity output),EG.ELC.RNEW.ZS,Italy,ITA,16.37602218,18.84819275,38.90534856,43.39160638,38.67922518,0,0,0,0,0,0,0
Renewable electricity output (% of total electricity output),EG.ELC.RNEW.ZS,Jamaica,JAM,7.567127746,4.844081138,9.842223892,9.796314258,10.26200873,0,0,0,0,0,0,0
Renewable electricity output (% of total electricity output),EG.ELC.RNEW.ZS,Japan,JPN,11.25473751,9.116049011,12.20529179,14.05935936,15.98478072,0,0,0,0,0,0,0
Renewable electricity output (% of total electricity output),EG.ELC.RNEW.ZS,Jordan,JOR,0.329851567,0.569491525,0.370735098,0.362239297,0.967708005,0,0,0,0,0,0,0
Renewable electricity output (% of total electricity output),EG.ELC.RNEW.ZS,Kazakhstan,KAZ,8.429943121,14.67344712,7.505383854,7.877755358,8.874027877,0,0,0,0,0,0,0
Renewable electricity output (% of total electricity output),EG.ELC.RNEW.ZS,Kenya,KEN,92.85935085,46.9795307,69.28796755,81.48628213,87.51424723,0,0,0,0,0,0,0
Renewable electricity output (% of total electricity output),EG.ELC.RNEW.ZS,Kiribati,KIR,0,0,0,0,7.272727273,0,0,0,0,0,0,0
Renewable electricity output (% of total electricity output),EG.ELC.RNEW.ZS,"Korea, Dem. People's Rep.",PRK,56.31768953,52.57731959,75.82369627,72.58920096,72.79609813,0,0,0,0,0,0,0
Renewable electricity output (% of total electricity output),EG.ELC.RNEW.ZS,"Korea, Rep.",KOR,6.037714362,1.424828265,1.632858702,1.566868059,1.894666312,0,0,0,0,0,0,0
Renewable electricity output (% of total electricity output),EG.ELC.RNEW.ZS,Kosovo,XKX,0,1.75853906,2.191570881,2.777777778,2.287955548,0,0,0,0,0,0,0
Renewable electricity output (% of total electricity output),EG.ELC.RNEW.ZS,Kuwait,KWT,0,0,0,0,0,0,0,0,0,0,0,0
Renewable electricity output (% of total electricity output),EG.ELC.RNEW.ZS,Kyrgyz Republic,KGZ,63.47571828,85.89511754,93.47655414,91.2572056,85.18802763,0,0,0,0,0,0,0
Renewable electricity output (% of total electricity output),EG.ELC.RNEW.ZS,Lao PDR,LAO,94.87756994,90.90883803,99.96518734,99.96674873,86.36999958,0,0,0,0,0,0,0
Renewable electricity output (% of total electricity output),EG.ELC.RNEW.ZS,Latvia,LVA,67.62936221,68.25435203,56.917378,54.54191791,50.17169709,0,0,0,0,0,0,0
Renewable electricity output (% of total electricity output),EG.ELC.RNEW.ZS,Lebanon,LBN,33.33333333,4.640826873,7.256819352,1.075089127,2.603826919,0,0,0,0,0,0,0
Renewable electricity output (% of total electricity output),EG.ELC.RNEW.ZS,Lesotho,LSO,0,100,100,100,100,0,0,0,0,0,0,0
Renewable electricity output (% of total electricity output),EG.ELC.RNEW.ZS,Liberia,LBR,0,0,0,0,0,0,0,0,0,0,0,0
Renewable electricity output (% of total electricity output),EG.ELC.RNEW.ZS,Libya,LBY,0,0,0,0,0,0,0,0,0,0,0,0
Renewable electricity output (% of total electricity output),EG.ELC.RNEW.ZS,Liechtenstein,LIE,0,0,96.014068,93.96135266,96.85714286,0,0,0,0,0,0,0
Renewable electricity output (% of total electricity output),EG.ELC.RNEW.ZS,Lithuania,LTU,1.457489879,3.057279022,36.21262458,40.74973031,39.40817285,0,0,0,0,0,0,0
Renewable electricity output (% of total electricity output),EG.ELC.RNEW.ZS,Luxembourg,LUX,13.30128205,40.99526066,20.01081666,20.94488189,32.38166792,0,0,0,0,0,0,0
Renewable electricity output (% of total electricity output),EG.ELC.RNEW.ZS,"Macao SAR, China",MAC,0,0,0,0,0,0,0,0,0,0,0,0
Renewable electricity output (% of total electricity output),EG.ELC.RNEW.ZS,Madagascar,MDG,57.64939868,61.12598031,50.77202982,53.30695635,54.59645655,0,0,0,0,0,0,0
Renewable electricity output (% of total electricity output),EG.ELC.RNEW.ZS,Malawi,MWI,98.05013928,84.25774878,91.03471503,91.30599757,91.30682899,0,0,0,0,0,0,0
Renewable electricity output (% of total electricity output),EG.ELC.RNEW.ZS,Malaysia,MYS,17.33142162,10.05847953,8.57764478,9.707802996,9.957168455,0,0,0,0,0,0,0
Renewable electricity output (% of total electricity output),EG.ELC.RNEW.ZS,Maldives,MDV,0,0,0.329091346,0.608069077,1.277204455,0,0,0,0,0,0,0
Renewable electricity output (% of total electricity output),EG.ELC.RNEW.ZS,Mali,MLI,74.08906883,30.35935564,64.79330305,42.87441124,43.51635514,0,0,0,0,0,0,0
Renewable electricity output (% of total electricity output),EG.ELC.RNEW.ZS,Malta,MLT,0,0,1.554864505,3.340757238,7.674597084,0,0,0,0,0,0,0
Renewable electricity output (% of total electricity output),EG.ELC.RNEW.ZS,Marshall Islands,MHL,0,0,0.275020926,0.234741784,0.233372229,0,0,0,0,0,0,0
Renewable electricity output (% of total electricity output),EG.ELC.RNEW.ZS,Mauritania,MRT,10.60220526,0,4.802955665,5.055409641,13.37325349,0,0,0,0,0,0,0
Renewable electricity output (% of total electricity output),EG.ELC.RNEW.ZS,Mauritius,MUS,31.15384615,29.64004499,20.60249307,20.2928158,22.72272272,0,0,0,0,0,0,0
Renewable electricity output (% of total electricity output),EG.ELC.RNEW.ZS,Mexico,MEX,24.69331906,19.8040598,13.29954326,17.54351633,15.39413379,0,0,0,0,0,0,0
Renewable electricity output (% of total electricity output),EG.ELC.RNEW.ZS,"Micronesia, Fed. Sts.",FSM,0,0.224971879,1.492537313,1.530389156,1.601164483,0,0,0,0,0,0,0
Renewable electricity output (% of total electricity output),EG.ELC.RNEW.ZS,Moldova,MDA,1.584365945,6.724937567,6.969494545,6.204447767,5.368576588,0,0,0,0,0,0,0
Renewable electricity output (% of total electricity output),EG.ELC.RNEW.ZS,Monaco,MCO,0,0,0,0,0,0,0,0,0,0,0,0
Renewable electricity output (% of total electricity output),EG.ELC.RNEW.ZS,Mongolia,MNG,0,0,1.693227092,3.162202381,3.083620533,0,0,0,0,0,0,0
Renewable electricity output (% of total electricity output),EG.ELC.RNEW.ZS,Montenegro,MNE,0,0,63.47275032,55.21588402,49.65034965,0,0,0,0,0,0,0
Renewable electricity output (% of total electricity output),EG.ELC.RNEW.ZS,Morocco,MAR,12.67137516,6.079452694,14.64795845,12.38781048,14.30889033,0,0,0,0,0,0,0
Renewable electricity output (% of total electricity output),EG.ELC.RNEW.ZS,Mozambique,MOZ,62.55506608,99.54620462,97.65693186,91.15757439,86.41088736,0,0,0,0,0,0,0
Renewable electricity output (% of total electricity output),EG.ELC.RNEW.ZS,Myanmar,MMR,48.14366425,36.96756546,72.04213277,62.36490782,58.85410144,0,0,0,0,0,0,0
Renewable electricity output (% of total electricity output),EG.ELC.RNEW.ZS,Namibia,NAM,0,99.21819474,95.56724267,99.13217623,97.78645833,0,0,0,0,0,0,0
Renewable electricity output (% of total electricity output),EG.ELC.RNEW.ZS,Nauru,NRU,0,0,0.411522634,0.398406375,0.398406375,0,0,0,0,0,0,0
Renewable electricity output (% of total electricity output),EG.ELC.RNEW.ZS,Nepal,NPL,99.88610478,98.37251356,99.71566676,99.97366342,100,0,0,0,0,0,0,0
Renewable electricity output (% of total electricity output),EG.ELC.RNEW.ZS,Netherlands,NLD,1.119942197,3.315817072,11.97511205,11.32104663,12.44208231,0,0,0,0,0,0,0
Renewable electricity output (% of total electricity output),EG.ELC.RNEW.ZS,New Caledonia,NCL,40.19180471,27.29483283,20.50910571,11.67348511,14.09470867,0,0,0,0,0,0,0
Renewable electricity output (% of total electricity output),EG.ELC.RNEW.ZS,New Zealand,NZL,80.00619867,71.50100645,74.25811223,79.20239053,80.08143875,0,0,0,0,0,0,0
Renewable electricity output (% of total electricity output),EG.ELC.RNEW.ZS,Nicaragua,NIC,61.35895676,21.395151,52.3043687,53.86864597,50.05459707,0,0,0,0,0,0,0
Renewable electricity output (% of total electricity output),EG.ELC.RNEW.ZS,Niger,NER,0,0,0.902934537,0.902934537,0.753295669,0,0,0,0,0,0,0
Renewable electricity output (% of total electricity output),EG.ELC.RNEW.ZS,Nigeria,NGA,32.58560499,38.21552251,18.43991275,17.59131293,18.19512506,0,0,0,0,0,0,0
Renewable electricity output (% of total electricity output),EG.ELC.RNEW.ZS,North Macedonia,MKD,8.527266412,17.17809426,26.14046603,24.04168217,35.93694651,0,0,0,0,0,0,0
Renewable electricity output (% of total electricity output),EG.ELC.RNEW.ZS,Northern Mariana Islands,MNP,0,0,0,0,0,0,0,0,0,0,0,0
Renewable electricity output (% of total electricity output),EG.ELC.RNEW.ZS,Norway,NOR,99.79195961,99.71510971,97.70226925,97.65553085,97.70987062,0,0,0,0,0,0,0
Renewable electricity output (% of total electricity output),EG.ELC.RNEW.ZS,Oman,OMN,0,0,0,0,0,0,0,0,0,0,0,0
Renewable electricity output (% of total electricity output),EG.ELC.RNEW.ZS,Pakistan,PAK,44.92607438,25.24223384,31.00618779,31.10255356,31.43034972,0,0,0,0,0,0,0
Renewable electricity output (% of total electricity output),EG.ELC.RNEW.ZS,Palau,PLW,0,0,0,0,0,0,0,0,0,0,0,0
Renewable electricity output (% of total electricity output),EG.ELC.RNEW.ZS,Panama,PAN,85.26869598,70.43175772,57.92587631,55.79842791,65.32634033,0,0,0,0,0,0,0
Renewable electricity output (% of total electricity output),EG.ELC.RNEW.ZS,Papua New Guinea,PNG,33.09352518,47.07121787,35.77194753,34.53065134,34.53065134,0,0,0,0,0,0,0
Renewable electricity output (% of total electricity output),EG.ELC.RNEW.ZS,Paraguay,PRY,99.97425051,100,99.99503155,99.98914656,99.99820608,0,0,0,0,0,0,0
Renewable electricity output (% of total electricity output),EG.ELC.RNEW.ZS,Peru,PER,76.80330243,81.98754645,53.93968648,52.36845558,52.73051336,0,0,0,0,0,0,0
Renewable electricity output (% of total electricity output),EG.ELC.RNEW.ZS,Philippines,PHL,45.42484901,42.89026275,26.40368825,25.59731822,25.41346632,0,0,0,0,0,0,0
Renewable electricity output (% of total electricity output),EG.ELC.RNEW.ZS,Poland,POL,1.095115872,1.62878735,10.40531148,12.51861105,13.80239867,0,0,0,0,0,0,0
Renewable electricity output (% of total electricity output),EG.ELC.RNEW.ZS,Portugal,PRT,34.71526357,29.66891082,58.31915146,60.740199,47.52637429,0,0,0,0,0,0,0
Renewable electricity output (% of total electricity output),EG.ELC.RNEW.ZS,Puerto Rico,PRI,1.74694285,0.733473916,1.39324421,1.627869883,1.837446479,0,0,0,0,0,0,0
Renewable electricity output (% of total electricity output),EG.ELC.RNEW.ZS,Qatar,QAT,0,0,0,0,0,0,0,0,0,0,0,0
Renewable electricity output (% of total electricity output),EG.ELC.RNEW.ZS,Romania,ROU,17.74401717,28.45534717,34.42155255,41.6060857,39.7469737,0,0,0,0,0,0,0
Renewable electricity output (% of total electricity output),EG.ELC.RNEW.ZS,Russian Federation,RUS,15.33814104,18.72960564,17.17463022,16.5682512,15.85579515,0,0,0,0,0,0,0
Renewable electricity output (% of total electricity output),EG.ELC.RNEW.ZS,Rwanda,RWA,97.66081871,96.46017699,35.88129932,44.0581476,56.88782816,0,0,0,0,0,0,0
Renewable electricity output (% of total electricity output),EG.ELC.RNEW.ZS,Samoa,WSM,40,49.57081545,36.47388829,33.7952271,30.35048471,0,0,0,0,0,0,0
Renewable electricity output (% of total electricity output),EG.ELC.RNEW.ZS,San Marino,SMR,0,0,0,0,0,0,0,0,0,0,0,0
Renewable electricity output (% of total electricity output),EG.ELC.RNEW.ZS,Sao Tome and Principe,STP,53.33333333,26.05363985,8.333333333,10.44776119,10.47345768,0,0,0,0,0,0,0
Renewable electricity output (% of total electricity output),EG.ELC.RNEW.ZS,Saudi Arabia,SAU,0,0,0.000352092,0.000320712,0.000295564,0,0,0,0,0,0,0
Renewable electricity output (% of total electricity output),EG.ELC.RNEW.ZS,Senegal,SEN,4.656084656,3.304239401,10.41842179,10.41722746,10.41719343,0,0,0,0,0,0,0
Renewable electricity output (% of total electricity output),EG.ELC.RNEW.ZS,Serbia,SRB,23.12933477,35.14938489,26.06368063,32.98451235,26.90517356,0,0,0,0,0,0,0
Renewable electricity output (% of total electricity output),EG.ELC.RNEW.ZS,Seychelles,SYC,0,0,1.962057478,2.149944873,2.380952381,0,0,0,0,0,0,0
Renewable electricity output (% of total electricity output),EG.ELC.RNEW.ZS,Sierra Leone,SLE,0,16.57866948,64.10973904,65.35694521,60.97560976,0,0,0,0,0,0,0
Renewable electricity output (% of total electricity output),EG.ELC.RNEW.ZS,Singapore,SGP,0.540918926,0.773724933,1.546832329,1.662616444,1.820886641,0,0,0,0,0,0,0
Renewable electricity output (% of total electricity output),EG.ELC.RNEW.ZS,Sint Maarten (Dutch part),SXM,0,0,0,0,0,0,0,0,0,0,0,0
Renewable electricity output (% of total electricity output),EG.ELC.RNEW.ZS,Slovak Republic,SVK,7.37341648,14.98473927,22.28028337,22.94459997,22.67948333,0,0,0,0,0,0,0
Renewable electricity output (% of total electricity output),EG.ELC.RNEW.ZS,Slovenia,SVN,23.70620379,28.65531415,32.32336011,38.51890695,29.39191469,0,0,0,0,0,0,0
Renewable electricity output (% of total electricity output),EG.ELC.RNEW.ZS,Solomon Islands,SLB,0,0,0,2.32755872,2.262630437,0,0,0,0,0,0,0
Renewable electricity output (% of total electricity output),EG.ELC.RNEW.ZS,Somalia,SOM,0,0,0,0,0,0,0,0,0,0,0,0
Renewable electricity output (% of total electricity output),EG.ELC.RNEW.ZS,South Africa,ZAF,0.610696254,0.677453966,0.609023982,1.293136276,2.255041826,0,0,0,0,0,0,0
Renewable electricity output (% of total electricity output),EG.ELC.RNEW.ZS,South Sudan,SSD,0,0,0.423728814,0.409836066,0.606060606,0,0,0,0,0,0,0
Renewable electricity output (% of total electricity output),EG.ELC.RNEW.ZS,Spain,ESP,17.21624803,15.61372617,39.58357761,40.10525588,34.94989057,0,0,0,0,0,0,0
Renewable electricity output (% of total electricity output),EG.ELC.RNEW.ZS,Sri Lanka,LKA,99.84126984,45.80239863,59.8769026,39.20231121,48.47519345,0,0,0,0,0,0,0
Renewable electricity output (% of total electricity output),EG.ELC.RNEW.ZS,St. Kitts and Nevis,KNA,0,0,4.090909091,4.654315409,4.571682202,0,0,0,0,0,0,0
Renewable electricity output (% of total electricity output),EG.ELC.RNEW.ZS,St. Lucia,LCA,0,0,0,0,0,0,0,0,0,0,0,0
Renewable electricity output (% of total electricity output),EG.ELC.RNEW.ZS,St. Martin (French part),MAF,0,0,0,0,0,0,0,0,0,0,0,0
Renewable electricity output (% of total electricity output),EG.ELC.RNEW.ZS,St. Vincent and the Grenadines,VCT,47.05882353,26.55246253,17.98561151,15.87503175,15.6626506,0,0,0,0,0,0,0
Renewable electricity output (% of total electricity output),EG.ELC.RNEW.ZS,Sudan,SDN,63.23432343,46.04904632,80.8537534,78.34915612,64.53590864,0,0,0,0,0,0,0
Renewable electricity output (% of total electricity output),EG.ELC.RNEW.ZS,Suriname,SUR,0,88.39590444,59.93589744,62.33944954,60.05314438,0,0,0,0,0,0,0
Renewable electricity output (% of total electricity output),EG.ELC.RNEW.ZS,Sweden,SWE,51.0001096,57.24673107,54.03349648,55.83768577,63.26274771,0,0,0,0,0,0,0
Renewable electricity output (% of total electricity output),EG.ELC.RNEW.ZS,Switzerland,CHE,54.98254292,57.00048394,59.19383003,58.01546318,62.19798175,0,0,0,0,0,0,0
Renewable electricity output (% of total electricity output),EG.ELC.RNEW.ZS,Syrian Arab Republic,SYR,23.49496167,12.81278503,12.03176386,11.10741919,2.309714222,0,0,0,0,0,0,0
Renewable electricity output (% of total electricity output),EG.ELC.RNEW.ZS,Tajikistan,TJK,90.92913039,98.44177722,99.74291557,99.02865469,98.4733714,0,0,0,0,0,0,0
Renewable electricity output (% of total electricity output),EG.ELC.RNEW.ZS,Tanzania,TZA,95.14742015,86.36731392,29.50681703,42.2897572,34.15409055,0,0,0,0,0,0,0
Renewable electricity output (% of total electricity output),EG.ELC.RNEW.ZS,Thailand,THA,11.26403477,6.811006804,8.277930019,8.514534749,8.538478848,0,0,0,0,0,0,0
Renewable electricity output (% of total electricity output),EG.ELC.RNEW.ZS,Timor-Leste,TLS,0,0,0,0,0,0,0,0,0,0,0,0
Renewable electricity output (% of total electricity output),EG.ELC.RNEW.ZS,Togo,TGO,60.12658228,57.14285714,81.72043011,86.20689655,75.30864198,0,0,0,0,0,0,0
Renewable electricity output (% of total electricity output),EG.ELC.RNEW.ZS,Tonga,TON,0,0,3.845215989,4.578361834,5.907409079,0,0,0,0,0,0,0
Renewable electricity output (% of total electricity output),EG.ELC.RNEW.ZS,Trinidad and Tobago,TTO,0.866648029,0.366367467,0,0,0,0,0,0,0,0,0,0
Renewable electricity output (% of total electricity output),EG.ELC.RNEW.ZS,Tunisia,TUN,0.791602134,0.821064553,2.333931777,3.062021559,2.835942265,0,0,0,0,0,0,0
Renewable electricity output (% of total electricity output),EG.ELC.RNEW.ZS,Turkiye,TUR,40.36633474,24.93876179,28.8231718,20.88719375,31.95662056,0,0,0,0,0,0,0
Renewable electricity output (% of total electricity output),EG.ELC.RNEW.ZS,Turkmenistan,TKM,4.791238877,0,0,0,0,0,0,0,0,0,0,0
Renewable electricity output (% of total electricity output),EG.ELC.RNEW.ZS,Turks and Caicos Islands,TCA,0,0,0,0,0,0,0,0,0,0,0,0
Renewable electricity output (% of total electricity output),EG.ELC.RNEW.ZS,Tuvalu,TUV,0,0,0,0,28.16901408,0,0,0,0,0,0,0
Renewable electricity output (% of total electricity output),EG.ELC.RNEW.ZS,Uganda,UGA,99.35400517,99.60814056,96.26767366,91.35896353,92.95052698,0,0,0,0,0,0,0
Renewable electricity output (% of total electricity output),EG.ELC.RNEW.ZS,Ukraine,UKR,3.520791894,6.58613059,7.800997388,5.587031186,4.381646803,0,0,0,0,0,0,0
Renewable electricity output (% of total electricity output),EG.ELC.RNEW.ZS,United Arab Emirates,ARE,0,0,0.094142456,0.258307016,0.232401112,0,0,0,0,0,0,0
Renewable electricity output (% of total electricity output),EG.ELC.RNEW.ZS,United Kingdom,GBR,1.828767447,2.663105175,14.98848014,19.26285368,24.84005042,0,0,0,0,0,0,0
Renewable electricity output (% of total electricity output),EG.ELC.RNEW.ZS,United States,USA,11.52864685,8.205996942,12.63791912,12.95382709,13.22859321,0,0,0,0,0,0,0
Renewable electricity output (% of total electricity output),EG.ELC.RNEW.ZS,Uruguay,URY,94.94895218,93.38429099,80.85234094,90.72608529,88.55895197,0,0,0,0,0,0,0
Renewable electricity output (% of total electricity output),EG.ELC.RNEW.ZS,Uzbekistan,UZB,11.80292943,12.54481052,21.32841328,21.35379061,20.65293296,0,0,0,0,0,0,0
Renewable electricity output (% of total electricity output),EG.ELC.RNEW.ZS,Vanuatu,VUT,0,0,15.06646972,15.31531532,21.25984252,0,0,0,0,0,0,0
Renewable electricity output (% of total electricity output),EG.ELC.RNEW.ZS,"Venezuela, RB",VEN,62.34385799,73.74840215,67.8345242,68.26270423,63.6950421,0,0,0,0,0,0,0
Renewable electricity output (% of total electricity output),EG.ELC.RNEW.ZS,Viet Nam,VNM,61.8477134,54.78332894,41.66200202,42.98140651,36.7320577,0,0,0,0,0,0,0
Renewable electricity output (% of total electricity output),EG.ELC.RNEW.ZS,Virgin Islands (U.S.),VIR,0,0,1.650199063,2.755002347,3.877525411,0,0,0,0,0,0,0
Renewable electricity output (% of total electricity output),EG.ELC.RNEW.ZS,West Bank and Gaza,PSE,0,0,0,0,0,0,0,0,0,0,0,0
Renewable electricity output (% of total electricity output),EG.ELC.RNEW.ZS,"Yemen, Rep.",YEM,0,0,0,0,0,0,0,0,0,0,0,0
Renewable electricity output (% of total electricity output),EG.ELC.RNEW.ZS,Zambia,ZMB,99.22625733,99.38445755,99.85714286,97.16302242,96.99382395,0,0,0,0,0,0,0
Renewable electricity output (% of total electricity output),EG.ELC.RNEW.ZS,Zimbabwe,ZWE,46.66737877,45.66118656,53.93939394,55.60542589,52.72427644,0,0,0,0,0,0,0
Renewable electricity output (% of total electricity output),EG.ELC.RNEW.ZS,Africa Eastern and Southern,AFE,14.36525822,15.98373752,22.73260394,24.96658943,25.67587875,0,0,0,0,0,0,0
Renewable electricity output (% of total electricity output),EG.ELC.RNEW.ZS,Africa Western and Central,AFW,55.66314934,52.85887292,35.16386365,34.56614593,31.23353141,0,0,0,0,0,0,0
Renewable electricity output (% of total electricity output),EG.ELC.RNEW.ZS,Arab World,ARB,7.241521246,4.46423747,3.770384961,3.27807342,2.920701686,0,0,0,0,0,0,0
Renewable electricity output (% of total electricity output),EG.ELC.RNEW.ZS,Caribbean small states,CSS,3.160281772,8.666853368,9.249508368,9.269233533,8.914779554,0,0,0,0,0,0,0
Renewable electricity output (% of total electricity output),EG.ELC.RNEW.ZS,Central Europe and the Baltics,CEB,6.960160999,9.558929487,17.94481053,20.5025605,20.25285141,0,0,0,0,0,0,0
Renewable electricity output (% of total electricity output),EG.ELC.RNEW.ZS,Early-demographic dividend,EAR,26.02858893,20.68827212,19.06642076,18.2713436,18.10486154,0,0,0,0,0,0,0
Renewable electricity output (% of total electricity output),EG.ELC.RNEW.ZS,East Asia & Pacific,EAS,15.78372005,12.80282455,17.43331758,19.30149218,20.41246622,0,0,0,0,0,0,0
Renewable electricity output (% of total electricity output),EG.ELC.RNEW.ZS,East Asia & Pacific (excluding high income),EAP,22.50711895,17.73926991,20.26318423,22.30929817,23.39468535,0,0,0,0,0,0,0
Renewable electricity output (% of total electricity output),EG.ELC.RNEW.ZS,East Asia & Pacific (IDA & IBRD countries),TEA,21.28478243,17.34371733,20.09906884,22.17043677,23.29373303,0,0,0,0,0,0,0
Renewable electricity output (% of total electricity output),EG.ELC.RNEW.ZS,Euro area,EMU,11.90766591,13.89748084,27.8493233,29.24295287,28.7184688,0,0,0,0,0,0,0
Renewable electricity output (% of total electricity output),EG.ELC.RNEW.ZS,Europe & Central Asia,ECS,16.10004557,19.0217803,26.423832,27.1158848,28.02017644,0,0,0,0,0,0,0
Renewable electricity output (% of total electricity output),EG.ELC.RNEW.ZS,Europe & Central Asia (excluding high income),ECA,14.65744485,19.10488463,19.14579474,17.47323312,18.61801884,0,0,0,0,0,0,0
Renewable electricity output (% of total electricity output),EG.ELC.RNEW.ZS,Europe & Central Asia (IDA & IBRD countries),TEC,14.00096384,18.16054388,19.20246373,18.19499148,19.14886207,0,0,0,0,0,0,0
Renewable electricity output (% of total electricity output),EG.ELC.RNEW.ZS,European Union,EUU,13.43418237,15.52892068,27.90496965,29.57946632,29.7153525,0,0,0,0,0,0,0
Renewable electricity output (% of total electricity output),EG.ELC.RNEW.ZS,Fragile and conflict affected situations,FCS,37.69427085,41.28780233,39.23926192,38.3939088,36.18664368,0,0,0,0,0,0,0
Renewable electricity output (% of total electricity output),EG.ELC.RNEW.ZS,Heavily indebted poor countries (HIPC),HPC,83.05555323,74.69294725,67.67199388,67.04826055,63.42129178,0,0,0,0,0,0,0
Renewable electricity output (% of total electricity output),EG.ELC.RNEW.ZS,High income,HIC,16.52629935,14.79042642,19.91045888,20.72046188,21.25753492,0,0,0,0,0,0,0
Renewable electricity output (% of total electricity output),EG.ELC.RNEW.ZS,IBRD only,IBD,22.9905015,23.69176874,22.6252488,23.30549903,23.6809579,0,0,0,0,0,0,0
Renewable electricity output (% of total electricity output),EG.ELC.RNEW.ZS,IDA & IBRD total,IBT,24.28815321,24.63851141,23.41927471,24.07945892,24.43053555,0,0,0,0,0,0,0
Renewable electricity output (% of total electricity output),EG.ELC.RNEW.ZS,IDA blend,IDB,31.39400416,26.37775116,31.01297826,31.53696615,31.60527279,0,0,0,0,0,0,0
Renewable electricity output (% of total electricity output),EG.ELC.RNEW.ZS,IDA only,IDX,66.94715414,56.50202678,51.94483467,52.0128548,50.58059334,0,0,0,0,0,0,0
Renewable electricity output (% of total electricity output),EG.ELC.RNEW.ZS,IDA total,IDA,47.0661167,41.57129837,42.57328357,42.82995251,42.2242203,0,0,0,0,0,0,0
Renewable electricity output (% of total electricity output),EG.ELC.RNEW.ZS,Late-demographic dividend,LTE,24.39627539,25.56621425,23.92932202,25.25461383,25.79831246,0,0,0,0,0,0,0
Renewable electricity output (% of total electricity output),EG.ELC.RNEW.ZS,Latin America & Caribbean,LCN,64.20998651,60.25533661,53.23313742,53.06284039,51.70474849,0,0,0,0,0,0,0
Renewable electricity output (% of total electricity output),EG.ELC.RNEW.ZS,Latin America & Caribbean (excluding high income),LAC,67.15519153,61.48067636,54.10937833,53.30659449,52.09505547,0,0,0,0,0,0,0
Renewable electricity output (% of total electricity output),EG.ELC.RNEW.ZS,Latin America & the Caribbean (IDA & IBRD countries),TLA,67.7198819,62.81211489,54.83909054,54.6158949,53.24438908,0,0,0,0,0,0,0
Renewable electricity output (% of total electricity output),EG.ELC.RNEW.ZS,Least developed countries: UN classification,LDC,64.91514475,59.33001146,52.76723801,51.93378274,52.17812439,0,0,0,0,0,0,0
Renewable electricity output (% of total electricity output),EG.ELC.RNEW.ZS,Low & middle income,LMY,24.44715104,24.12336661,22.94638673,23.47973186,23.91178735,0,0,0,0,0,0,0
Renewable electricity output (% of total electricity output),EG.ELC.RNEW.ZS,Low income,LIC,59.20465286,53.11098355,64.94115375,66.05673365,65.76200869,0,0,0,0,0,0,0
Renewable electricity output (% of total electricity output),EG.ELC.RNEW.ZS,Lower middle income,LMC,21.61853752,17.99543769,18.67290254,17.89026764,17.24705769,0,0,0,0,0,0,0
Renewable electricity output (% of total electricity output),EG.ELC.RNEW.ZS,Middle East & North Africa,MEA,7.05262711,3.697566414,3.415429083,2.961798447,2.741456134,0,0,0,0,0,0,0
Renewable electricity output (% of total electricity output),EG.ELC.RNEW.ZS,Middle East & North Africa (excluding high income),MNA,12.52200882,6.666130242,6.242012283,5.404571878,5.092020058,0,0,0,0,0,0,0
Renewable electricity output (% of total electricity output),EG.ELC.RNEW.ZS,Middle East & North Africa (IDA & IBRD countries),TMN,12.52605555,6.666754647,6.246783224,5.407066183,5.095515909,0,0,0,0,0,0,0
Renewable electricity output (% of total electricity output),EG.ELC.RNEW.ZS,Middle income,MIC,23.87231381,23.65998323,22.51191836,23.04745661,23.51826922,0,0,0,0,0,0,0
Renewable electricity output (% of total electricity output),EG.ELC.RNEW.ZS,North America,NAC,18.1782759,15.05492992,19.39997176,19.52780295,19.9474594,0,0,0,0,0,0,0
Renewable electricity output (% of total electricity output),EG.ELC.RNEW.ZS,Not classified,INX,..,..,..,..,..,0,0,0,0,0,0,0
Renewable electricity output (% of total electricity output),EG.ELC.RNEW.ZS,OECD members,OED,17.51769948,15.85676004,21.68532935,22.51084722,23.33596346,0,0,0,0,0,0,0
Renewable electricity output (% of total electricity output),EG.ELC.RNEW.ZS,Other small states,OSS,16.36204443,22.8418002,26.53395445,25.12735052,25.8007305,0,0,0,0,0,0,0
Renewable electricity output (% of total electricity output),EG.ELC.RNEW.ZS,Pacific island small states,PSS,61.17824773,36.23395539,39.6695475,30.85407476,30.30156248,0,0,0,0,0,0,0
Renewable electricity output (% of total electricity output),EG.ELC.RNEW.ZS,Post-demographic dividend,PST,16.39982219,15.13144036,20.93307627,21.72327646,22.38785436,0,0,0,0,0,0,0
Renewable electricity output (% of total electricity output),EG.ELC.RNEW.ZS,Pre-demographic dividend,PRE,49.25488919,46.40653745,43.64742374,41.84985257,40.58964438,0,0,0,0,0,0,0
Renewable electricity output (% of total electricity output),EG.ELC.RNEW.ZS,Small states,SST,14.85135391,19.73752471,24.20219809,22.93582254,23.41813144,0,0,0,0,0,0,0
Renewable electricity output (% of total electricity output),EG.ELC.RNEW.ZS,South Asia,SAS,27.78885227,15.42246951,18.87131211,17.6182362,16.86779926,0,0,0,0,0,0,0
Renewable electricity output (% of total electricity output),EG.ELC.RNEW.ZS,South Asia (IDA & IBRD),TSA,27.78885227,15.42246951,18.87131211,17.6182362,16.86779926,0,0,0,0,0,0,0
Renewable electricity output (% of total electricity output),EG.ELC.RNEW.ZS,Sub-Saharan Africa,SSF,19.47787956,20.59720919,24.76409855,26.58124078,26.61663702,0,0,0,0,0,0,0
Renewable electricity output (% of total electricity output),EG.ELC.RNEW.ZS,Sub-Saharan Africa (excluding high income),SSA,19.4864126,20.61020039,24.78300271,26.60151334,26.63744743,0,0,0,0,0,0,0
Renewable electricity output (% of total electricity output),EG.ELC.RNEW.ZS,Sub-Saharan Africa (IDA & IBRD countries),TSS,19.47787956,20.59720919,24.76409855,26.58124078,26.61663702,0,0,0,0,0,0,0
Renewable electricity output (% of total electricity output),EG.ELC.RNEW.ZS,Upper middle income,UMC,24.65846009,25.7451203,23.6942632,24.66961967,25.54383731,0,0,0,0,0,0,0
Renewable electricity output (% of total electricity output),EG.ELC.RNEW.ZS,World,WLD,19.36203905,18.33315487,21.71034584,22.40725845,22.85445608,0,0,0,0,0,0,0
,,,,,,,,,,,,,,,
,,,,,,,,,,,,,,,
,,,,,,,,,,,,,,,
Data from database: World Development Indicators,,,,,,,,,,,,,,,
Last Updated: 12/18/2023,,,,,,,,,,,,,,,
