Series Name,Series Code,Country Name,Country Code,1990 [YR1990],2000 [YR2000],2013 [YR2013],2014 [YR2014],2015 [YR2015],2016 [YR2016],2017 [YR2017],2018 [YR2018],2019 [YR2019],2020 [YR2020],2021 [YR2021],2022 [YR2022]
Renewable electricity output (% of total electricity output),EG.ELC.RNEW.ZS,Afghanistan,AFG,67.7304964539007,74.9890940817217,78.6364080993837,85.3235490326885,86.0501112508465,..,..,..,..,..,..,..
Renewable electricity output (% of total electricity output),EG.ELC.RNEW.ZS,Albania,ALB,86.4077669902913,96.1490163248221,100,100,100,..,..,..,..,..,..,..
Renewable electricity output (% of total electricity output),EG.ELC.RNEW.ZS,Algeria,DZA,0.838301043219076,0.212498032425626,0.55101018533979,0.395379969490365,0.322683798947644,..,..,..,..,..,..,..
Renewable electricity output (% of total electricity output),EG.ELC.RNEW.ZS,American Samoa,ASM,0,0,0.703140481075933,0.700882474752302,0.885478158205431,..,..,..,..,..,..,..
Renewable electricity output (% of total electricity output),EG.ELC.RNEW.ZS,Andorra,AND,100,100,88.7532693984307,89.4321766561514,86.1167002012072,..,..,..,..,..,..,..
Renewable electricity output (% of total electricity output),EG.ELC.RNEW.ZS,Angola,AGO,86.2068965517241,63.1141868512111,58.0209347614411,53.1751054852321,53.1749283080705,..,..,..,..,..,..,..
Renewable electricity output (% of total electricity output),EG.ELC.RNEW.ZS,Antigua and Barbuda,ATG,0,0,0,0,0,..,..,..,..,..,..,..
Renewable electricity output (% of total electricity output),EG.ELC.RNEW.ZS,Argentina,ARG,35.4414662987781,33.159374648521,31.4844907174391,31.5762041956827,28.1400691239471,..,..,..,..,..,..,..
Renewable electricity output (% of total electricity output),EG.ELC.RNEW.ZS,Armenia,ARM,15.0067554526153,21.1648204095334,28.2360570687419,25.7548387096774,28.3369662777279,..,..,..,..,..,..,..
Renewable electricity output (% of total electricity output),EG.ELC.RNEW.ZS,Aruba,ABW,0,0,14.9121861868333,15.0992799476326,14.8561614426793,..,..,..,..,..,..,..
Renewable electricity output (% of total electricity output),EG.ELC.RNEW.ZS,Australia,AUS,9.65603064418908,8.3816185720276,13.2641083883167,14.9067122095833,13.6378410946741,..,..,..,..,..,..,..
Renewable electricity output (% of total electricity output),EG.ELC.RNEW.ZS,Austria,AUT,66.2021259331386,72.5440090857467,78.0247869868319,81.0568683458842,76.4907792691417,..,..,..,..,..,..,..
Renewable electricity output (% of total electricity output),EG.ELC.RNEW.ZS,Azerbaijan,AZE,7.16136834830684,8.20364725386384,6.67123404984157,5.62924619864122,7.0398574206092,..,..,..,..,..,..,..
Renewable electricity output (% of total electricity output),EG.ELC.RNEW.ZS,"Bahamas, The",BHS,0,0,0,0,0,..,..,..,..,..,..,..
Renewable electricity output (% of total electricity output),EG.ELC.RNEW.ZS,Bahrain,BHR,0,0,0,0,0,..,..,..,..,..,..,..
Renewable electricity output (% of total electricity output),EG.ELC.RNEW.ZS,Bangladesh,BGD,11.4330056906363,4.74922325787838,1.94653614457831,1.31972423672665,1.2268899018827,..,..,..,..,..,..,..
Renewable electricity output (% of total electricity output),EG.ELC.RNEW.ZS,Barbados,BRB,0,0,0,0,0,..,..,..,..,..,..,..
Renewable electricity output (% of total electricity output),EG.ELC.RNEW.ZS,Belarus,BLR,0.0505996053230785,0.103444312478449,0.844256831815152,0.722614078019289,0.815679830995834,..,..,..,..,..,..,..
Renewable electricity output (% of total electricity output),EG.ELC.RNEW.ZS,Belgium,BEL,0.789563534968417,1.26128085245189,14.2093861058371,17.0806411009482,20.8000230056939,..,..,..,..,..,..,..
Renewable electricity output (% of total electricity output),EG.ELC.RNEW.ZS,Belize,BLZ,0,70.0729927007299,55.8130131931025,50.7054753739704,45.2399304748245,..,..,..,..,..,..,..
Renewable electricity output (% of total electricity output),EG.ELC.RNEW.ZS,Benin,BEN,0,2.38095238095238,0,0,5.55555555555556,..,..,..,..,..,..,..
Renewable electricity output (% of total electricity output),EG.ELC.RNEW.ZS,Bermuda,BMU,0,0,0,0,0,..,..,..,..,..,..,..
Renewable electricity output (% of total electricity output),EG.ELC.RNEW.ZS,Bhutan,BTN,99.5524296675192,100,99.9934556173054,99.9928610794619,99.9935464335397,..,..,..,..,..,..,..
Renewable electricity output (% of total electricity output),EG.ELC.RNEW.ZS,Bolivia,BOL,52.4448290783211,51.520618556701,32.1760694358338,28.0068532267276,31.4024390243902,..,..,..,..,..,..,..
Renewable electricity output (% of total electricity output),EG.ELC.RNEW.ZS,Bosnia and Herzegovina,BIH,20.8993985784582,48.8445680314508,41.4646725116039,36.7264851485149,35.5173075692623,..,..,..,..,..,..,..
Renewable electricity output (% of total electricity output),EG.ELC.RNEW.ZS,Botswana,BWA,0,0,0.108342361863489,0.0432338953739732,0.0337040781934614,..,..,..,..,..,..,..
Renewable electricity output (% of total electricity output),EG.ELC.RNEW.ZS,Brazil,BRA,94.500518353297,89.4927058553782,76.6892081191253,73.0820738473312,73.9669080481113,..,..,..,..,..,..,..
Renewable electricity output (% of total electricity output),EG.ELC.RNEW.ZS,British Virgin Islands,VGB,0,0,1.02025277904675,1.28626981752917,1.28626981752917,..,..,..,..,..,..,..
Renewable electricity output (% of total electricity output),EG.ELC.RNEW.ZS,Brunei Darussalam,BRN,0,0,0.0454338936846888,0.0443852640923213,0.0476190476190476,..,..,..,..,..,..,..
Renewable electricity output (% of total electricity output),EG.ELC.RNEW.ZS,Bulgaria,BGR,4.45646757314729,6.57629287014712,16.0788502170935,15.7436017644426,17.9885929998769,..,..,..,..,..,..,..
Renewable electricity output (% of total electricity output),EG.ELC.RNEW.ZS,Burkina Faso,BFA,4.89130434782609,25.1793032786885,14.4382099356781,10.3971279274351,9.35403868441754,..,..,..,..,..,..,..
Renewable electricity output (% of total electricity output),EG.ELC.RNEW.ZS,Burundi,BDI,98.1818181818182,98.019801980198,87.02056925233,80.7187888270213,82.7093851288663,..,..,..,..,..,..,..
Renewable electricity output (% of total electricity output),EG.ELC.RNEW.ZS,Cabo Verde,CPV,0,5.39543778172381,20.5576033446305,17.2916513783909,20.2084965923393,..,..,..,..,..,..,..
Renewable electricity output (% of total electricity output),EG.ELC.RNEW.ZS,Cambodia,KHM,0,0.223214285714286,57.9302587176603,61.1365120836055,46.4180122811008,..,..,..,..,..,..,..
Renewable electricity output (% of total electricity output),EG.ELC.RNEW.ZS,Cameroon,CMR,98.4797923618836,98.9080459770115,75.3357531760436,75.3250975292588,76.1171944362237,..,..,..,..,..,..,..
Renewable electricity output (% of total electricity output),EG.ELC.RNEW.ZS,Canada,CAN,62.3787188226728,60.6003011908929,63.2980330554908,62.8249922157553,63.011450040254,..,..,..,..,..,..,..
Renewable electricity output (% of total electricity output),EG.ELC.RNEW.ZS,Cayman Islands,CYM,0,0,0,0,0,..,..,..,..,..,..,..
Renewable electricity output (% of total electricity output),EG.ELC.RNEW.ZS,Central African Republic,CAF,81.0526315789474,78.5046728971963,99.2805755395683,99.4152046783626,99.4152046783626,..,..,..,..,..,..,..
Renewable electricity output (% of total electricity output),EG.ELC.RNEW.ZS,Chad,TCD,0,0,0,0,0,..,..,..,..,..,..,..
Renewable electricity output (% of total electricity output),EG.ELC.RNEW.ZS,Channel Islands,CHI,0,0,0,0,0,..,..,..,..,..,..,..
Renewable electricity output (% of total electricity output),EG.ELC.RNEW.ZS,Chile,CHL,53.8373612018289,48.5478317281301,35.6668719633203,42.4070089148478,43.6043349649144,..,..,..,..,..,..,..
Renewable electricity output (% of total electricity output),EG.ELC.RNEW.ZS,China,CHN,20.4079398906752,16.6394981921286,20.2962273802567,22.6091537829535,23.926817173663,..,..,..,..,..,..,..
Renewable electricity output (% of total electricity output),EG.ELC.RNEW.ZS,Colombia,COL,76.3841901146959,75.5246376811594,73.9986754585505,74.0383106787808,68.236811220424,..,..,..,..,..,..,..
Renewable electricity output (% of total electricity output),EG.ELC.RNEW.ZS,Comoros,COM,0,0,0,0,0,..,..,..,..,..,..,..
Renewable electricity output (% of total electricity output),EG.ELC.RNEW.ZS,"Congo, Dem. Rep.",COD,99.5575221238938,99.9498495486459,99.8910147735529,99.8755656108597,99.8210691120555,..,..,..,..,..,..,..
Renewable electricity output (% of total electricity output),EG.ELC.RNEW.ZS,"Congo, Rep.",COG,99.3914807302231,99.6621621621622,56.8168519602106,54.7126436781609,53.3448673587082,..,..,..,..,..,..,..
Renewable electricity output (% of total electricity output),EG.ELC.RNEW.ZS,Costa Rica,CRI,97.520184544406,99.1472756178639,88.314606741573,89.7915239307037,99.0011098779134,..,..,..,..,..,..,..
Renewable electricity output (% of total electricity output),EG.ELC.RNEW.ZS,Cote d'Ivoire,CIV,66.6666666666667,36.75,21.8823529411765,23.9319333816075,16.7259786476868,..,..,..,..,..,..,..
Renewable electricity output (% of total electricity output),EG.ELC.RNEW.ZS,Croatia,HRV,45.5528580887221,57.302672467371,66.5017566501757,73.9580232211968,66.8268375155722,..,..,..,..,..,..,..
Renewable electricity output (% of total electricity output),EG.ELC.RNEW.ZS,Cuba,CUB,10.2502662406816,6.87200638637573,4.3521421107628,4.01734999483631,3.94814668769716,..,..,..,..,..,..,..
Renewable electricity output (% of total electricity output),EG.ELC.RNEW.ZS,Curacao,CUW,0,0.713648528099911,3.53982300884956,3.59147025813693,3.7122969837587,..,..,..,..,..,..,..
Renewable electricity output (% of total electricity output),EG.ELC.RNEW.ZS,Cyprus,CYP,0,0,7.62237762237762,7.28735632183908,8.78005735715861,..,..,..,..,..,..,..
Renewable electricity output (% of total electricity output),EG.ELC.RNEW.ZS,Czechia,CZE,1.86443127619598,3.1325863038499,10.8234117756488,10.7784149666259,11.4045705432362,..,..,..,..,..,..,..
Renewable electricity output (% of total electricity output),EG.ELC.RNEW.ZS,Denmark,DNK,3.17527519051651,15.4550245471944,45.9603373341393,55.9004474272931,65.5059246208588,..,..,..,..,..,..,..
Renewable electricity output (% of total electricity output),EG.ELC.RNEW.ZS,Djibouti,DJI,0,0,0,0,0,..,..,..,..,..,..,..
Renewable electricity output (% of total electricity output),EG.ELC.RNEW.ZS,Dominica,DMA,53.3333333333333,41.5584415584416,25.5462769659012,20.7968506074798,16.1757892646767,..,..,..,..,..,..,..
Renewable electricity output (% of total electricity output),EG.ELC.RNEW.ZS,Dominican Republic,DOM,10.1135749053542,9.1477836270695,16.5696884006743,13.3393726644774,11.6324429755648,..,..,..,..,..,..,..
Renewable electricity output (% of total electricity output),EG.ELC.RNEW.ZS,Ecuador,ECU,78.5478028035911,71.7018469656992,48.9918748119169,49.17513473485,52.8029423151374,..,..,..,..,..,..,..
Renewable electricity output (% of total electricity output),EG.ELC.RNEW.ZS,"Egypt, Arab Rep.",EGY,23.5043544112079,17.7034411271643,8.88188039274026,8.87090779127949,8.25928551410343,..,..,..,..,..,..,..
Renewable electricity output (% of total electricity output),EG.ELC.RNEW.ZS,El Salvador,SLV,93.1920649233544,58.0692922712467,60.4432397959184,59.6978949059939,57.8226749039906,..,..,..,..,..,..,..
Renewable electricity output (% of total electricity output),EG.ELC.RNEW.ZS,Equatorial Guinea,GNQ,6.87285223367698,13.9165009940358,4.34782608695652,57.8274760383387,57.8274760383387,..,..,..,..,..,..,..
Renewable electricity output (% of total electricity output),EG.ELC.RNEW.ZS,Eritrea,ERI,0,0.476190476190476,0.540540540540541,0.515463917525773,0.492610837438424,..,..,..,..,..,..,..
Renewable electricity output (% of total electricity output),EG.ELC.RNEW.ZS,Estonia,EST,0,0.211441325032304,9.19020715630885,11.1602121163426,14.4187386003648,..,..,..,..,..,..,..
Renewable electricity output (% of total electricity output),EG.ELC.RNEW.ZS,Eswatini,SWZ,42.3076923076923,40.9410261869278,40.6578501186843,53.2627865961199,46.5725806451613,..,..,..,..,..,..,..
Renewable electricity output (% of total electricity output),EG.ELC.RNEW.ZS,Ethiopia,ETH,88.3527454242928,98.626045400239,99.908067111009,99.9684708355229,99.9616748107694,..,..,..,..,..,..,..
Renewable electricity output (% of total electricity output),EG.ELC.RNEW.ZS,Faroe Islands,FRO,35.5450236966825,36.150234741784,38.4362159612216,50.8075843846282,60.0714356141205,..,..,..,..,..,..,..
Renewable electricity output (% of total electricity output),EG.ELC.RNEW.ZS,Fiji,FJI,82.441113490364,60.2310502057446,62.1276967930029,47.1662981496567,45.0158848200176,..,..,..,..,..,..,..
Renewable electricity output (% of total electricity output),EG.ELC.RNEW.ZS,Finland,FIN,29.4517902789782,33.4100262947296,35.966992716505,38.5804916732752,44.49903056985,..,..,..,..,..,..,..
Renewable electricity output (% of total electricity output),EG.ELC.RNEW.ZS,France,FRA,13.3698786430456,12.9678764686538,17.045286239218,16.4559049430271,15.8576666299907,..,..,..,..,..,..,..
Renewable electricity output (% of total electricity output),EG.ELC.RNEW.ZS,French Polynesia,PYF,18.6027491408935,33.3333333333333,27.1611906201707,31.7171268879242,32.0120973923708,..,..,..,..,..,..,..
Renewable electricity output (% of total electricity output),EG.ELC.RNEW.ZS,Gabon,GAB,72.3926380368098,61.5969581749049,44.9904580152672,40.3403403403403,43.7441204139229,..,..,..,..,..,..,..
Renewable electricity output (% of total electricity output),EG.ELC.RNEW.ZS,"Gambia, The",GMB,0,0,0,0,0,..,..,..,..,..,..,..
Renewable electricity output (% of total electricity output),EG.ELC.RNEW.ZS,Georgia,GEO,55.20985135529,78.9331896551724,82.2248732478378,80.3683347796741,78.0393242869011,..,..,..,..,..,..,..
Renewable electricity output (% of total electricity output),EG.ELC.RNEW.ZS,Germany,DEU,3.48635077147813,6.19853122329914,24.0725497476084,26.1300965691114,29.2317701223308,..,..,..,..,..,..,..
Renewable electricity output (% of total electricity output),EG.ELC.RNEW.ZS,Ghana,GHA,100,91.4993769901703,63.9888120581151,64.7303864846101,50.8920024366896,..,..,..,..,..,..,..
Renewable electricity output (% of total electricity output),EG.ELC.RNEW.ZS,Gibraltar,GIB,0,0,0,0,0,..,..,..,..,..,..,..
Renewable electricity output (% of total electricity output),EG.ELC.RNEW.ZS,Greece,GRC,5.09273903666427,7.75666822648573,25.1234373358546,24.1880698408915,28.6557832580757,..,..,..,..,..,..,..
Renewable electricity output (% of total electricity output),EG.ELC.RNEW.ZS,Greenland,GRL,0,57.3968466957397,79.8432118205555,81.198143559666,81.2915257762837,..,..,..,..,..,..,..
Renewable electricity output (% of total electricity output),EG.ELC.RNEW.ZS,Grenada,GRD,0,0,0,0,0,..,..,..,..,..,..,..
Renewable electricity output (% of total electricity output),EG.ELC.RNEW.ZS,Guam,GUM,0,0,0,0,0,..,..,..,..,..,..,..
Renewable electricity output (% of total electricity output),EG.ELC.RNEW.ZS,Guatemala,GTM,91.6285452881976,51.7195767195767,67.1673387096774,68.574091332712,60.3906673901248,..,..,..,..,..,..,..
Renewable electricity output (% of total electricity output),EG.ELC.RNEW.ZS,Guinea,GIN,33.7837837837838,55.9693318729463,73.7196147378077,59.7697922515441,78.751565015203,..,..,..,..,..,..,..
Renewable electricity output (% of total electricity output),EG.ELC.RNEW.ZS,Guinea-Bissau,GNB,0,0,0,0,0,..,..,..,..,..,..,..
Renewable electricity output (% of total electricity output),EG.ELC.RNEW.ZS,Guyana,GUY,1.6025641025641,0,0,0,0,..,..,..,..,..,..,..
Renewable electricity output (% of total electricity output),EG.ELC.RNEW.ZS,Haiti,HTI,79.3969849246231,51.7367458866545,13.3649289099526,8.71248789932236,7.99614643545279,..,..,..,..,..,..,..
Renewable electricity output (% of total electricity output),EG.ELC.RNEW.ZS,Honduras,HND,98.2751185855972,61.9112814895947,46.7550161010652,43.8293107738243,42.2755158951478,..,..,..,..,..,..,..
Renewable electricity output (% of total electricity output),EG.ELC.RNEW.ZS,"Hong Kong SAR, China",HKG,0,0,0.242606874712702,0.265604249667995,0.278727320536419,..,..,..,..,..,..,..
Renewable electricity output (% of total electricity output),EG.ELC.RNEW.ZS,Hungary,HUN,0.685750457166971,0.690517461851041,9.20314253647587,10.6831790963527,10.5826906598115,..,..,..,..,..,..,..
Renewable electricity output (% of total electricity output),EG.ELC.RNEW.ZS,Iceland,ISL,99.8669623059867,99.934929724102,99.9724000883197,99.9834464492634,99.9787222724613,..,..,..,..,..,..,..
Renewable electricity output (% of total electricity output),EG.ELC.RNEW.ZS,India,IND,24.4892939617124,13.5909480276924,17.3493138262499,16.2538398153488,15.3430503454798,..,..,..,..,..,..,..
Renewable electricity output (% of total electricity output),EG.ELC.RNEW.ZS,Indonesia,IDN,20.9171334986378,15.9560675060273,12.2701601703546,11.4751004932507,10.6511556345733,12.0719582395239,12.5605535137614,17.0370007361396,16.2466452115754,..,..,..
Renewable electricity output (% of total electricity output),EG.ELC.RNEW.ZS,"Iran, Islamic Rep.",IRN,10.2923758925248,3.03784327134606,5.70772079837216,5.19538689554967,5.10488787847473,..,..,..,..,..,..,..
Renewable electricity output (% of total electricity output),EG.ELC.RNEW.ZS,Iraq,IRQ,10.8333333333333,1.9153605015674,8.14248057238711,4.32505017117223,3.7317547372392,..,..,..,..,..,..,..
Renewable electricity output (% of total electricity output),EG.ELC.RNEW.ZS,Ireland,IRL,4.8984468339307,5.00570269927766,22.0058651026393,24.7597644141352,27.9654080216378,..,..,..,..,..,..,..
Renewable electricity output (% of total electricity output),EG.ELC.RNEW.ZS,Isle of Man,IMN,0,0,0.793650793650794,0.793650793650794,0.833002776675922,..,..,..,..,..,..,..
Renewable electricity output (% of total electricity output),EG.ELC.RNEW.ZS,Israel,ISR,0.0143554407120299,0.0726659009399686,0.931150321255015,1.5144788120961,1.89020023043627,..,..,..,..,..,..,..
Renewable electricity output (% of total electricity output),EG.ELC.RNEW.ZS,Italy,ITA,16.3760221818745,18.8481927532313,38.905348564998,43.3916063800716,38.6792251795342,..,..,..,..,..,..,..
Renewable electricity output (% of total electricity output),EG.ELC.RNEW.ZS,Jamaica,JAM,7.56712774613507,4.84408113835907,9.84222389181067,9.79631425800194,10.2620087336245,..,..,..,..,..,..,..
Renewable electricity output (% of total electricity output),EG.ELC.RNEW.ZS,Japan,JPN,11.2547375128502,9.11604901056161,12.2052917942741,14.0593593575553,15.9847807230219,..,..,..,..,..,..,..
Renewable electricity output (% of total electricity output),EG.ELC.RNEW.ZS,Jordan,JOR,0.329851566794942,0.569491525423729,0.370735098186874,0.362239297475302,0.967708004628169,..,..,..,..,..,..,..
Renewable electricity output (% of total electricity output),EG.ELC.RNEW.ZS,Kazakhstan,KAZ,8.42994312134495,14.6734471202556,7.50538385425761,7.87775535843454,8.87402787692077,..,..,..,..,..,..,..
Renewable electricity output (% of total electricity output),EG.ELC.RNEW.ZS,Kenya,KEN,92.8593508500773,46.9795307039441,69.2879675529518,81.4862821343703,87.5142472282665,..,..,..,..,..,..,..
Renewable electricity output (% of total electricity output),EG.ELC.RNEW.ZS,Kiribati,KIR,0,0,0,0,7.27272727272727,..,..,..,..,..,..,..
Renewable electricity output (% of total electricity output),EG.ELC.RNEW.ZS,"Korea, Dem. People's Rep.",PRK,56.3176895306859,52.5773195876289,75.8236962688195,72.589200960411,72.7960981291403,..,..,..,..,..,..,..
Renewable electricity output (% of total electricity output),EG.ELC.RNEW.ZS,"Korea, Rep.",KOR,6.0377143616365,1.4248282650437,1.63285870185595,1.56686805919401,1.89466631222848,..,..,..,..,..,..,..
Renewable electricity output (% of total electricity output),EG.ELC.RNEW.ZS,Kosovo,XKX,0,1.75853905985796,2.19157088122605,2.77777777777778,2.2879555482922,..,..,..,..,..,..,..
Renewable electricity output (% of total electricity output),EG.ELC.RNEW.ZS,Kuwait,KWT,0,0,0,0,0,..,..,..,..,..,..,..
Renewable electricity output (% of total electricity output),EG.ELC.RNEW.ZS,Kyrgyz Republic,KGZ,63.4757182812103,85.8951175406872,93.476554136036,91.2572055997804,85.1880276285495,..,..,..,..,..,..,..
Renewable electricity output (% of total electricity output),EG.ELC.RNEW.ZS,Lao PDR,LAO,94.8775699373914,90.9088380274609,99.9651873436654,99.9667487290981,86.3699995757859,..,..,..,..,..,..,..
Renewable electricity output (% of total electricity output),EG.ELC.RNEW.ZS,Latvia,LVA,67.6293622141998,68.2543520309478,56.9173779996779,54.5419179148026,50.1716970901862,..,..,..,..,..,..,..
Renewable electricity output (% of total electricity output),EG.ELC.RNEW.ZS,Lebanon,LBN,33.3333333333333,4.64082687338501,7.25681935151827,1.07508912655971,2.60382691889541,..,..,..,..,..,..,..
Renewable electricity output (% of total electricity output),EG.ELC.RNEW.ZS,Lesotho,LSO,0,100,100,100,100,..,..,..,..,..,..,..
Renewable electricity output (% of total electricity output),EG.ELC.RNEW.ZS,Liberia,LBR,0,0,0,0,0,..,..,..,..,..,..,..
Renewable electricity output (% of total electricity output),EG.ELC.RNEW.ZS,Libya,LBY,0,0,0,0,0,..,..,..,..,..,..,..
Renewable electricity output (% of total electricity output),EG.ELC.RNEW.ZS,Liechtenstein,LIE,0,0,96.0140679953107,93.9613526570049,96.8571428571428,..,..,..,..,..,..,..
Renewable electricity output (% of total electricity output),EG.ELC.RNEW.ZS,Lithuania,LTU,1.45748987854251,3.05727902167071,36.2126245847176,40.7497303128371,39.4081728511038,..,..,..,..,..,..,..
Renewable electricity output (% of total electricity output),EG.ELC.RNEW.ZS,Luxembourg,LUX,13.3012820512821,40.9952606635071,20.0108166576528,20.9448818897638,32.381667918858,..,..,..,..,..,..,..
Renewable electricity output (% of total electricity output),EG.ELC.RNEW.ZS,"Macao SAR, China",MAC,0,0,0,0,0,..,..,..,..,..,..,..
Renewable electricity output (% of total electricity output),EG.ELC.RNEW.ZS,Madagascar,MDG,57.6493986761553,61.1259803089257,50.7720298205657,53.3069563549091,54.5964565549528,..,..,..,..,..,..,..
Renewable electricity output (% of total electricity output),EG.ELC.RNEW.ZS,Malawi,MWI,98.050139275766,84.257748776509,91.0347150336056,91.3059975696562,91.3068289899182,..,..,..,..,..,..,..
Renewable electricity output (% of total electricity output),EG.ELC.RNEW.ZS,Malaysia,MYS,17.3314216197428,10.0584795321637,8.57764477983057,9.70780299588388,9.95716845520007,..,..,..,..,..,..,..
Renewable electricity output (% of total electricity output),EG.ELC.RNEW.ZS,Maldives,MDV,0,0,0.329091345884877,0.608069076647107,1.27720445488914,..,..,..,..,..,..,..
Renewable electricity output (% of total electricity output),EG.ELC.RNEW.ZS,Mali,MLI,74.0890688259109,30.359355638166,64.7933030451541,42.8744112375474,43.5163551401869,..,..,..,..,..,..,..
Renewable electricity output (% of total electricity output),EG.ELC.RNEW.ZS,Malta,MLT,0,0,1.55486450466459,3.34075723830735,7.67459708365311,..,..,..,..,..,..,..
Renewable electricity output (% of total electricity output),EG.ELC.RNEW.ZS,Marshall Islands,MHL,0,0,0.275020925505202,0.234741784037559,0.233372228704784,..,..,..,..,..,..,..
Renewable electricity output (% of total electricity output),EG.ELC.RNEW.ZS,Mauritania,MRT,10.6022052586938,0,4.80295566502463,5.05540964101889,13.373253493014,..,..,..,..,..,..,..
Renewable electricity output (% of total electricity output),EG.ELC.RNEW.ZS,Mauritius,MUS,31.1538461538462,29.6400449943757,20.6024930747922,20.2928157984338,22.7227227227227,..,..,..,..,..,..,..
Renewable electricity output (% of total electricity output),EG.ELC.RNEW.ZS,Mexico,MEX,24.6933190604038,19.8040598030874,13.2995432622778,17.5435163318916,15.3941337927222,..,..,..,..,..,..,..
Renewable electricity output (% of total electricity output),EG.ELC.RNEW.ZS,"Micronesia, Fed. Sts.",FSM,0,0.224971878515186,1.49253731343284,1.53038915609969,1.60116448326055,..,..,..,..,..,..,..
Renewable electricity output (% of total electricity output),EG.ELC.RNEW.ZS,Moldova,MDA,1.58436594537945,6.72493756689262,6.96949454464485,6.20444776677257,5.36857658840913,..,..,..,..,..,..,..
Renewable electricity output (% of total electricity output),EG.ELC.RNEW.ZS,Monaco,MCO,0,0,0,0,0,..,..,..,..,..,..,..
Renewable electricity output (% of total electricity output),EG.ELC.RNEW.ZS,Mongolia,MNG,0,0,1.69322709163347,3.16220238095238,3.08362053328496,..,..,..,..,..,..,..
Renewable electricity output (% of total electricity output),EG.ELC.RNEW.ZS,Montenegro,MNE,0,0,63.4727503168568,55.2158840214308,49.6503496503497,..,..,..,..,..,..,..
Renewable electricity output (% of total electricity output),EG.ELC.RNEW.ZS,Morocco,MAR,12.6713751557956,6.07945269377284,14.6479584475545,12.3878104779795,14.3088903309539,..,..,..,..,..,..,..
Renewable electricity output (% of total electricity output),EG.ELC.RNEW.ZS,Mozambique,MOZ,62.5550660792952,99.546204620462,97.6569318563276,91.1575743913436,86.4108873600161,..,..,..,..,..,..,..
Renewable electricity output (% of total electricity output),EG.ELC.RNEW.ZS,Myanmar,MMR,48.1436642453592,36.967565455256,72.0421327672083,62.3649078194533,58.8541014402004,..,..,..,..,..,..,..
Renewable electricity output (% of total electricity output),EG.ELC.RNEW.ZS,Namibia,NAM,0,99.2181947405828,95.5672426746807,99.13217623498,97.7864583333333,..,..,..,..,..,..,..
Renewable electricity output (% of total electricity output),EG.ELC.RNEW.ZS,Nauru,NRU,0,0,0.411522633744856,0.398406374501992,0.398406374501992,..,..,..,..,..,..,..
Renewable electricity output (% of total electricity output),EG.ELC.RNEW.ZS,Nepal,NPL,99.8861047835991,98.372513562387,99.7156667614444,99.9736634184883,100,..,..,..,..,..,..,..
Renewable electricity output (% of total electricity output),EG.ELC.RNEW.ZS,Netherlands,NLD,1.11994219653179,3.31581707221832,11.9751120547299,11.3210466263126,12.4420823112565,..,..,..,..,..,..,..
Renewable electricity output (% of total electricity output),EG.ELC.RNEW.ZS,New Caledonia,NCL,40.1918047079337,27.2948328267477,20.5091057124726,11.6734851101134,14.0947086721567,..,..,..,..,..,..,..
Renewable electricity output (% of total electricity output),EG.ELC.RNEW.ZS,New Zealand,NZL,80.0061986672865,71.5010064463526,74.2581122307479,79.2023905298242,80.0814387512725,..,..,..,..,..,..,..
Renewable electricity output (% of total electricity output),EG.ELC.RNEW.ZS,Nicaragua,NIC,61.3589567604667,21.3951509995747,52.3043686989918,53.8686459739091,50.0545970735969,..,..,..,..,..,..,..
Renewable electricity output (% of total electricity output),EG.ELC.RNEW.ZS,Niger,NER,0,0,0.90293453724605,0.90293453724605,0.753295668549906,..,..,..,..,..,..,..
Renewable electricity output (% of total electricity output),EG.ELC.RNEW.ZS,Nigeria,NGA,32.5856049914581,38.2155225096761,18.4399127514455,17.5913129318855,18.1951250556864,..,..,..,..,..,..,..
Renewable electricity output (% of total electricity output),EG.ELC.RNEW.ZS,North Macedonia,MKD,8.52726641194859,17.1780942592864,26.1404660321628,24.0416821734276,35.9369465108041,..,..,..,..,..,..,..
Renewable electricity output (% of total electricity output),EG.ELC.RNEW.ZS,Northern Mariana Islands,MNP,0,0,0,0,0,..,..,..,..,..,..,..
Renewable electricity output (% of total electricity output),EG.ELC.RNEW.ZS,Norway,NOR,99.791959608917,99.7151097108293,97.7022692526755,97.6555308512597,97.709870624366,..,..,..,..,..,..,..
Renewable electricity output (% of total electricity output),EG.ELC.RNEW.ZS,Oman,OMN,0,0,0,0,0,..,..,..,..,..,..,..
Renewable electricity output (% of total electricity output),EG.ELC.RNEW.ZS,Pakistan,PAK,44.9260743768747,25.2422338363967,31.0061877858488,31.1025535574083,31.4303497172134,..,..,..,..,..,..,..
Renewable electricity output (% of total electricity output),EG.ELC.RNEW.ZS,Palau,PLW,0,0,0,0,0,..,..,..,..,..,..,..
Renewable electricity output (% of total electricity output),EG.ELC.RNEW.ZS,Panama,PAN,85.2686959789553,70.4317577245754,57.9258763116767,55.7984279099817,65.3263403263403,..,..,..,..,..,..,..
Renewable electricity output (% of total electricity output),EG.ELC.RNEW.ZS,Papua New Guinea,PNG,33.0935251798561,47.071217867678,35.7719475277497,34.5306513409962,34.5306513409962,..,..,..,..,..,..,..
Renewable electricity output (% of total electricity output),EG.ELC.RNEW.ZS,Paraguay,PRY,99.9742505057936,100,99.9950315496597,99.9891465576499,99.9982060849598,..,..,..,..,..,..,..
Renewable electricity output (% of total electricity output),EG.ELC.RNEW.ZS,Peru,PER,76.803302433372,81.9875464497339,53.9396864800257,52.3684555832568,52.7305133572361,..,..,..,..,..,..,..
Renewable electricity output (% of total electricity output),EG.ELC.RNEW.ZS,Philippines,PHL,45.4248490143199,42.8902627511592,26.4036882523317,25.5973182159406,25.4134663220608,..,..,..,..,..,..,..
Renewable electricity output (% of total electricity output),EG.ELC.RNEW.ZS,Poland,POL,1.09511587248447,1.62878734965846,10.405311482606,12.5186110480228,13.8023986710559,..,..,..,..,..,..,..
Renewable electricity output (% of total electricity output),EG.ELC.RNEW.ZS,Portugal,PRT,34.7152635664385,29.6689108180393,58.3191514623818,60.7401990030601,47.526374290673,..,..,..,..,..,..,..
Renewable electricity output (% of total electricity output),EG.ELC.RNEW.ZS,Puerto Rico,PRI,1.74694285001248,0.733473915833868,1.39324420971557,1.62786988299978,1.83744647870018,..,..,..,..,..,..,..
Renewable electricity output (% of total electricity output),EG.ELC.RNEW.ZS,Qatar,QAT,0,0,0,0,0,..,..,..,..,..,..,..
Renewable electricity output (% of total electricity output),EG.ELC.RNEW.ZS,Romania,ROU,17.744017167115,28.4553471714099,34.4215525488588,41.6060857028926,39.7469736961864,..,..,..,..,..,..,..
Renewable electricity output (% of total electricity output),EG.ELC.RNEW.ZS,Russian Federation,RUS,15.3381410374883,18.729605644473,17.1746302202462,16.5682511980707,15.8557951545716,..,..,..,..,..,..,..
Renewable electricity output (% of total electricity output),EG.ELC.RNEW.ZS,Rwanda,RWA,97.6608187134503,96.4601769911504,35.8812993174227,44.0581475957398,56.8878281622912,..,..,..,..,..,..,..
Renewable electricity output (% of total electricity output),EG.ELC.RNEW.ZS,Samoa,WSM,40,49.5708154506438,36.4738882930451,33.7952270977675,30.3504847129008,..,..,..,..,..,..,..
Renewable electricity output (% of total electricity output),EG.ELC.RNEW.ZS,San Marino,SMR,0,0,0,0,0,..,..,..,..,..,..,..
Renewable electricity output (% of total electricity output),EG.ELC.RNEW.ZS,Sao Tome and Principe,STP,53.3333333333333,26.0536398467433,8.33333333333333,10.4477611940298,10.4734576757532,..,..,..,..,..,..,..
Renewable electricity output (% of total electricity output),EG.ELC.RNEW.ZS,Saudi Arabia,SAU,0,0,0.000352091600150695,0.000320712237737568,0.000295564172893219,..,..,..,..,..,..,..
Renewable electricity output (% of total electricity output),EG.ELC.RNEW.ZS,Senegal,SEN,4.65608465608466,3.30423940149626,10.4184217916316,10.4172274562584,10.417193426043,..,..,..,..,..,..,..
Renewable electricity output (% of total electricity output),EG.ELC.RNEW.ZS,Serbia,SRB,23.1293347660447,35.1493848857645,26.0636806281388,32.9845123482629,26.9051735603139,..,..,..,..,..,..,..
Renewable electricity output (% of total electricity output),EG.ELC.RNEW.ZS,Seychelles,SYC,0,0,1.96205747840325,2.14994487320838,2.38095238095238,..,..,..,..,..,..,..
Renewable electricity output (% of total electricity output),EG.ELC.RNEW.ZS,Sierra Leone,SLE,0,16.5786694825766,64.1097390352211,65.3569452130603,60.9756097560976,..,..,..,..,..,..,..
Renewable electricity output (% of total electricity output),EG.ELC.RNEW.ZS,Singapore,SGP,0.540918925798651,0.773724932891205,1.54683232921262,1.66261644390441,1.82088664088069,..,..,..,..,..,..,..
Renewable electricity output (% of total electricity output),EG.ELC.RNEW.ZS,Sint Maarten (Dutch part),SXM,0,0,0,0,0,..,..,..,..,..,..,..
Renewable electricity output (% of total electricity output),EG.ELC.RNEW.ZS,Slovak Republic,SVK,7.37341648037024,14.9847392687837,22.2802833695728,22.9445999705319,22.6794833283268,..,..,..,..,..,..,..
Renewable electricity output (% of total electricity output),EG.ELC.RNEW.ZS,Slovenia,SVN,23.7062037929926,28.6553141514974,32.323360111329,38.5189069509992,29.3919146925828,..,..,..,..,..,..,..
Renewable electricity output (% of total electricity output),EG.ELC.RNEW.ZS,Solomon Islands,SLB,0,0,0,2.32755872037411,2.26263043702862,..,..,..,..,..,..,..
Renewable electricity output (% of total electricity output),EG.ELC.RNEW.ZS,Somalia,SOM,0,0,0,0,0,..,..,..,..,..,..,..
Renewable electricity output (% of total electricity output),EG.ELC.RNEW.ZS,South Africa,ZAF,0.610696254194758,0.677453966329383,0.609023981800373,1.29313627636078,2.25504182608132,..,..,..,..,..,..,..
Renewable electricity output (% of total electricity output),EG.ELC.RNEW.ZS,South Sudan,SSD,0,0,0.423728813559322,0.409836065573771,0.606060606060606,..,..,..,..,..,..,..
Renewable electricity output (% of total electricity output),EG.ELC.RNEW.ZS,Spain,ESP,17.2162480324855,15.6137261736096,39.5835776084137,40.1052558838185,34.949890565603,..,..,..,..,..,..,..
Renewable electricity output (% of total electricity output),EG.ELC.RNEW.ZS,Sri Lanka,LKA,99.8412698412698,45.8023986293547,59.8769026033436,39.2023112109783,48.4751934456076,..,..,..,..,..,..,..
Renewable electricity output (% of total electricity output),EG.ELC.RNEW.ZS,St. Kitts and Nevis,KNA,0,0,4.09090909090909,4.65431540894713,4.5716822015091,..,..,..,..,..,..,..
Renewable electricity output (% of total electricity output),EG.ELC.RNEW.ZS,St. Lucia,LCA,0,0,0,0,0,..,..,..,..,..,..,..
Renewable electricity output (% of total electricity output),EG.ELC.RNEW.ZS,St. Martin (French part),MAF,0,0,0,0,0,..,..,..,..,..,..,..
Renewable electricity output (% of total electricity output),EG.ELC.RNEW.ZS,St. Vincent and the Grenadines,VCT,47.0588235294118,26.5524625267666,17.9856115107914,15.8750317500635,15.6626506024096,..,..,..,..,..,..,..
Renewable electricity output (% of total electricity output),EG.ELC.RNEW.ZS,Sudan,SDN,63.2343234323432,46.0490463215259,80.853753403345,78.3491561181435,64.5359086380011,..,..,..,..,..,..,..
Renewable electricity output (% of total electricity output),EG.ELC.RNEW.ZS,Suriname,SUR,0,88.3959044368601,59.9358974358974,62.3394495412844,60.0531443755536,..,..,..,..,..,..,..
Renewable electricity output (% of total electricity output),EG.ELC.RNEW.ZS,Sweden,SWE,51.0001096010522,57.2467310698129,54.0334964811051,55.8376857652682,63.2627477135323,..,..,..,..,..,..,..
Renewable electricity output (% of total electricity output),EG.ELC.RNEW.ZS,Switzerland,CHE,54.9825429153331,57.0004839392656,59.1938300349243,58.0154631822202,62.1979817540887,..,..,..,..,..,..,..
Renewable electricity output (% of total electricity output),EG.ELC.RNEW.ZS,Syrian Arab Republic,SYR,23.4949616742744,12.8127850259745,12.0317638565814,11.1074191864053,2.30971422179968,..,..,..,..,..,..,..
Renewable electricity output (% of total electricity output),EG.ELC.RNEW.ZS,Tajikistan,TJK,90.9291303868621,98.4417772162561,99.7429155711364,99.0286546867411,98.4733714019345,..,..,..,..,..,..,..
Renewable electricity output (% of total electricity output),EG.ELC.RNEW.ZS,Tanzania,TZA,95.1474201474201,86.3673139158576,29.5068170341693,42.2897571956906,34.154090548054,..,..,..,..,..,..,..
Renewable electricity output (% of total electricity output),EG.ELC.RNEW.ZS,Thailand,THA,11.2640347700109,6.81100680371339,8.27793001871879,8.51453474894525,8.53847884788479,..,..,..,..,..,..,..
Renewable electricity output (% of total electricity output),EG.ELC.RNEW.ZS,Timor-Leste,TLS,0,0,0,0,0,..,..,..,..,..,..,..
Renewable electricity output (% of total electricity output),EG.ELC.RNEW.ZS,Togo,TGO,60.126582278481,57.1428571428571,81.7204301075269,86.2068965517241,75.3086419753086,..,..,..,..,..,..,..
Renewable electricity output (% of total electricity output),EG.ELC.RNEW.ZS,Tonga,TON,0,0,3.84521598859565,4.57836183354411,5.90740907860301,..,..,..,..,..,..,..
Renewable electricity output (% of total electricity output),EG.ELC.RNEW.ZS,Trinidad and Tobago,TTO,0.866648029074644,0.366367466568969,0,0,0,..,..,..,..,..,..,..
Renewable electricity output (% of total electricity output),EG.ELC.RNEW.ZS,Tunisia,TUN,0.791602133884013,0.821064552661382,2.33393177737881,3.06202155913139,2.83594226468794,..,..,..,..,..,..,..
Renewable electricity output (% of total electricity output),EG.ELC.RNEW.ZS,Turkiye,TUR,40.3663347409763,24.9387617873553,28.8231717980962,20.8871937546386,31.9566205597766,..,..,..,..,..,..,..
Renewable electricity output (% of total electricity output),EG.ELC.RNEW.ZS,Turkmenistan,TKM,4.79123887748118,0,0,0,0,..,..,..,..,..,..,..
Renewable electricity output (% of total electricity output),EG.ELC.RNEW.ZS,Turks and Caicos Islands,TCA,0,0,0,0,0,..,..,..,..,..,..,..
Renewable electricity output (% of total electricity output),EG.ELC.RNEW.ZS,Tuvalu,TUV,0,0,0,0,28.169014084507,..,..,..,..,..,..,..
Renewable electricity output (% of total electricity output),EG.ELC.RNEW.ZS,Uganda,UGA,99.3540051679587,99.608140563772,96.267673662949,91.3589635262639,92.9505269826643,..,..,..,..,..,..,..
Renewable electricity output (% of total electricity output),EG.ELC.RNEW.ZS,Ukraine,UKR,3.52079189353908,6.58613058989076,7.80099738779387,5.58703118560242,4.38164680336566,..,..,..,..,..,..,..
Renewable electricity output (% of total electricity output),EG.ELC.RNEW.ZS,United Arab Emirates,ARE,0,0,0.0941424563649715,0.258307016339421,0.23240111175667,..,..,..,..,..,..,..
Renewable electricity output (% of total electricity output),EG.ELC.RNEW.ZS,United Kingdom,GBR,1.82876744661768,2.66310517529215,14.988480137732,19.2628536831965,24.8400504227664,..,..,..,..,..,..,..
Renewable electricity output (% of total electricity output),EG.ELC.RNEW.ZS,United States,USA,11.5286468488794,8.20599694228722,12.6379191222813,12.9538270902926,13.2285932109672,..,..,..,..,..,..,..
Renewable electricity output (% of total electricity output),EG.ELC.RNEW.ZS,Uruguay,URY,94.9489521762493,93.384290985767,80.8523409363745,90.7260852862082,88.5589519650655,..,..,..,..,..,..,..
Renewable electricity output (% of total electricity output),EG.ELC.RNEW.ZS,Uzbekistan,UZB,11.8029294274301,12.5448105155343,21.3284132841328,21.3537906137184,20.6529329608939,..,..,..,..,..,..,..
Renewable electricity output (% of total electricity output),EG.ELC.RNEW.ZS,Vanuatu,VUT,0,0,15.0664697193501,15.3153153153153,21.259842519685,..,..,..,..,..,..,..
Renewable electricity output (% of total electricity output),EG.ELC.RNEW.ZS,"Venezuela, RB",VEN,62.3438579929536,73.7484021531353,67.8345241961676,68.2627042346144,63.6950420954163,..,..,..,..,..,..,..
Renewable electricity output (% of total electricity output),EG.ELC.RNEW.ZS,Viet Nam,VNM,61.8477133970741,54.7833289409284,41.6620020151295,42.9814065130943,36.7320576972006,..,..,..,..,..,..,..
Renewable electricity output (% of total electricity output),EG.ELC.RNEW.ZS,Virgin Islands (U.S.),VIR,0,0,1.65019906268405,2.75500234732849,3.8775254109675,..,..,..,..,..,..,..
Renewable electricity output (% of total electricity output),EG.ELC.RNEW.ZS,West Bank and Gaza,PSE,0,0,0,0,0,..,..,..,..,..,..,..
Renewable electricity output (% of total electricity output),EG.ELC.RNEW.ZS,"Yemen, Rep.",YEM,0,0,0,0,0,..,..,..,..,..,..,..
Renewable electricity output (% of total electricity output),EG.ELC.RNEW.ZS,Zambia,ZMB,99.2262573318358,99.3844575532188,99.8571428571429,97.1630224190423,96.993823945234,..,..,..,..,..,..,..
Renewable electricity output (% of total electricity output),EG.ELC.RNEW.ZS,Zimbabwe,ZWE,46.6673787652211,45.6611865618299,53.9393939393939,55.605425892679,52.724276444536,..,..,..,..,..,..,..
Renewable electricity output (% of total electricity output),EG.ELC.RNEW.ZS,Africa Eastern and Southern,AFE,14.3652582234595,15.9837375193401,22.7326039395982,24.9665894302136,25.6758787545077,..,..,..,..,..,..,..
Renewable electricity output (% of total electricity output),EG.ELC.RNEW.ZS,Africa Western and Central,AFW,55.6631493421214,52.858872916918,35.1638636501873,34.5661459313632,31.2335314124894,..,..,..,..,..,..,..
Renewable electricity output (% of total electricity output),EG.ELC.RNEW.ZS,Arab World,ARB,7.2415212459437,4.46423746968679,3.77038496124868,3.2780734203655,2.92070168610513,..,..,..,..,..,..,..
Renewable electricity output (% of total electricity output),EG.ELC.RNEW.ZS,Caribbean small states,CSS,3.16028177168774,8.66685336758955,9.24950836827249,9.26923353304161,8.91477955359129,..,..,..,..,..,..,..
Renewable electricity output (% of total electricity output),EG.ELC.RNEW.ZS,Central Europe and the Baltics,CEB,6.96016099942201,9.5589294868312,17.9448105342192,20.5025605031294,20.2528514083871,..,..,..,..,..,..,..
Renewable electricity output (% of total electricity output),EG.ELC.RNEW.ZS,Early-demographic dividend,EAR,26.028588929433,20.6882721200641,19.0664207626243,18.2713436020664,18.1048615435489,..,..,..,..,..,..,..
Renewable electricity output (% of total electricity output),EG.ELC.RNEW.ZS,East Asia & Pacific,EAS,15.7837200495285,12.8028245516064,17.4333175771315,19.3014921760392,20.4124662224537,..,..,..,..,..,..,..
Renewable electricity output (% of total electricity output),EG.ELC.RNEW.ZS,East Asia & Pacific (excluding high income),EAP,22.5071189451074,17.7392699139771,20.2631842250658,22.3092981696362,23.3946853496816,..,..,..,..,..,..,..
Renewable electricity output (% of total electricity output),EG.ELC.RNEW.ZS,East Asia & Pacific (IDA & IBRD countries),TEA,21.284782426981,17.3437173339258,20.0990688408502,22.1704367701982,23.2937330315463,..,..,..,..,..,..,..
Renewable electricity output (% of total electricity output),EG.ELC.RNEW.ZS,Euro area,EMU,11.9076659142419,13.8974808399492,27.8493233025013,29.2429528736913,28.718468796329,..,..,..,..,..,..,..
Renewable electricity output (% of total electricity output),EG.ELC.RNEW.ZS,Europe & Central Asia,ECS,16.1000455714475,19.021780302592,26.4238320033338,27.1158847985578,28.020176437837,..,..,..,..,..,..,..
Renewable electricity output (% of total electricity output),EG.ELC.RNEW.ZS,Europe & Central Asia (excluding high income),ECA,14.6574448464983,19.1048846254867,19.1457947409382,17.4732331191995,18.6180188378284,..,..,..,..,..,..,..
Renewable electricity output (% of total electricity output),EG.ELC.RNEW.ZS,Europe & Central Asia (IDA & IBRD countries),TEC,14.0009638394207,18.1605438775085,19.2024637261094,18.1949914816546,19.1488620739772,..,..,..,..,..,..,..
Renewable electricity output (% of total electricity output),EG.ELC.RNEW.ZS,European Union,EUU,13.4341823693621,15.5289206794744,27.904969647875,29.5794663230103,29.7153524985896,..,..,..,..,..,..,..
Renewable electricity output (% of total electricity output),EG.ELC.RNEW.ZS,Fragile and conflict affected situations,FCS,37.6942708503746,41.2878023282591,39.2392619221378,38.3939087964932,36.1866436756877,..,..,..,..,..,..,..
Renewable electricity output (% of total electricity output),EG.ELC.RNEW.ZS,Heavily indebted poor countries (HIPC),HPC,83.0555532299326,74.6929472508688,67.6719938781664,67.0482605538032,63.4212917803423,..,..,..,..,..,..,..
Renewable electricity output (% of total electricity output),EG.ELC.RNEW.ZS,High income,HIC,16.5262993466269,14.7904264244514,19.9104588767697,20.7204618774856,21.2575349240925,..,..,..,..,..,..,..
Renewable electricity output (% of total electricity output),EG.ELC.RNEW.ZS,IBRD only,IBD,22.9905015030087,23.6917687386174,22.6252487970845,23.3054990272703,23.6809578985987,..,..,..,..,..,..,..
Renewable electricity output (% of total electricity output),EG.ELC.RNEW.ZS,IDA & IBRD total,IBT,24.2881532087693,24.6385114137515,23.4192747148235,24.0794589187609,24.4305355547567,..,..,..,..,..,..,..
Renewable electricity output (% of total electricity output),EG.ELC.RNEW.ZS,IDA blend,IDB,31.394004163111,26.3777511620771,31.0129782629991,31.5369661545336,31.6052727855271,..,..,..,..,..,..,..
Renewable electricity output (% of total electricity output),EG.ELC.RNEW.ZS,IDA only,IDX,66.9471541400594,56.502026782961,51.9448346718495,52.0128548037485,50.5805933423373,..,..,..,..,..,..,..
Renewable electricity output (% of total electricity output),EG.ELC.RNEW.ZS,IDA total,IDA,47.0661166996342,41.5712983656532,42.5732835709551,42.8299525140836,42.2242202978453,..,..,..,..,..,..,..
Renewable electricity output (% of total electricity output),EG.ELC.RNEW.ZS,Late-demographic dividend,LTE,24.3962753914447,25.566214247746,23.9293220161571,25.2546138320817,25.7983124625381,..,..,..,..,..,..,..
Renewable electricity output (% of total electricity output),EG.ELC.RNEW.ZS,Latin America & Caribbean,LCN,64.2099865128958,60.2553366104412,53.2331374212369,53.0628403867237,51.7047484880064,..,..,..,..,..,..,..
Renewable electricity output (% of total electricity output),EG.ELC.RNEW.ZS,Latin America & Caribbean (excluding high income),LAC,67.1551915335441,61.4806763607241,54.1093783328245,53.3065944861537,52.095055465217,..,..,..,..,..,..,..
Renewable electricity output (% of total electricity output),EG.ELC.RNEW.ZS,Latin America & the Caribbean (IDA & IBRD countries),TLA,67.7198819019237,62.8121148915733,54.839090541964,54.6158948979749,53.2443890816753,..,..,..,..,..,..,..
Renewable electricity output (% of total electricity output),EG.ELC.RNEW.ZS,Least developed countries: UN classification,LDC,64.9151447493927,59.3300114589239,52.767238012838,51.933782738775,52.1781243930469,..,..,..,..,..,..,..
Renewable electricity output (% of total electricity output),EG.ELC.RNEW.ZS,Low & middle income,LMY,24.4471510374049,24.1233666124298,22.9463867334061,23.47973185643,23.9117873463394,..,..,..,..,..,..,..
Renewable electricity output (% of total electricity output),EG.ELC.RNEW.ZS,Low income,LIC,59.2046528593505,53.1109835465586,64.9411537500947,66.0567336505688,65.7620086927183,..,..,..,..,..,..,..
Renewable electricity output (% of total electricity output),EG.ELC.RNEW.ZS,Lower middle income,LMC,21.6185375222488,17.9954376910999,18.6729025357773,17.890267636081,17.2470576925425,..,..,..,..,..,..,..
Renewable electricity output (% of total electricity output),EG.ELC.RNEW.ZS,Middle East & North Africa,MEA,7.05262711042112,3.69756641398882,3.41542908312813,2.96179844747117,2.74145613367148,..,..,..,..,..,..,..
Renewable electricity output (% of total electricity output),EG.ELC.RNEW.ZS,Middle East & North Africa (excluding high income),MNA,12.5220088196811,6.66613024192712,6.24201228286694,5.40457187805121,5.09202005771151,..,..,..,..,..,..,..
Renewable electricity output (% of total electricity output),EG.ELC.RNEW.ZS,Middle East & North Africa (IDA & IBRD countries),TMN,12.5260555528625,6.66675464711207,6.24678322386196,5.40706618297661,5.09551590864519,..,..,..,..,..,..,..
Renewable electricity output (% of total electricity output),EG.ELC.RNEW.ZS,Middle income,MIC,23.8723138076675,23.6599832305809,22.5119183596206,23.0474566071303,23.5182692232048,..,..,..,..,..,..,..
Renewable electricity output (% of total electricity output),EG.ELC.RNEW.ZS,North America,NAC,18.1782758950046,15.0549299192329,19.3999717632444,19.5278029539202,19.9474593980516,..,..,..,..,..,..,..
Renewable electricity output (% of total electricity output),EG.ELC.RNEW.ZS,Not classified,INX,..,..,..,..,..,..,..,..,..,..,..,..
Renewable electricity output (% of total electricity output),EG.ELC.RNEW.ZS,OECD members,OED,17.517699483726,15.8567600419828,21.6853293477571,22.510847220129,23.3359634553772,..,..,..,..,..,..,..
Renewable electricity output (% of total electricity output),EG.ELC.RNEW.ZS,Other small states,OSS,16.362044434716,22.8418001951569,26.5339544504794,25.1273505197028,25.8007304968731,..,..,..,..,..,..,..
Renewable electricity output (% of total electricity output),EG.ELC.RNEW.ZS,Pacific island small states,PSS,61.178247734139,36.2339553909705,39.6695475008183,30.854074757135,30.3015624801353,..,..,..,..,..,..,..
Renewable electricity output (% of total electricity output),EG.ELC.RNEW.ZS,Post-demographic dividend,PST,16.3998221925475,15.1314403607032,20.9330762674976,21.7232764585168,22.3878543629964,..,..,..,..,..,..,..
Renewable electricity output (% of total electricity output),EG.ELC.RNEW.ZS,Pre-demographic dividend,PRE,49.254889188982,46.406537453741,43.6474237442908,41.8498525746522,40.5896443789291,..,..,..,..,..,..,..
Renewable electricity output (% of total electricity output),EG.ELC.RNEW.ZS,Small states,SST,14.8513539102443,19.7375247096989,24.2021980876553,22.935822540156,23.4181314357759,..,..,..,..,..,..,..
Renewable electricity output (% of total electricity output),EG.ELC.RNEW.ZS,South Asia,SAS,27.7888522745889,15.4224695065593,18.8713121096983,17.61823619647,16.8677992619749,..,..,..,..,..,..,..
Renewable electricity output (% of total electricity output),EG.ELC.RNEW.ZS,South Asia (IDA & IBRD),TSA,27.7888522745889,15.4224695065593,18.8713121096983,17.61823619647,16.8677992619749,..,..,..,..,..,..,..
Renewable electricity output (% of total electricity output),EG.ELC.RNEW.ZS,Sub-Saharan Africa,SSF,19.4778795595818,20.5972091867394,24.7640985545461,26.5812407814129,26.6166370237832,..,..,..,..,..,..,..
Renewable electricity output (% of total electricity output),EG.ELC.RNEW.ZS,Sub-Saharan Africa (excluding high income),SSA,19.4864125957529,20.6102003880082,24.7830027121794,26.6015133381539,26.6374474267553,..,..,..,..,..,..,..
Renewable electricity output (% of total electricity output),EG.ELC.RNEW.ZS,Sub-Saharan Africa (IDA & IBRD countries),TSS,19.4778795595818,20.5972091867394,24.7640985545461,26.5812407814129,26.6166370237832,..,..,..,..,..,..,..
Renewable electricity output (% of total electricity output),EG.ELC.RNEW.ZS,Upper middle income,UMC,24.6584600941355,25.7451202967844,23.6942631971113,24.669619665,25.5438373107998,..,..,..,..,..,..,..
Renewable electricity output (% of total electricity output),EG.ELC.RNEW.ZS,World,WLD,19.3620390501181,18.3331548724724,21.7103458442356,22.4072584526013,22.8544560815979,..,..,..,..,..,..,..
,,,,,,,,,,,,,,,
,,,,,,,,,,,,,,,
,,,,,,,,,,,,,,,
Data from database: World Development Indicators,,,,,,,,,,,,,,,
Last Updated: 12/18/2023,,,,,,,,,,,,,,,
Code,License Type,Indicator Name,Long definition,Source,Topic,Periodicity,Aggregation method,General comments,License URL
EG.ELC.RNEW.ZS,Use and distribution of these data are subject to IEA terms and conditions.,Renewable electricity output (% of total electricity output),Renewable electricity is the share of electrity generated by renewable power plants in total electricity generated by all types of plants.,"IEA Statistics � OECD/IEA 2018 (https://www.iea.org/data-and-statistics), subject to https://www.iea.org/terms/",Environment: Energy production & use,Annual,Weighted average,Restricted use: Please contact the International Energy Agency for third-party use of these data.,https://www.iea.org/terms
