Series Name,Series Code,Country Name,Country Code,1990 [YR1990],2000 [YR2000],2013 [YR2013],2014 [YR2014],2015 [YR2015],2016 [YR2016],2017 [YR2017],2018 [YR2018],2019 [YR2019],2020 [YR2020],2021 [YR2021],2022 [YR2022]
Adjusted savings: net forest depletion (% of GNI),NY.ADJ.DFOR.GN.ZS,Afghanistan,AFG,..,..,0.211412619283081,0.216608987713022,0.232761963456803,0.284781431086284,0.229821540745866,0.237614661827017,0.269353221331058,0.237958189733028,0.3177320549902,..
Adjusted savings: net forest depletion (% of GNI),NY.ADJ.DFOR.GN.ZS,Albania,ALB,1.46665348283796,0.122940098630921,0.162355369581885,0.167721930626468,0.189123681705878,0.15451401733456,0.182975791053761,0.140223142354655,0.139876104069308,0.136466261169342,0.140408155076948,..
Adjusted savings: net forest depletion (% of GNI),NY.ADJ.DFOR.GN.ZS,Algeria,DZA,0,0,0,0,0,0,0,0,0,0,0,..
Adjusted savings: net forest depletion (% of GNI),NY.ADJ.DFOR.GN.ZS,American Samoa,ASM,..,..,..,..,..,..,..,..,..,..,..,..
Adjusted savings: net forest depletion (% of GNI),NY.ADJ.DFOR.GN.ZS,Andorra,AND,..,..,..,..,..,..,..,..,..,..,..,..
Adjusted savings: net forest depletion (% of GNI),NY.ADJ.DFOR.GN.ZS,Angola,AGO,1.11698635394765,1.7560305174638,0.3552910177304,0.358516878888424,0.554706545645646,1.03176263206502,0.813139211261651,0.617134019845992,0.636491008480499,0.87236870132827,0.739017315475802,..
Adjusted savings: net forest depletion (% of GNI),NY.ADJ.DFOR.GN.ZS,Antigua and Barbuda,ATG,..,..,..,..,..,..,..,..,..,..,..,..
Adjusted savings: net forest depletion (% of GNI),NY.ADJ.DFOR.GN.ZS,Argentina,ARG,0,0,0,0,0,0,0,0,0,0,0,..
Adjusted savings: net forest depletion (% of GNI),NY.ADJ.DFOR.GN.ZS,Armenia,ARM,..,0.0214355793156383,0.219209785594801,0.230507585774177,0.253862985088817,0.216780401516851,0.237460138229931,0.267995277542069,0.249911436603519,0.274493063786905,0.275814294335581,..
Adjusted savings: net forest depletion (% of GNI),NY.ADJ.DFOR.GN.ZS,Aruba,ABW,0.00156818469907334,0.000712418833286258,0.00260883523849379,0.00335880746579488,0.00249259859735073,0.00350250599236074,0.00299223668371317,0.00202016843979342,0.00176021957592569,0.00311858578657175,0.00212936341352684,..
Adjusted savings: net forest depletion (% of GNI),NY.ADJ.DFOR.GN.ZS,Australia,AUS,0.199974609552752,0.182847484601931,0,0,0,0,0,0,0,0.149635326557385,0.124411410868125,..
Adjusted savings: net forest depletion (% of GNI),NY.ADJ.DFOR.GN.ZS,Austria,AUT,0.0563535216634065,0.0109057554560766,0.0404650786468084,0.0403134117701216,0.0407159277667915,0.0348138024715943,0.0331755870463297,0.0450196188503379,0.0333158189096718,0.0227695688847169,0.0290717473889363,..
Adjusted savings: net forest depletion (% of GNI),NY.ADJ.DFOR.GN.ZS,Azerbaijan,AZE,..,0,0,0,0,0,0,0,0,0,0,..
Adjusted savings: net forest depletion (% of GNI),NY.ADJ.DFOR.GN.ZS,"Bahamas, The",BHS,0.124302332996494,0.00666187843052723,0.0162261466544898,0.0184749020233503,0.0147640229233005,0.0181025309330034,0.0177135425925596,0.0139642417566823,0.0127738942227243,0.020114024035589,0.0157881838453418,..
Adjusted savings: net forest depletion (% of GNI),NY.ADJ.DFOR.GN.ZS,Bahrain,BHR,0.00122025279605778,0.000454059053958065,0.000630826788597658,0.00100838749459006,0.00100159969777559,0.000755964322955169,0.000857709891240611,0.00041291447539682,0.000551133237039884,0.000573801496185948,..,..
Adjusted savings: net forest depletion (% of GNI),NY.ADJ.DFOR.GN.ZS,Bangladesh,BGD,0.413943440158583,0.194678442827826,0.192264734668952,0.180660591909754,0.196703062236174,0.172691441465432,0.132523511177646,0.067921183417931,0.0686746359283748,0.0769425851638829,0.0714250353793543,..
Adjusted savings: net forest depletion (% of GNI),NY.ADJ.DFOR.GN.ZS,Barbados,BRB,0.00286040579359261,0.00488559963616694,0.0149497344578222,0.0145223834283136,0.0146799361406761,0.0151275838690637,0.014887687439039,0.0143398625837631,0.0116215952671704,0.0142087225823369,0.0120661911332472,..
Adjusted savings: net forest depletion (% of GNI),NY.ADJ.DFOR.GN.ZS,Belarus,BLR,..,0,0,0,0,0,0,0,0,0,0,..
Adjusted savings: net forest depletion (% of GNI),NY.ADJ.DFOR.GN.ZS,Belgium,BEL,0.0429939763433374,0.0239743188830179,0.0141359055223198,0.0128936547821888,0.0110375471450875,0.0106821305442346,0.00945013640173785,0.0106170479606182,0.00831720276999125,0.00755260063873501,0.00743966104464943,..
Adjusted savings: net forest depletion (% of GNI),NY.ADJ.DFOR.GN.ZS,Belize,BLZ,0.581327849276406,0.214603191571741,0.386493300392703,0.411666055631662,0.341876729421136,0.401990927359473,0.376504378115214,0.312559751747995,0.263561058428192,0.351978411645354,0.248890207067284,..
Adjusted savings: net forest depletion (% of GNI),NY.ADJ.DFOR.GN.ZS,Benin,BEN,6.51627052546301,3.27238422542651,0,0,0,0,0,0,0,0,0,..
Adjusted savings: net forest depletion (% of GNI),NY.ADJ.DFOR.GN.ZS,Bermuda,BMU,..,..,..,..,..,..,..,..,..,..,..,..
Adjusted savings: net forest depletion (% of GNI),NY.ADJ.DFOR.GN.ZS,Bhutan,BTN,6.60075459321727,3.85700725097858,3.25257259505823,3.24470094441741,3.82570824626286,4.30944636535969,3.25428079429294,1.89454487189687,2.06288144851902,2.62675266000296,2.55008026319621,..
Adjusted savings: net forest depletion (% of GNI),NY.ADJ.DFOR.GN.ZS,Bolivia,BOL,0,0,0,0,0,0,0,0,0,0,0,..
Adjusted savings: net forest depletion (% of GNI),NY.ADJ.DFOR.GN.ZS,Bosnia and Herzegovina,BIH,..,0.967524779192814,5.4947026460034E-05,0.0367915892635576,0.1336939476342,0.087308861362863,0.0146336160270701,0,0,0,0,..
Adjusted savings: net forest depletion (% of GNI),NY.ADJ.DFOR.GN.ZS,Botswana,BWA,0.487775361486456,0.32333381533035,0.402103615477613,0.40143646204445,0.465455656013649,0.463315684421209,0.44137049214291,0.325854622134192,0.290824014792928,0.335191980296391,0.312892462524448,..
Adjusted savings: net forest depletion (% of GNI),NY.ADJ.DFOR.GN.ZS,Brazil,BRA,0,0,0,0,0,0,0,0,0,0,0,..
Adjusted savings: net forest depletion (% of GNI),NY.ADJ.DFOR.GN.ZS,British Virgin Islands,VGB,..,..,..,..,..,..,..,..,..,..,..,..
Adjusted savings: net forest depletion (% of GNI),NY.ADJ.DFOR.GN.ZS,Brunei Darussalam,BRN,0.0971610424871548,0.0698944569976741,0.0544310448081514,0.066559924857015,0.0514128024967561,0.0506140537518276,0.0533971713325917,0.0624168212548957,0.0631989471006005,0.0552236643469844,0.048553704286819,..
Adjusted savings: net forest depletion (% of GNI),NY.ADJ.DFOR.GN.ZS,Bulgaria,BGR,0,0,0,0,0,0,0,0,0,0,0,..
Adjusted savings: net forest depletion (% of GNI),NY.ADJ.DFOR.GN.ZS,Burkina Faso,BFA,0,0,0,0,0,0,0,0,0,0,0,..
Adjusted savings: net forest depletion (% of GNI),NY.ADJ.DFOR.GN.ZS,Burundi,BDI,13.5474582862385,14.8175188627236,17.5030228811105,17.2408236494408,15.3897951880207,18.9467164708775,18.2275741263011,13.4033433708258,13.089765712209,13.7719540219161,13.9163419337296,..
Adjusted savings: net forest depletion (% of GNI),NY.ADJ.DFOR.GN.ZS,Cabo Verde,CPV,0.319512617950579,0.235535649555443,0.374660906933174,0.425381534618515,0.522042382192953,0.523275146676202,0.461009361398467,0.25804265021878,0.253021900993647,0.326141633944578,0.302055747087689,..
Adjusted savings: net forest depletion (% of GNI),NY.ADJ.DFOR.GN.ZS,Cambodia,KHM,..,0,0,0,0,0,0,0,0,0,0,..
Adjusted savings: net forest depletion (% of GNI),NY.ADJ.DFOR.GN.ZS,Cameroon,CMR,3.36832300140761,2.82173656569501,3.13304325078326,3.21717823541838,3.63405897321609,3.74377651996858,3.81933537021534,3.01941663403929,2.69981932965672,2.75999948010778,2.63967847889126,..
Adjusted savings: net forest depletion (% of GNI),NY.ADJ.DFOR.GN.ZS,Canada,CAN,0,0,0,0,0,0,0,0,0,0,0,..
Adjusted savings: net forest depletion (% of GNI),NY.ADJ.DFOR.GN.ZS,Cayman Islands,CYM,..,..,..,..,..,..,..,..,..,..,..,..
Adjusted savings: net forest depletion (% of GNI),NY.ADJ.DFOR.GN.ZS,Central African Republic,CAF,0,0,0,0,0,0,0,0,0,0,0,..
Adjusted savings: net forest depletion (% of GNI),NY.ADJ.DFOR.GN.ZS,Chad,TCD,7.07653876232774,10.136722114574,4.27401424095662,4.32295534200723,5.60569575021739,6.21332662051505,6.13175488900085,3.9310845768138,3.62549833424551,4.3329735629316,3.96481088683242,..
Adjusted savings: net forest depletion (% of GNI),NY.ADJ.DFOR.GN.ZS,Channel Islands,CHI,..,..,..,..,..,..,..,..,..,..,..,..
Adjusted savings: net forest depletion (% of GNI),NY.ADJ.DFOR.GN.ZS,Chile,CHL,0,0,0,0,0,0,0,0,0,0,0,..
Adjusted savings: net forest depletion (% of GNI),NY.ADJ.DFOR.GN.ZS,China,CHN,0,0,0,0,0,0,0,0,0,0,0,..
Adjusted savings: net forest depletion (% of GNI),NY.ADJ.DFOR.GN.ZS,Colombia,COL,0,0,0,0,0,0,0,0,0,0,0,..
Adjusted savings: net forest depletion (% of GNI),NY.ADJ.DFOR.GN.ZS,Comoros,COM,0.734247932397336,1.3981581257989,1.84070492633865,1.9692349697479,2.45303824419413,2.4931705334543,2.35286090362699,1.54378748318248,1.47953516817524,1.59303806195291,1.62054641457388,..
Adjusted savings: net forest depletion (% of GNI),NY.ADJ.DFOR.GN.ZS,"Congo, Dem. Rep.",COD,..,6.70760475615725,17.915491807169,18.0615610514176,17.7825801566528,18.1905014483466,17.6010042547924,9.89474798973223,8.97311766769489,10.2012951450779,9.97062142594133,..
Adjusted savings: net forest depletion (% of GNI),NY.ADJ.DFOR.GN.ZS,"Congo, Rep.",COG,6.38775680345019,5.27854302066212,2.60618065475971,2.30126395131587,3.08809777102446,3.94638737882001,5.04587200096719,4.10468022003867,3.39134543934762,4.2012083443246,3.10845992331552,..
Adjusted savings: net forest depletion (% of GNI),NY.ADJ.DFOR.GN.ZS,Costa Rica,CRI,0,0,0,0,0,0,0,0,0,0,0,..
Adjusted savings: net forest depletion (% of GNI),NY.ADJ.DFOR.GN.ZS,Cote d'Ivoire,CIV,0,0,0,0,0,0,0,0,0,0,0,..
Adjusted savings: net forest depletion (% of GNI),NY.ADJ.DFOR.GN.ZS,Croatia,HRV,..,0.0648662482529768,0.248773267501364,0.209188421195982,0.208724469549912,0.191009967250072,0.22543983558761,0.198240538102377,0.18001866879458,0.174557712162162,0.150922479244655,..
Adjusted savings: net forest depletion (% of GNI),NY.ADJ.DFOR.GN.ZS,Cuba,CUB,0.159065047274943,0.0793814225129586,0.103915507940922,0.107876812615889,0.092552011689773,0.100451184938685,0.0934212046857973,0.0785848221458525,0.0673282958205892,..,..,..
Adjusted savings: net forest depletion (% of GNI),NY.ADJ.DFOR.GN.ZS,Curacao,CUW,..,..,..,..,..,..,..,..,..,..,..,..
Adjusted savings: net forest depletion (% of GNI),NY.ADJ.DFOR.GN.ZS,Cyprus,CYP,0.00622704566349167,0,0,0,0,0,0,0,0,0,0,..
Adjusted savings: net forest depletion (% of GNI),NY.ADJ.DFOR.GN.ZS,Czechia,CZE,..,0.0103635398752452,0.0187182602523047,0.0206355711243112,0.0286492763212327,0.0421696859410296,0.06810596283396,0.118193216480726,0.184073526442245,0.222366217465037,0.174396565569518,..
Adjusted savings: net forest depletion (% of GNI),NY.ADJ.DFOR.GN.ZS,Denmark,DNK,0,0.01418128358859,0.0089201628513751,0.0106177216905139,0.011001688558661,0.00825181969018962,0.00717842455864681,0.00802743940002901,0.0062843463369391,0.00527615692351927,0.00530630011772249,..
Adjusted savings: net forest depletion (% of GNI),NY.ADJ.DFOR.GN.ZS,Djibouti,DJI,..,0.371440183166311,0.534002614339122,0.797515515020805,0.670082084238456,0.499769805496342,0.598855898525456,0.293270662587661,0.369765614000104,0.332449614680865,0.281995991179442,..
Adjusted savings: net forest depletion (% of GNI),NY.ADJ.DFOR.GN.ZS,Dominica,DMA,0.0435480841555505,0.0282477902366336,0.0561350229830355,0.0672983769826064,0.0491862604837496,0.0625271273428417,0.055751321625374,0.0347734542303835,0.0288728879136785,0.0456634599735039,0.0329700805046429,..
Adjusted savings: net forest depletion (% of GNI),NY.ADJ.DFOR.GN.ZS,Dominican Republic,DOM,0.0438548785517046,0.0101082808997601,0.042050221074567,0.0507971052432375,0.039172052838945,0.0502859295983386,0.042596953234442,0.0303981826019328,0.028251383003086,0.0365317496883882,0.0273087699091802,..
Adjusted savings: net forest depletion (% of GNI),NY.ADJ.DFOR.GN.ZS,Ecuador,ECU,1.04148403406485,0.379085855745141,0,0,0,0,0,0,0,0,0,..
Adjusted savings: net forest depletion (% of GNI),NY.ADJ.DFOR.GN.ZS,"Egypt, Arab Rep.",EGY,0.431198330051993,0.123705733836208,0.18916781960796,0.281216493775502,0.234285419882709,0.178668385265361,0.316028572376453,0.158657238226182,0.176651749910271,0.13161704778651,0.110984661746645,..
Adjusted savings: net forest depletion (% of GNI),NY.ADJ.DFOR.GN.ZS,El Salvador,SLV,0.858188721737011,0.507987134473184,0.98287181365178,1.10545233227225,0.892310490073841,1.07763525247694,0.940287993180535,0.703217020762302,0.591745753920962,0.807333698445795,0.567171206351224,..
Adjusted savings: net forest depletion (% of GNI),NY.ADJ.DFOR.GN.ZS,Equatorial Guinea,GNQ,19.6545194402205,8.70612929231417,0.643627446181819,0.75817824716281,1.26870359627346,1.83530843805306,2.57579318222887,2.67141628389609,2.65907598621804,3.00176415881364,2.58840523589662,..
Adjusted savings: net forest depletion (% of GNI),NY.ADJ.DFOR.GN.ZS,Eritrea,ERI,..,4.84245133843275,..,..,..,..,..,..,..,..,..,..
Adjusted savings: net forest depletion (% of GNI),NY.ADJ.DFOR.GN.ZS,Estonia,EST,..,0,0,0,0,0,0,0,0,0,0,..
Adjusted savings: net forest depletion (% of GNI),NY.ADJ.DFOR.GN.ZS,Eswatini,SWZ,3.61757755368141,2.04838530765118,1.9722659925025,2.16789902544564,2.746120989417,3.93714919975808,3.5609795938753,2.78030602042489,3.06751253694279,3.03174463800817,2.58072719394326,..
Adjusted savings: net forest depletion (% of GNI),NY.ADJ.DFOR.GN.ZS,Ethiopia,ETH,11.9493270562839,18.4915076046753,13.6893062267636,13.1847732508648,12.1274854139299,11.148608269714,9.82403542955602,6.3610884308005,5.50960991501856,5.44397228793366,5.63051280064805,..
Adjusted savings: net forest depletion (% of GNI),NY.ADJ.DFOR.GN.ZS,Faroe Islands,FRO,..,..,..,..,..,..,..,..,..,..,..,..
Adjusted savings: net forest depletion (% of GNI),NY.ADJ.DFOR.GN.ZS,Fiji,FJI,0.650105990180863,0.59195923132583,0.856979277803642,0.838053959239367,0.773335552708328,0.700728556670139,0.993365895677316,0.927276162940576,0.917160473991064,1.03700579144843,1.19647619899788,..
Adjusted savings: net forest depletion (% of GNI),NY.ADJ.DFOR.GN.ZS,Finland,FIN,0,0,0,0,0,0,0,0,0,0,0,..
Adjusted savings: net forest depletion (% of GNI),NY.ADJ.DFOR.GN.ZS,France,FRA,0.0684800353384298,0.0522665573154943,0,0,0,0,0,0,0,0.0229568999133238,0.0245714211350235,..
Adjusted savings: net forest depletion (% of GNI),NY.ADJ.DFOR.GN.ZS,French Polynesia,PYF,0.000781607022911922,0.000770914564035097,..,..,..,..,..,..,..,..,..,..
Adjusted savings: net forest depletion (% of GNI),NY.ADJ.DFOR.GN.ZS,Gabon,GAB,2.65510062001207,4.72201290782328,2.51354486851104,2.36883184957532,2.43739539104573,2.58961801727413,3.27447971364579,2.76055761283796,2.44101763997858,3.48534092925221,3.13677904631771,..
Adjusted savings: net forest depletion (% of GNI),NY.ADJ.DFOR.GN.ZS,"Gambia, The",GMB,4.73526117949388,2.34646018092958,6.03687105649304,5.36738818940647,5.69546446285425,6.68637735348362,6.61767957499008,2.7709539453086,2.86123934376933,3.08013331923737,2.93040738548537,..
Adjusted savings: net forest depletion (% of GNI),NY.ADJ.DFOR.GN.ZS,Georgia,GEO,..,0.116263790973484,0.0659799973379398,0.0620573682511909,0.0802857947040787,0.0649428203479164,0.0791955458934099,0.0719032202348324,0.0750484117819754,0.0766968804616488,0.0578790666054416,..
Adjusted savings: net forest depletion (% of GNI),NY.ADJ.DFOR.GN.ZS,Germany,DEU,0,0,0,0,0,0,0,0,0,0,0,..
Adjusted savings: net forest depletion (% of GNI),NY.ADJ.DFOR.GN.ZS,Ghana,GHA,6.19284358068834,10.0306973502773,4.54813835701046,5.97856440292992,7.04140238673441,6.63978221542018,6.21432536864623,3.98804428869637,3.63099663780155,3.75855195744477,3.85323409751269,..
Adjusted savings: net forest depletion (% of GNI),NY.ADJ.DFOR.GN.ZS,Gibraltar,GIB,..,..,..,..,..,..,..,..,..,..,..,..
Adjusted savings: net forest depletion (% of GNI),NY.ADJ.DFOR.GN.ZS,Greece,GRC,..,..,0.0126270666660737,0.0127397406647305,0.0123564763482813,0.0125295718232521,0.0141510743145854,0.0131992212663969,0.00964346877974128,0.0091089172233631,0.00861411528013615,..
Adjusted savings: net forest depletion (% of GNI),NY.ADJ.DFOR.GN.ZS,Greenland,GRL,..,..,..,..,..,..,..,..,..,..,..,..
Adjusted savings: net forest depletion (% of GNI),NY.ADJ.DFOR.GN.ZS,Grenada,GRD,..,..,..,..,..,..,..,..,..,..,..,..
Adjusted savings: net forest depletion (% of GNI),NY.ADJ.DFOR.GN.ZS,Guam,GUM,..,..,..,..,..,..,..,..,..,..,..,..
Adjusted savings: net forest depletion (% of GNI),NY.ADJ.DFOR.GN.ZS,Guatemala,GTM,0.245625164485912,0.357615545424981,0,0,0,0,0,0,0,0,0,..
Adjusted savings: net forest depletion (% of GNI),NY.ADJ.DFOR.GN.ZS,Guinea,GIN,8.98828936886684,7.62694176863894,7.48849772046831,8.32411837145441,9.1210386943594,10.146356917778,8.39778045636284,5.37195882039646,4.76298195245106,5.32180797218101,5.11555230156016,..
Adjusted savings: net forest depletion (% of GNI),NY.ADJ.DFOR.GN.ZS,Guinea-Bissau,GNB,18.9124452960738,12.2677777841972,17.2706880552263,18.0587999349341,19.398012455808,18.2414177785715,15.9531753228436,10.236730499765,9.74182343048503,10.9639967213306,10.4138191581412,..
Adjusted savings: net forest depletion (% of GNI),NY.ADJ.DFOR.GN.ZS,Guyana,GUY,19.1071382183401,8.51790115815141,6.97194543255881,6.65442345714062,5.36794876313943,5.525390934993,4.96125507668947,4.35533172167148,3.48730714009122,3.94469542288169,2.33659035622939,..
Adjusted savings: net forest depletion (% of GNI),NY.ADJ.DFOR.GN.ZS,Haiti,HTI,0.763468318967115,0.349921501060495,0.585269105956645,0.697028185984422,0.573197356147968,0.787520219340219,0.65479473830737,0.439003487483242,0.441834840665818,0.576707114846909,0.327281322722916,..
Adjusted savings: net forest depletion (% of GNI),NY.ADJ.DFOR.GN.ZS,Honduras,HND,2.31347624864069,1.41498739298736,0,0,0,0,0,0,0,0,0,..
Adjusted savings: net forest depletion (% of GNI),NY.ADJ.DFOR.GN.ZS,"Hong Kong SAR, China",HKG,..,..,..,..,..,..,..,..,..,..,..,..
Adjusted savings: net forest depletion (% of GNI),NY.ADJ.DFOR.GN.ZS,Hungary,HUN,..,0,0,0,0,0,0,0,0,0,0,..
Adjusted savings: net forest depletion (% of GNI),NY.ADJ.DFOR.GN.ZS,Iceland,ISL,..,..,0.000386151350477792,0.000367072461922278,0.000317219455489857,0.000264637144842649,0.000224301542330179,0.00020709133378544,0.000109691589142925,0.000111997857339863,0.000112343756705461,..
Adjusted savings: net forest depletion (% of GNI),NY.ADJ.DFOR.GN.ZS,India,IND,0.544712343553215,0.342973266481721,0.283202329279509,0.268202531860866,0.298467427444103,0.304148825578988,0.209054526568512,0.150445691462497,0.157402581566519,0.188802020779511,0.16326686195924,..
Adjusted savings: net forest depletion (% of GNI),NY.ADJ.DFOR.GN.ZS,Indonesia,IDN,0,0,0,0,0,0,0,0,0,0,0,..
Adjusted savings: net forest depletion (% of GNI),NY.ADJ.DFOR.GN.ZS,"Iran, Islamic Rep.",IRN,0,0,0,0,0,0,0,0,0,0,0,..
Adjusted savings: net forest depletion (% of GNI),NY.ADJ.DFOR.GN.ZS,Iraq,IRQ,0.0010962939690696,0.00538147577980681,0.00365477556543115,0.00469819090644013,0.00542040024914394,0.00376544602390568,0.00476999878679361,0.00341809864223488,0.00402141441325486,0.00386171925581612,0.00326872683433651,..
Adjusted savings: net forest depletion (% of GNI),NY.ADJ.DFOR.GN.ZS,Ireland,IRL,0,0,0,0,0,0,0,0,0,0,0,..
Adjusted savings: net forest depletion (% of GNI),NY.ADJ.DFOR.GN.ZS,Isle of Man,IMN,..,..,..,..,..,..,..,..,..,..,..,..
Adjusted savings: net forest depletion (% of GNI),NY.ADJ.DFOR.GN.ZS,Israel,ISR,0.00457222556108388,0.0012593800428109,0,0,0,0,0,0,0,0,0,..
Adjusted savings: net forest depletion (% of GNI),NY.ADJ.DFOR.GN.ZS,Italy,ITA,0,0,0,0,0,0,0,0,0.00509287881554945,0.00977101466354654,0.00979209867697446,..
Adjusted savings: net forest depletion (% of GNI),NY.ADJ.DFOR.GN.ZS,Jamaica,JAM,0.145133395693629,0.0380784360011128,0,0,0,0.00532856385999095,0.0250140814093245,0.0353446300516212,0.0440693280661659,0.0807380859005245,0.0616610103811831,..
Adjusted savings: net forest depletion (% of GNI),NY.ADJ.DFOR.GN.ZS,Japan,JPN,0,0,0,0,0,0,0,0,0,0,0,..
Adjusted savings: net forest depletion (% of GNI),NY.ADJ.DFOR.GN.ZS,Jordan,JOR,0.0458782374212451,0.0200072552159006,0.0285720860227892,0.0432613559195848,0.0381829870591164,0.0290061832476651,0.0351600256039802,0.0179986880074614,0.0235422429255455,0.0221828170180555,0.020406850491882,..
Adjusted savings: net forest depletion (% of GNI),NY.ADJ.DFOR.GN.ZS,Kazakhstan,KAZ,..,0,0,0,0,0,0,0,0,0,0,..
Adjusted savings: net forest depletion (% of GNI),NY.ADJ.DFOR.GN.ZS,Kenya,KEN,5.18130396370766,3.32792469291685,2.9423192654959,2.95042986905644,2.99641411574983,2.68588435626542,2.35404371501244,1.37615311683614,1.24041289663576,1.28922822581064,1.24088656344676,..
Adjusted savings: net forest depletion (% of GNI),NY.ADJ.DFOR.GN.ZS,Kiribati,KIR,0.030828091641995,0.0182018608866767,0.0338222091282325,0.0470235280262137,0.0355111232316182,0.0463488616171605,0.0486922387720678,0.0225314671369511,0.0203961159354034,0.0305463280639304,0.0239485407546956,..
Adjusted savings: net forest depletion (% of GNI),NY.ADJ.DFOR.GN.ZS,"Korea, Dem. People's Rep.",PRK,..,..,..,..,..,..,..,..,..,..,..,..
Adjusted savings: net forest depletion (% of GNI),NY.ADJ.DFOR.GN.ZS,"Korea, Rep.",KOR,0,0,0,0,0,0,0,0,0,0,0,..
Adjusted savings: net forest depletion (% of GNI),NY.ADJ.DFOR.GN.ZS,Kosovo,XKX,..,..,..,..,..,..,..,..,..,..,..,..
Adjusted savings: net forest depletion (% of GNI),NY.ADJ.DFOR.GN.ZS,Kuwait,KWT,0.00102313966771768,0.00024082198748089,0.000296046777516839,0.000497945324886501,0.000649664882215441,0.000530423376122587,0.000580175925461969,0.000265702766602313,0.000366135029199343,..,..,..
Adjusted savings: net forest depletion (% of GNI),NY.ADJ.DFOR.GN.ZS,Kyrgyz Republic,KGZ,..,0,0,0,0,0,0,0,0,0,0,..
Adjusted savings: net forest depletion (% of GNI),NY.ADJ.DFOR.GN.ZS,Lao PDR,LAO,6.87344518560215,4.1497087977014,3.37452826189155,4.34513968420427,2.91283170790599,2.78588331122902,2.75551579671868,1.67908392657947,1.50783084113142,1.68715407754148,1.58947328341538,..
Adjusted savings: net forest depletion (% of GNI),NY.ADJ.DFOR.GN.ZS,Latvia,LVA,..,0,0,0,0,0,0,0,0,0,0,..
Adjusted savings: net forest depletion (% of GNI),NY.ADJ.DFOR.GN.ZS,Lebanon,LBN,0.0295589620350622,0.001577781154708,0,0,0,0,0,0,0,0,0,..
Adjusted savings: net forest depletion (% of GNI),NY.ADJ.DFOR.GN.ZS,Lesotho,LSO,2.4292121261453,2.71456440394983,4.44153999244669,5.01788939716606,5.55388353843476,6.40345721591144,5.54469972499811,3.21856972462547,3.30060185295863,4.04920648389324,3.79064261802484,..
Adjusted savings: net forest depletion (% of GNI),NY.ADJ.DFOR.GN.ZS,Liberia,LBR,..,20.1758663687505,18.4381316591212,20.6062208198535,20.947506114633,21.358217685375,21.9939212611328,16.0777562286299,15.9614665018595,18.3854428842103,17.5401484766572,..
Adjusted savings: net forest depletion (% of GNI),NY.ADJ.DFOR.GN.ZS,Libya,LBY,..,..,0.0534989717080088,0.0989083224424884,0.102066336701908,0.0756468958056572,0.0728211856328917,0.0411113295603767,0.0582720092114809,0.0683682389876064,0.0759176884139631,..
Adjusted savings: net forest depletion (% of GNI),NY.ADJ.DFOR.GN.ZS,Liechtenstein,LIE,..,0.00955291498091294,0.00662092142003723,0.00742391738809732,0.00235696876438687,0.00215935095917729,0.00178923614311326,0.0031717606203955,0.00184208241138848,..,..,..
Adjusted savings: net forest depletion (% of GNI),NY.ADJ.DFOR.GN.ZS,Lithuania,LTU,..,0.669267770466444,0,0,0,0,0,0,0,0,0,..
Adjusted savings: net forest depletion (% of GNI),NY.ADJ.DFOR.GN.ZS,Luxembourg,LUX,0.0363077092909636,0.0214857737254299,0.0123018243530373,0.0149702461624434,0.0177324029588399,0.0141128362476049,0.0125845852989564,0.0174645863576969,0.0123897474201201,0.00901223264740562,0.00620787985272946,..
Adjusted savings: net forest depletion (% of GNI),NY.ADJ.DFOR.GN.ZS,"Macao SAR, China",MAC,..,..,..,..,..,..,..,..,..,..,..,..
Adjusted savings: net forest depletion (% of GNI),NY.ADJ.DFOR.GN.ZS,Madagascar,MDG,5.35406277560204,3.35387909827028,6.45350067443772,7.29604866693825,8.87987949107728,9.07359533760935,7.7903160967526,4.86307617934258,4.7814900318085,5.78028545358538,5.56282992984534,..
Adjusted savings: net forest depletion (% of GNI),NY.ADJ.DFOR.GN.ZS,Malawi,MWI,8.99180212055782,10.24520504308,10.2442128041164,9.733352440727,9.14029929480276,10.9434653825498,7.09868952006162,5.27677502769266,4.30237083862541,4.1496363341771,4.27755159035225,..
Adjusted savings: net forest depletion (% of GNI),NY.ADJ.DFOR.GN.ZS,Malaysia,MYS,15.7788730176896,4.63205696586453,2.1838758948366,2.5910393348203,1.82181949290526,1.65836828419237,2.07385353679304,2.04297185057948,1.83782212605493,1.89998083501388,1.75101701637688,..
Adjusted savings: net forest depletion (% of GNI),NY.ADJ.DFOR.GN.ZS,Maldives,MDV,0.0239707440999274,0.00779811908488348,0.00596791542069624,0.00572477673223327,0.00638583006095979,0.00721469599990021,0.00570132850259575,0.0028485652383425,0.00305366578125802,0.00547060655728978,0.00406545579061821,..
Adjusted savings: net forest depletion (% of GNI),NY.ADJ.DFOR.GN.ZS,Mali,MLI,3.81750077646689,3.51347392803457,3.17169754492542,3.40952033931299,3.81354794490037,3.76878006575342,3.53338428148217,2.43494320930422,2.25892990498678,2.41434337541887,2.34355585839533,..
Adjusted savings: net forest depletion (% of GNI),NY.ADJ.DFOR.GN.ZS,Malta,MLT,..,..,..,..,..,..,..,..,..,..,..,..
Adjusted savings: net forest depletion (% of GNI),NY.ADJ.DFOR.GN.ZS,Marshall Islands,MHL,..,..,..,..,..,..,..,..,..,..,..,..
Adjusted savings: net forest depletion (% of GNI),NY.ADJ.DFOR.GN.ZS,Mauritania,MRT,0,0,0.638985733764327,0.926783863024823,1.19174196676201,1.22295986161832,1.12080565885141,0.674573191457825,0.636545623596437,0.694498436428453,0.653043646000412,..
Adjusted savings: net forest depletion (% of GNI),NY.ADJ.DFOR.GN.ZS,Mauritius,MUS,0.0338794883746406,0.0113414912411772,0.00142850892737192,0.000832402662248065,0.00064741427975691,0.00316598725866997,0.00286918554458083,0.00201355776300745,0.00194203454583848,0.00202198409486531,0.00209585426951875,..
Adjusted savings: net forest depletion (% of GNI),NY.ADJ.DFOR.GN.ZS,Mexico,MEX,0,0,0,0,0,0,0,0,0,0,0,..
Adjusted savings: net forest depletion (% of GNI),NY.ADJ.DFOR.GN.ZS,"Micronesia, Fed. Sts.",FSM,..,0.0072746337430232,0.0246897745030873,0.0376101948919172,0.0271077061513839,0.0309509795420863,0.0339172924119211,0.0160934982073293,0.0132538747330774,0.0180233570744568,0.0161998222617596,..
Adjusted savings: net forest depletion (% of GNI),NY.ADJ.DFOR.GN.ZS,Moldova,MDA,..,0,0,0,0,0,0,0,0,0,0,..
Adjusted savings: net forest depletion (% of GNI),NY.ADJ.DFOR.GN.ZS,Monaco,MCO,..,..,..,..,..,..,..,..,..,..,..,..
Adjusted savings: net forest depletion (% of GNI),NY.ADJ.DFOR.GN.ZS,Mongolia,MNG,0,0,0,0,0,0,0,0,0,0,0,..
Adjusted savings: net forest depletion (% of GNI),NY.ADJ.DFOR.GN.ZS,Montenegro,MNE,..,..,0,0,0,0,0,0.0171581498514974,0.0606873588623134,0.174089413197908,0.134664038098015,..
Adjusted savings: net forest depletion (% of GNI),NY.ADJ.DFOR.GN.ZS,Morocco,MAR,0,0,0,0,0,0,0,0,0,0,0,..
Adjusted savings: net forest depletion (% of GNI),NY.ADJ.DFOR.GN.ZS,Mozambique,MOZ,..,6.42649352653491,0,0,0,0,0,0,0,0,0,..
Adjusted savings: net forest depletion (% of GNI),NY.ADJ.DFOR.GN.ZS,Myanmar,MMR,20.6095653342537,6.14846727745417,3.16378048150658,4.21185795127517,3.05703882976476,3.54681986031348,4.07270513445077,2.11472136212234,1.89602709517186,1.99853290984695,2.23156112061214,..
Adjusted savings: net forest depletion (% of GNI),NY.ADJ.DFOR.GN.ZS,Namibia,NAM,0.439760424314552,0.354573500199653,0.611289392583304,0.697958775164643,0.873276741840129,0.988084404425097,0.795046833151294,0.509035458728623,0.638070085186526,0.897451662823714,0.879551754746021,..
Adjusted savings: net forest depletion (% of GNI),NY.ADJ.DFOR.GN.ZS,Nauru,NRU,..,..,..,..,..,..,..,..,..,..,..,..
Adjusted savings: net forest depletion (% of GNI),NY.ADJ.DFOR.GN.ZS,Nepal,NPL,0,0,0,0,0.918601059939048,1.01415729579747,0.691738789130509,0.416379763655323,0.437839103246531,0.513310583213633,0.490205974630525,..
Adjusted savings: net forest depletion (% of GNI),NY.ADJ.DFOR.GN.ZS,Netherlands,NLD,0,0,0,0,0,0,0,0,0,0,0,..
Adjusted savings: net forest depletion (% of GNI),NY.ADJ.DFOR.GN.ZS,New Caledonia,NCL,0.0135634630312341,0.0166069964028367,..,..,..,..,..,..,..,..,..,..
Adjusted savings: net forest depletion (% of GNI),NY.ADJ.DFOR.GN.ZS,New Zealand,NZL,0,0,0,0,0,0,0,0,0,0,0,..
Adjusted savings: net forest depletion (% of GNI),NY.ADJ.DFOR.GN.ZS,Nicaragua,NIC,0,0,0,0,0,0,0,0,0,0,0,..
Adjusted savings: net forest depletion (% of GNI),NY.ADJ.DFOR.GN.ZS,Niger,NER,0,0,0,0,0,0,0,0,0,0,0,..
Adjusted savings: net forest depletion (% of GNI),NY.ADJ.DFOR.GN.ZS,Nigeria,NGA,0,0,0,0,0,0,0,0,0,0,0,..
Adjusted savings: net forest depletion (% of GNI),NY.ADJ.DFOR.GN.ZS,North Macedonia,MKD,..,0,0,0,0,0,0,0,0,0,0,..
Adjusted savings: net forest depletion (% of GNI),NY.ADJ.DFOR.GN.ZS,Northern Mariana Islands,MNP,..,..,..,..,..,..,..,..,..,..,..,..
Adjusted savings: net forest depletion (% of GNI),NY.ADJ.DFOR.GN.ZS,Norway,NOR,0,0,0,0,0,0,0,0,0,0,0,..
Adjusted savings: net forest depletion (% of GNI),NY.ADJ.DFOR.GN.ZS,Oman,OMN,0.00164446068937966,0.00101787387643983,0.00142021926871198,0.00229518278237292,0.00247646358616182,0.00206086857319474,0.00245483778353254,0.00114917292018651,0.00166949576385873,0.00181829868702837,0.00145408580305937,..
Adjusted savings: net forest depletion (% of GNI),NY.ADJ.DFOR.GN.ZS,Pakistan,PAK,0.326356142930116,0.173515386104565,0,0,0,0,0,0.0329277934664852,0.0825383312977479,0.147323244661226,0.130323504356218,..
Adjusted savings: net forest depletion (% of GNI),NY.ADJ.DFOR.GN.ZS,Palau,PLW,..,..,..,..,..,..,..,..,..,..,..,..
Adjusted savings: net forest depletion (% of GNI),NY.ADJ.DFOR.GN.ZS,Panama,PAN,0,0,0,0,0,0,0,0,0,0,0,..
Adjusted savings: net forest depletion (% of GNI),NY.ADJ.DFOR.GN.ZS,Papua New Guinea,PNG,4.42701371924804,3.85848778430524,2.72253818010779,3.20834919906747,2.45875461376688,2.61108057799002,3.05086489629574,2.36999245656481,2.16279133259457,2.26513472254554,2.04173427478903,..
Adjusted savings: net forest depletion (% of GNI),NY.ADJ.DFOR.GN.ZS,Paraguay,PRY,..,1.66757087165984,1.5709386251408,1.56472197033396,1.65822649401944,1.8830878290918,1.69574379893675,1.49158694827015,1.35860186626761,1.70848828321223,1.31212300286654,..
Adjusted savings: net forest depletion (% of GNI),NY.ADJ.DFOR.GN.ZS,Peru,PER,0.395963808127961,0.211091238510252,0.191658027703358,0.225912578112055,0.189210091351036,0.234081968560906,0.18610450494601,0.135323323988863,0.12405750973245,0.138015412797873,0.127763204772216,..
Adjusted savings: net forest depletion (% of GNI),NY.ADJ.DFOR.GN.ZS,Philippines,PHL,0,0,0,0,0,0,0,0,0,0,0,..
Adjusted savings: net forest depletion (% of GNI),NY.ADJ.DFOR.GN.ZS,Poland,POL,0,0,0,0,0,0,0,0,0,0,0,..
Adjusted savings: net forest depletion (% of GNI),NY.ADJ.DFOR.GN.ZS,Portugal,PRT,0.244700268289823,0.151466458866771,0,0,0,0,0,0,0,0.0970036396649467,0.0920450146147144,..
Adjusted savings: net forest depletion (% of GNI),NY.ADJ.DFOR.GN.ZS,Puerto Rico,PRI,..,..,..,..,..,..,..,..,..,..,..,..
Adjusted savings: net forest depletion (% of GNI),NY.ADJ.DFOR.GN.ZS,Qatar,QAT,0.000446927067727811,0.000196914769934364,7.75285815699421E-05,0.000119239744344447,0.000135150922216174,0.000110060516977509,0.000127407322404411,5.79397870490822E-05,8.16498697071621E-05,9.04479312331784E-05,6.71549392942257E-05,..
Adjusted savings: net forest depletion (% of GNI),NY.ADJ.DFOR.GN.ZS,Romania,ROU,0,0,0,0,0,0,0,0,0,0,0,..
Adjusted savings: net forest depletion (% of GNI),NY.ADJ.DFOR.GN.ZS,Russian Federation,RUS,..,0,0,0,0,0,0,0,0,0,0,..
Adjusted savings: net forest depletion (% of GNI),NY.ADJ.DFOR.GN.ZS,Rwanda,RWA,4.36621022865518,4.6976570521883,5.88634456439608,5.85425248237826,5.494088724171,5.6897081995286,5.60703231631717,4.40736152493214,3.70324284183426,3.95222154133308,3.83393831185775,..
Adjusted savings: net forest depletion (% of GNI),NY.ADJ.DFOR.GN.ZS,Samoa,WSM,3.05833562856402,..,0.367117353550032,0.534355568341546,0.392822323187747,0.435060425204932,0.497023670402458,0.273755791388818,0.241743906595007,0.312625898904942,0.285481445508287,..
Adjusted savings: net forest depletion (% of GNI),NY.ADJ.DFOR.GN.ZS,San Marino,SMR,..,..,..,..,..,..,..,..,..,..,..,..
Adjusted savings: net forest depletion (% of GNI),NY.ADJ.DFOR.GN.ZS,Sao Tome and Principe,STP,..,..,3.31051079700476,2.99794941055052,3.42403194964997,3.26630101820011,3.16165686104133,2.33637167807643,2.05385677213453,1.95951557153926,1.86421938591053,..
Adjusted savings: net forest depletion (% of GNI),NY.ADJ.DFOR.GN.ZS,Saudi Arabia,SAU,0.00123472326577383,0.000673417285613985,0.00101595459313405,0.00164025718088249,0.00175413922730968,0.00141357657122371,0.00168603590072715,0.000743244294743168,0.00103820546727112,0.00109708603477416,..,..
Adjusted savings: net forest depletion (% of GNI),NY.ADJ.DFOR.GN.ZS,Senegal,SEN,0,0,0,0,0,0,0,0,0,0,0,..
Adjusted savings: net forest depletion (% of GNI),NY.ADJ.DFOR.GN.ZS,Serbia,SRB,..,..,0,0,0,0,0,0,0,0,0,..
Adjusted savings: net forest depletion (% of GNI),NY.ADJ.DFOR.GN.ZS,Seychelles,SYC,0.128716821489667,0.112634424544517,0.145952821905151,0.132148372617589,0.108130851354403,0.108798583232287,0.127793285235047,0.13130784315394,0.104173119691914,0.138917893850048,0.127901944467986,..
Adjusted savings: net forest depletion (% of GNI),NY.ADJ.DFOR.GN.ZS,Sierra Leone,SLE,16.2984223751176,14.3210971930834,6.20305655564749,6.96834540366795,8.75344380362805,11.7422898384103,10.2022594576644,7.35304266736844,6.74059182009524,7.48341292314769,7.98067457858795,..
Adjusted savings: net forest depletion (% of GNI),NY.ADJ.DFOR.GN.ZS,Singapore,SGP,0.000929718570924975,0.000328039657152224,0.000356772470588454,0.000508153495710936,0.000410765140846283,0.000451399955666292,0.000489915285010207,0.000214885573385602,0.000193451362142595,0.00027949209283938,0.000205784039531388,..
Adjusted savings: net forest depletion (% of GNI),NY.ADJ.DFOR.GN.ZS,Sint Maarten (Dutch part),SXM,..,..,..,..,..,..,..,..,..,..,..,..
Adjusted savings: net forest depletion (% of GNI),NY.ADJ.DFOR.GN.ZS,Slovak Republic,SVK,..,0,0,0,0,0,0,0,0,0,0,..
Adjusted savings: net forest depletion (% of GNI),NY.ADJ.DFOR.GN.ZS,Slovenia,SVN,..,0.148934752580894,0.146146185935727,0.223439647672394,0.23540472543352,0.228629277258673,0.225137561030566,0.217188505293176,0.199419877942457,0.179634504864874,0.14883553078106,..
Adjusted savings: net forest depletion (% of GNI),NY.ADJ.DFOR.GN.ZS,Solomon Islands,SLB,0,0,0,0,0,0,0,0,0,0,0,..
Adjusted savings: net forest depletion (% of GNI),NY.ADJ.DFOR.GN.ZS,Somalia,SOM,14.8125390264749,..,17.9381786112911,18.4044497444262,18.9802003702649,19.6531270823113,18.8064438463011,11.8044951295007,10.7897942800483,11.5189341632984,11.2979192936073,..
Adjusted savings: net forest depletion (% of GNI),NY.ADJ.DFOR.GN.ZS,South Africa,ZAF,0,0,0,0,0,0,0,0,0,0,0,..
Adjusted savings: net forest depletion (% of GNI),NY.ADJ.DFOR.GN.ZS,South Sudan,SSD,..,..,1.46660670119565,2.43100073900054,3.01977166165206,..,..,..,..,..,..,..
Adjusted savings: net forest depletion (% of GNI),NY.ADJ.DFOR.GN.ZS,Spain,ESP,0,0,0,0,0,0,0,0,0,0,0,..
Adjusted savings: net forest depletion (% of GNI),NY.ADJ.DFOR.GN.ZS,Sri Lanka,LKA,0.331612897654707,0.138427521077499,0.0755530629243763,0.071787453545079,0.0784154459839994,0.0818556188614265,0.0600231960737815,0.0430958889728172,0.0492433506109834,0.0575737146408968,0.0557572590048974,..
Adjusted savings: net forest depletion (% of GNI),NY.ADJ.DFOR.GN.ZS,St. Kitts and Nevis,KNA,..,..,..,..,..,..,..,..,..,..,..,..
Adjusted savings: net forest depletion (% of GNI),NY.ADJ.DFOR.GN.ZS,St. Lucia,LCA,0.017125692434871,0.0109032529172946,0.0216838195947881,0.027099734333483,0.020387727520047,0.0258154249411758,0.0200601105755115,0.0126580400362114,0.0111926331431455,0.0197120184840958,0.0139368028769399,..
Adjusted savings: net forest depletion (% of GNI),NY.ADJ.DFOR.GN.ZS,St. Martin (French part),MAF,..,..,..,..,..,..,..,..,..,..,..,..
Adjusted savings: net forest depletion (% of GNI),NY.ADJ.DFOR.GN.ZS,St. Vincent and the Grenadines,VCT,0.0300511403514844,0.0146206145151826,0.0306755289385476,0.0403090417860021,0.0298734495735441,0.03884614544813,0.0317851953029821,0.0203758060927085,0.0181998390315678,0.0257837933222823,0.0194318111237814,..
Adjusted savings: net forest depletion (% of GNI),NY.ADJ.DFOR.GN.ZS,Sudan,SDN,..,..,0,0,0,0,0,0,0,0,0,..
Adjusted savings: net forest depletion (% of GNI),NY.ADJ.DFOR.GN.ZS,Suriname,SUR,0.951069620728345,0.406590414675798,0.712667265054909,0.766775718842995,0.980557727782213,1.57898500600406,2.45233327680013,2.92240865122314,2.42736710852478,1.90490384435266,1.89881865279347,..
Adjusted savings: net forest depletion (% of GNI),NY.ADJ.DFOR.GN.ZS,Sweden,SWE,0,0,0,0,0,0,0,0,0,0,0,..
Adjusted savings: net forest depletion (% of GNI),NY.ADJ.DFOR.GN.ZS,Switzerland,CHE,..,0.0154861556784356,0.00114263205661504,0.0023763463200066,0.00181844252396627,0.00159824353974533,0.00149585009274946,0.00309040502000327,0.00116533389883866,0.00127673386555271,0.00171522783039136,..
Adjusted savings: net forest depletion (% of GNI),NY.ADJ.DFOR.GN.ZS,Syrian Arab Republic,SYR,..,0.00138337768203865,0.0167783307941738,0.0197378162167547,0.0220917556865455,0.0195338324460653,0.0243240039353678,0.017302101346809,0.0192133228471667,0.0305637928342611,..,..
Adjusted savings: net forest depletion (% of GNI),NY.ADJ.DFOR.GN.ZS,Tajikistan,TJK,..,..,0,0.429955495852972,0.506321004267759,0.528333721548889,0.598358959527429,0.688418391407235,0.654259820690651,0.656267925956941,0.641753988817239,..
Adjusted savings: net forest depletion (% of GNI),NY.ADJ.DFOR.GN.ZS,Tanzania,TZA,0,0,0,0,0,0,0,0,0,0,0,..
Adjusted savings: net forest depletion (% of GNI),NY.ADJ.DFOR.GN.ZS,Thailand,THA,0,0,0,0,0,0,0,0,0,0,0,..
Adjusted savings: net forest depletion (% of GNI),NY.ADJ.DFOR.GN.ZS,Timor-Leste,TLS,..,0.287463148362466,0.0848503790335273,0.152917144849229,0.13581200278415,0.189771129314824,0.208557248305493,0.093831628915626,0.0669603451652422,0.0976829838665547,0.103023484939704,..
Adjusted savings: net forest depletion (% of GNI),NY.ADJ.DFOR.GN.ZS,Togo,TGO,4.76923837657149,5.98046806355027,4.86885209019341,4.78456191544044,4.93453853348857,4.12170629846379,4.24342788330968,2.71162887483672,2.78880469301907,3.12117933908554,2.975664446497,..
Adjusted savings: net forest depletion (% of GNI),NY.ADJ.DFOR.GN.ZS,Tonga,TON,0.0770857660248755,0.0276501543285543,0.03913742572801,0.0517796002465542,0.0417080636546125,0.0451458391469377,0.0520266286219562,0.0376463569316408,0.0328996985554758,0.0359778556090824,0.0385988144044086,..
Adjusted savings: net forest depletion (% of GNI),NY.ADJ.DFOR.GN.ZS,Trinidad and Tobago,TTO,0.0418986923530205,0.0212007419542003,0.022742681903884,0.047643147267403,0.0548574222529743,0.0622036518652953,0.0648800214465717,0.0694636894793722,0.0593175478021482,0.0739411933387834,0.0545034195767686,..
Adjusted savings: net forest depletion (% of GNI),NY.ADJ.DFOR.GN.ZS,Tunisia,TUN,0.227869171934824,0.0968724259813975,0.237257998668133,0.353591404400402,0.351414273256788,0.276489449305106,0.37805625592422,0.209307918167301,0.27660741100727,0.248730295591072,0.210574994098857,..
Adjusted savings: net forest depletion (% of GNI),NY.ADJ.DFOR.GN.ZS,Turkiye,TUR,0,0,0,0,0,0,0,0,0,0,..,..
Adjusted savings: net forest depletion (% of GNI),NY.ADJ.DFOR.GN.ZS,Turkmenistan,TKM,..,0.000674530570719401,..,..,..,..,..,0.000560544020907983,0.000511483132283699,..,..,..
Adjusted savings: net forest depletion (% of GNI),NY.ADJ.DFOR.GN.ZS,Turks and Caicos Islands,TCA,..,..,..,0.00595965639644612,0.00414383081762078,0.00518794876681816,0.00456161764879091,0.00285462073100293,0.00243598864531384,0.00430582536414074,0.00323322400673653,..
Adjusted savings: net forest depletion (% of GNI),NY.ADJ.DFOR.GN.ZS,Tuvalu,TUV,..,..,..,..,..,..,..,..,..,..,..,..
Adjusted savings: net forest depletion (% of GNI),NY.ADJ.DFOR.GN.ZS,Uganda,UGA,16.0986913425961,12.2606872701588,10.7618686164455,10.4682654270685,10.9318517898603,12.8515758603507,12.3727385124951,9.02687136818998,8.17603038916458,8.51651964032318,8.63533350306792,..
Adjusted savings: net forest depletion (% of GNI),NY.ADJ.DFOR.GN.ZS,Ukraine,UKR,..,0,0,0,0,0,0,0,0,0,0,..
Adjusted savings: net forest depletion (% of GNI),NY.ADJ.DFOR.GN.ZS,United Arab Emirates,ARE,..,0.000102827222516287,0.000132685922195136,0.00020655179299196,0.000210063504366779,0.000163612030851292,0.000191264240489038,8.94634894164338E-05,0.000123069910704617,0.000135657889029023,..,..
Adjusted savings: net forest depletion (% of GNI),NY.ADJ.DFOR.GN.ZS,United Kingdom,GBR,0,0,0,0,0,0,0,0,..,..,..,..
Adjusted savings: net forest depletion (% of GNI),NY.ADJ.DFOR.GN.ZS,United States,USA,0,0,0,0,0,0,0,0,0,0,0,..
Adjusted savings: net forest depletion (% of GNI),NY.ADJ.DFOR.GN.ZS,Uruguay,URY,0.629326608781201,0.175325261032573,0,0,0,0,0,0,0,0,0,..
Adjusted savings: net forest depletion (% of GNI),NY.ADJ.DFOR.GN.ZS,Uzbekistan,UZB,..,0,0,0,0,0,0,0,0,0,0,..
Adjusted savings: net forest depletion (% of GNI),NY.ADJ.DFOR.GN.ZS,Vanuatu,VUT,0.913034393690581,0.842791727027027,0.752461258739709,0.972079597321415,0.801201457008039,0.798479361829063,0.900028988414011,0.590815898236136,0.505156809860252,0.573070205071629,0.51766853449576,..
Adjusted savings: net forest depletion (% of GNI),NY.ADJ.DFOR.GN.ZS,"Venezuela, RB",VEN,0,0,0,0,..,..,..,..,..,..,..,..
Adjusted savings: net forest depletion (% of GNI),NY.ADJ.DFOR.GN.ZS,Viet Nam,VNM,0,0,0,0,0,0,0,0,0,0,0,..
Adjusted savings: net forest depletion (% of GNI),NY.ADJ.DFOR.GN.ZS,Virgin Islands (U.S.),VIR,..,..,..,..,..,..,..,..,..,..,..,..
Adjusted savings: net forest depletion (% of GNI),NY.ADJ.DFOR.GN.ZS,West Bank and Gaza,PSE,..,..,..,..,..,..,..,..,..,..,..,..
Adjusted savings: net forest depletion (% of GNI),NY.ADJ.DFOR.GN.ZS,"Yemen, Rep.",YEM,0.0391316211672726,0.0244130169721123,0.0365067349465539,0.0574215753740206,0.0531503722391905,0.0559116776558573,0.0837071389047438,0.0551547802334023,..,..,..,..
Adjusted savings: net forest depletion (% of GNI),NY.ADJ.DFOR.GN.ZS,Zambia,ZMB,5.64604596665527,8.83555038306847,0,0,0,0,0,0,0,0,0,..
Adjusted savings: net forest depletion (% of GNI),NY.ADJ.DFOR.GN.ZS,Zimbabwe,ZWE,2.12515043949159,3.65297549136011,3.09762658696254,3.48988525892697,3.69887569087783,3.80952883996163,4.2058727221656,1.30514853978987,2.02804392720797,2.3158887534386,1.86586198008424,..
Adjusted savings: net forest depletion (% of GNI),NY.ADJ.DFOR.GN.ZS,Africa Eastern and Southern,AFE,2.02435752666246,2.20266363136487,2.29054454886336,2.48154863468926,2.824573982827,3.08342790054876,2.61961077473609,1.85701538455046,1.82597713423035,2.14765911345084,1.98354115755183,..
Adjusted savings: net forest depletion (% of GNI),NY.ADJ.DFOR.GN.ZS,Africa Western and Central,AFW,2.96932321613724,3.48326210123297,0.990060760419114,0.990894281646838,1.18783937592468,1.40795288720672,1.4983579585624,1.04071142843915,0.887654533930185,1.01652259204291,1.02689595216284,..
Adjusted savings: net forest depletion (% of GNI),NY.ADJ.DFOR.GN.ZS,Arab World,ARB,0.0671598404414478,0.0210647577202665,0.0650571294105003,0.0843172546286956,0.0966235680976873,0.0928833400253595,0.10265972705189,0.0571203671783371,0.0645157793639491,0.0756855829815293,..,..
Adjusted savings: net forest depletion (% of GNI),NY.ADJ.DFOR.GN.ZS,Caribbean small states,CSS,0.464410136853251,0.219467038111589,0.495404374447585,0.481872480381749,0.433137309867643,0.496162950031345,0.504493325715451,0.494831316376369,0.419048883657365,0.488925938192212,0.368869527729937,..
Adjusted savings: net forest depletion (% of GNI),NY.ADJ.DFOR.GN.ZS,Central Europe and the Baltics,CEB,0,0.0298943183054733,0.0183601966010528,0.0192815736456718,0.0204535752076502,0.0216773197506119,0.0264979895403031,0.0323836739343207,0.0404386679943072,0.0444281718411222,0.0362145497624092,..
Adjusted savings: net forest depletion (% of GNI),NY.ADJ.DFOR.GN.ZS,Early-demographic dividend,EAR,0.308858722802201,0.176487396626619,0.208337067909812,0.231644356105601,0.253314310015933,0.266895211261426,0.237912856685499,0.1637073022938,0.16209483898982,0.195090528429033,0.202733748424215,..
Adjusted savings: net forest depletion (% of GNI),NY.ADJ.DFOR.GN.ZS,East Asia & Pacific,EAS,0.172370443963609,0.0697149856558411,0.0469606933455064,0.0585408450678379,0.0381789684778473,0.0367785380070928,0.0437394699968972,0.0369857324527141,0.0336415778276855,0.0409878684341995,0.0355007253667052,..
Adjusted savings: net forest depletion (% of GNI),NY.ADJ.DFOR.GN.ZS,East Asia & Pacific (excluding high income),EAP,1.05825122790413,0.278546862983854,0.0820886654074973,0.0975162635774637,0.0609058940928712,0.0594878398921358,0.0689984841195964,0.056870019339094,0.0510698366142742,0.0503349493984833,0.0420804673220676,..
Adjusted savings: net forest depletion (% of GNI),NY.ADJ.DFOR.GN.ZS,East Asia & Pacific (IDA & IBRD countries),TEA,1.05825122790413,0.278546862983854,0.0820886654074973,0.0975162635774637,0.0609058940928712,0.0594878398921358,0.0689984841195964,0.056870019339094,0.0510698366142742,0.0503349493984833,0.0420804673220676,..
Adjusted savings: net forest depletion (% of GNI),NY.ADJ.DFOR.GN.ZS,Euro area,EMU,0.0218716191660364,0.0171979402788852,0.00268173516453098,0.0029284799467562,0.00286953353274474,0.00265508872910257,0.00256807609124281,0.00299987462441081,0.0031758426531643,0.00975827438882949,0.0100641012967536,..
Adjusted savings: net forest depletion (% of GNI),NY.ADJ.DFOR.GN.ZS,Europe & Central Asia,ECS,0.0168282489924838,0.0126299614896153,0.00273341127364375,0.00310598666701913,0.00331345522482375,0.00316882146424766,0.00347358669486879,0.0043087682508202,0.00571697917221679,0.0107087525959195,0.0105810109975662,..
Adjusted savings: net forest depletion (% of GNI),NY.ADJ.DFOR.GN.ZS,Europe & Central Asia (excluding high income),ECA,..,0.0105547877580952,0.00145890727286029,0.00315812921827237,0.00471942626487166,0.00408335808360605,0.00396255411530885,0.00421355232223188,0.0042870826885729,0.0047588835543859,0.00569973158212331,..
Adjusted savings: net forest depletion (% of GNI),NY.ADJ.DFOR.GN.ZS,Europe & Central Asia (IDA & IBRD countries),TEC,..,0.00938010320192584,0.0043017325890874,0.00534775308842704,0.00683927376927693,0.00618510256989731,0.00650738839214858,0.00636013955342536,0.00610028001940786,0.00638911912281524,0.00703096542454414,..
Adjusted savings: net forest depletion (% of GNI),NY.ADJ.DFOR.GN.ZS,European Union,EUU,0.020087298866022,0.0159391470051155,0.00371158395766169,0.00381575514402015,0.0038902670701708,0.00375021134845945,0.00417985219614283,0.00525394065251269,0.0063433641252311,0.0124971629916103,0.0119927636962522,..
Adjusted savings: net forest depletion (% of GNI),NY.ADJ.DFOR.GN.ZS,Fragile and conflict affected situations,FCS,1.09734437988783,1.28147756057259,1.02718310146201,1.10328972704804,1.64642499585516,1.85339136736918,1.79293614452251,1.17687436378347,1.08698709062091,1.30602577428287,1.30871519073501,..
Adjusted savings: net forest depletion (% of GNI),NY.ADJ.DFOR.GN.ZS,Heavily indebted poor countries (HIPC),HPC,4.75269356536,4.61625105313326,4.05486367078847,4.12360140563953,4.45845659975652,4.50596660035197,4.05687646971507,3.05644206190858,2.83206197561295,3.07055981344251,2.98910820544291,..
Adjusted savings: net forest depletion (% of GNI),NY.ADJ.DFOR.GN.ZS,High income,HIC,0.0109358161616808,0.00746236616283552,0.00182406315203964,0.00185739753974939,0.00170461764025366,0.00168496694867979,0.00178440247190059,0.00205217963268695,0.00236507051353133,0.0081812776163615,0.0077194811750879,..
Adjusted savings: net forest depletion (% of GNI),NY.ADJ.DFOR.GN.ZS,IBRD only,IBD,0.319745528070049,0.118235070944233,0.0584953292589071,0.0653672316501396,0.0601216942389654,0.0609306893987656,0.0572334316829128,0.0484869373714532,0.0465312920141414,0.0498705664115351,0.0435238068466363,..
Adjusted savings: net forest depletion (% of GNI),NY.ADJ.DFOR.GN.ZS,IDA & IBRD total,IBT,0.506028010962016,0.248457189949328,0.167580074353854,0.184093535729571,0.190804330477612,0.199039565154487,0.183049308159862,0.131457411375003,0.125082380536204,0.140083012233124,0.127146362046874,..
Adjusted savings: net forest depletion (% of GNI),NY.ADJ.DFOR.GN.ZS,IDA blend,IDB,1.88330209684755,0.872098694848364,0.430179598617842,0.442659920041202,0.453848735802959,0.512144930502274,0.562018453079265,0.409870733900964,0.383925304102413,0.4407612384877,0.415724090898314,..
Adjusted savings: net forest depletion (% of GNI),NY.ADJ.DFOR.GN.ZS,IDA only,IDX,3.46131863058107,2.35885575287705,2.71076177806338,2.84982146143892,2.91215327173221,2.86825477556514,2.60181364325806,1.80247624136473,1.6975772156085,1.84503571781395,1.82311413570284,..
Adjusted savings: net forest depletion (% of GNI),NY.ADJ.DFOR.GN.ZS,IDA total,IDA,2.93933912931505,1.87748425853103,1.59430667476763,1.66492162066201,1.73502525751251,1.81966453522507,1.74781146065047,1.18878752492955,1.12164489861925,1.25745405436582,1.23095665854445,..
Adjusted savings: net forest depletion (% of GNI),NY.ADJ.DFOR.GN.ZS,Late-demographic dividend,LTE,0.508893664246891,0.127792432491339,0.0399349025154278,0.0470450871963515,0.0326550672685096,0.0297699958488863,0.0347690527291202,0.0343494078131492,0.0311710097222558,0.0310995303277442,0.0267600897782394,..
Adjusted savings: net forest depletion (% of GNI),NY.ADJ.DFOR.GN.ZS,Latin America & Caribbean,LCN,0.0556995062096359,0.0311583877404263,0.0277500056718037,0.029708512794646,0.0329116700934288,0.0395820230245612,0.033807200552125,0.0300434507467494,0.0269972030523991,0.0343318073065602,0.0263035292884454,..
Adjusted savings: net forest depletion (% of GNI),NY.ADJ.DFOR.GN.ZS,Latin America & Caribbean (excluding high income),LAC,0.0497705418964959,0.030018113225617,0.0261232199888232,0.029119570928101,0.0302897523472344,0.0371431326832827,0.0316271682748531,0.0281643222630243,0.0253797858410736,0.0318774120661932,0.0247063748340555,..
Adjusted savings: net forest depletion (% of GNI),NY.ADJ.DFOR.GN.ZS,Latin America & the Caribbean (IDA & IBRD countries),TLA,0.0529213926974999,0.0306407323286471,0.0268207153000941,0.0287355042847474,0.031930015503884,0.0385150504703469,0.03279116507473,0.0291739773018461,0.026245742116603,0.0344103508249188,0.02636130792952,..
Adjusted savings: net forest depletion (% of GNI),NY.ADJ.DFOR.GN.ZS,Least developed countries: UN classification,LDC,3.63990677159217,3.4125564742675,2.75639918162258,2.9122512116021,3.06495735623993,3.11519434124745,2.78631807840017,1.94789936099193,1.84629565723287,2.00725838674577,1.95164193562842,..
Adjusted savings: net forest depletion (% of GNI),NY.ADJ.DFOR.GN.ZS,Low & middle income,LMY,0.533009094419576,0.265744596232036,0.175137971385386,0.193239029870031,0.196827066565681,0.20533818508645,0.188862425398325,0.135701722434976,0.129075827225603,0.144778040096575,0.131566373311568,..
Adjusted savings: net forest depletion (% of GNI),NY.ADJ.DFOR.GN.ZS,Low income,LIC,..,3.50393294489542,5.41567817797007,5.56473282126217,5.85904573162966,6.17682759674208,5.47907021736858,4.53940983673701,4.45094388846855,4.94245420183246,5.10977738011612,..
Adjusted savings: net forest depletion (% of GNI),NY.ADJ.DFOR.GN.ZS,Lower middle income,LMC,0.624357614857642,0.405702440203443,0.304882980584969,0.33462590129064,0.347491630237185,0.360747440107766,0.328166106074179,0.22718148943818,0.220492163215184,0.251438260893332,0.226952305352836,..
Adjusted savings: net forest depletion (% of GNI),NY.ADJ.DFOR.GN.ZS,Middle East & North Africa,MEA,0.0318915393948534,0.0157709157333405,0.020869123505061,0.0324134075022008,0.033177916652039,0.025283552262947,0.0317748756854649,0.0164938440144223,0.0215235846920019,0.0223561598998534,..,..
Adjusted savings: net forest depletion (% of GNI),NY.ADJ.DFOR.GN.ZS,Middle East & North Africa (excluding high income),MNA,0.0466877790839437,0.0318957147705352,0.0457150232873489,0.0726599655087844,0.0731573746845918,0.0548322419423608,0.0718868387312892,0.041273777657463,0.0543213428350653,0.0532668414823359,0.042485351657576,..
Adjusted savings: net forest depletion (% of GNI),NY.ADJ.DFOR.GN.ZS,Middle East & North Africa (IDA & IBRD countries),TMN,0.0466877790839437,0.0318957147705352,0.0457150232873489,0.0726599655087844,0.0731573746845918,0.0548322419423608,0.0718868387312892,0.0412737776574631,0.0543213428350653,0.0532668414823359,0.042485351657576,..
Adjusted savings: net forest depletion (% of GNI),NY.ADJ.DFOR.GN.ZS,Middle income,MIC,0.426153248350675,0.180124557518661,0.0978145321456095,0.110757665910919,0.105088110214918,0.109974200515321,0.104199164792317,0.0794003694667974,0.0754826309558141,0.0831935122951201,0.0737048280363069,..
Adjusted savings: net forest depletion (% of GNI),NY.ADJ.DFOR.GN.ZS,North America,NAC,0,0,0,0,0,0,0,0,0,0,0,..
Adjusted savings: net forest depletion (% of GNI),NY.ADJ.DFOR.GN.ZS,Not classified,INX,..,..,..,..,..,..,..,..,..,..,..,..
Adjusted savings: net forest depletion (% of GNI),NY.ADJ.DFOR.GN.ZS,OECD members,OED,0.0101561984025415,0.00689402152464208,0.000870214030570512,0.000970566300614495,0.000902396809681145,0.000889682019780982,0.000984750285887563,0.00137841256579724,0.00173685083956614,0.00748855159730044,0.00709315386039319,..
Adjusted savings: net forest depletion (% of GNI),NY.ADJ.DFOR.GN.ZS,Other small states,OSS,0.867109212034375,0.626538222192463,0.302026316168268,0.312615922779418,0.370288109539371,0.416088054454489,0.429946555920317,0.323680322965142,0.308471478552731,0.405083690312054,0.395383132483581,..
Adjusted savings: net forest depletion (% of GNI),NY.ADJ.DFOR.GN.ZS,Pacific island small states,PSS,0.662182950700798,0.421755174353031,0.548933557547345,0.59180261272371,0.518385780626316,0.49236966264625,0.659283215911107,0.572029538757487,0.540299916789494,0.583282754758714,0.638290329874876,..
Adjusted savings: net forest depletion (% of GNI),NY.ADJ.DFOR.GN.ZS,Post-demographic dividend,PST,0.0107197699259883,0.00762657575603507,0.00141931432453479,0.0014983031489116,0.00143419888084557,0.00139993906468803,0.00151255908472246,0.00186492057520453,0.00223086087529584,0.00821662128164201,0.00768800624046173,..
Adjusted savings: net forest depletion (% of GNI),NY.ADJ.DFOR.GN.ZS,Pre-demographic dividend,PRE,1.30257342806537,2.97055704275511,1.31854721221318,1.34768326228563,1.64008373237427,1.86928593283637,1.76831676824667,1.25163538937114,1.13565849283099,1.33774029954174,1.31894944222844,..
Adjusted savings: net forest depletion (% of GNI),NY.ADJ.DFOR.GN.ZS,Small states,SST,0.749210217716239,0.501369561315977,0.334397762832204,0.341831994370846,0.383605430265887,0.430211238242255,0.445925777401009,0.352913701842857,0.329310401124749,0.420775363698528,0.396037872703306,..
Adjusted savings: net forest depletion (% of GNI),NY.ADJ.DFOR.GN.ZS,South Asia,SAS,0.507492669491829,0.298239283881074,0.238402427195343,0.22715421300259,0.258660068532872,0.262215816262901,0.183824746667495,0.131976039640482,0.143763733402051,0.174477880451702,0.15304084171358,..
Adjusted savings: net forest depletion (% of GNI),NY.ADJ.DFOR.GN.ZS,South Asia (IDA & IBRD),TSA,0.507492669491829,0.298239283881074,0.238402427195343,0.22715421300259,0.258660068532872,0.262215816262901,0.183824746667495,0.131976039640482,0.143763733402051,0.174477880451702,0.15304084171358,..
Adjusted savings: net forest depletion (% of GNI),NY.ADJ.DFOR.GN.ZS,Sub-Saharan Africa,SSF,2.2566241231334,2.44836017114877,1.70115967512025,1.77962641802443,2.08090652354337,2.3462523455933,2.16845839349905,1.50388695666899,1.40128678763302,1.62583187461585,1.56528745081541,..
Adjusted savings: net forest depletion (% of GNI),NY.ADJ.DFOR.GN.ZS,Sub-Saharan Africa (excluding high income),SSA,2.25977129105728,2.45294710859571,1.70228083373497,1.78078623463542,2.08244991106604,2.34836141917114,2.17053836389758,1.50505516793835,1.4024123658105,1.62682326741868,1.56621189762137,..
Adjusted savings: net forest depletion (% of GNI),NY.ADJ.DFOR.GN.ZS,Sub-Saharan Africa (IDA & IBRD countries),TSS,2.2566241231334,2.44836017114877,1.70115967512025,1.77962641802443,2.08090652354337,2.3462523455933,2.16845839349905,1.50388695666899,1.40128678763302,1.62583187461585,1.56528745081541,..
Adjusted savings: net forest depletion (% of GNI),NY.ADJ.DFOR.GN.ZS,Upper middle income,UMC,0.34730518471962,0.112405006819674,0.0427389785649537,0.0500046412306306,0.0366752930784055,0.0356527961509653,0.0398955732353329,0.0389422779267265,0.034954345418694,0.0360688957051942,0.0313554435742321,..
Adjusted savings: net forest depletion (% of GNI),NY.ADJ.DFOR.GN.ZS,World,WLD,0.0844080157858206,0.0522815899588614,0.0623120628774976,0.0692072404712694,0.0711219879339844,0.0736201948565977,0.0699923278592882,0.0506712095413133,0.0504731323087252,0.0595849772302522,0.0559936353681029,..
,,,,,,,,,,,,,,,
,,,,,,,,,,,,,,,
,,,,,,,,,,,,,,,
Data from database: World Development Indicators,,,,,,,,,,,,,,,
Last Updated: 12/18/2023,,,,,,,,,,,,,,,
Code,License Type,Indicator Name,Long definition,Source,Topic,Periodicity,Aggregation method,Limitations and exceptions,License URL
NY.ADJ.DFOR.GN.ZS,CC BY-4.0,Adjusted savings: net forest depletion (% of GNI),Net forest depletion is calculated as the product of unit resource rents and the excess of roundwood harvest over natural growth.,World Bank staff estimates based on sources and methods in World Bank's "The Changing Wealth of Nations: Measuring Sustainable Development in the New Millennium" (2011).,Economic Policy & Debt: National accounts: Adjusted savings & income,Annual,Weighted average,"A positive net depletion figure for forest resources implies that the harvest rate exceeds the rate of natural growth; this is not the same as deforestation, which represents a change in land use. In principle, there should be an addition to savings in countries where growth exceeds harvest, but empirical estimates suggest that most of this net growth is in forested areas that cannot currently be exploited economically. Because the depletion estimates reflect only timber values, they ignore all the external and nontimber benefits associated with standing forests.",https://datacatalog.worldbank.org/public-licenses#cc-by
