Series Name,Series Code,Country Name,Country Code,1990 [YR1990],2000 [YR2000],2013 [YR2013],2014 [YR2014],2015 [YR2015],2016 [YR2016],2017 [YR2017],2018 [YR2018],2019 [YR2019],2020 [YR2020],2021 [YR2021],2022 [YR2022]
Individuals using the Internet (% of population),IT.NET.USER.ZS,Afghanistan,AFG,0,..,5.9,7,8.26,11,13.5,16.8,17.6,18.4,..,..
Individuals using the Internet (% of population),IT.NET.USER.ZS,Albania,ALB,0,0.114097347,51.8,54.3,56.9,59.6,62.4,65.4,68.55039112,72.23767711,79.32371752,82.61368583
Individuals using the Internet (% of population),IT.NET.USER.ZS,Algeria,DZA,0,0.491705679,22.5,29.5,38.2,42.94552688,47.69105515,49.03846808,58.97757455,63.94999611,70.77,..
Individuals using the Internet (% of population),IT.NET.USER.ZS,American Samoa,ASM,0,..,..,..,..,..,..,..,..,..,..,..
Individuals using the Internet (% of population),IT.NET.USER.ZS,Andorra,AND,0,10.53883561,84.4,86.1,87.9,89.7,91.56746703,..,90.71866533,93.20564892,93.89752157,..
Individuals using the Internet (% of population),IT.NET.USER.ZS,Angola,AGO,0,0.105045562,13,21.4,22,23.2,26,29,32.12939197,32.55014678,32.60230173,..
Individuals using the Internet (% of population),IT.NET.USER.ZS,Antigua and Barbuda,ATG,0,6.482225737,63.4,67.78,70,73,..,..,95.70763132,95.68550784,95.66338947,..
Individuals using the Internet (% of population),IT.NET.USER.ZS,Argentina,ARG,0,7.038683086,59.9,64.7,68.04306411,70.96898082,74.29490687,77.7,79.94695203,85.51438646,87.15070683,88.37535691
Individuals using the Internet (% of population),IT.NET.USER.ZS,Armenia,ARM,0,1.300470022,41.9,54.62280586,59.10083377,64.34602977,64.74488433,68.24505226,66.54394969,76.50770055,78.61225758,..
Individuals using the Internet (% of population),IT.NET.USER.ZS,Aruba,ABW,0,15.44282295,78.9,83.78,88.66122693,93.54245387,97.17,..,..,..,..,..
Individuals using the Internet (% of population),IT.NET.USER.ZS,Australia,AUS,0.585094712,46.75611561,83.45349717,84,84.56051491,86.54,86.54504885,90,93.60991916,96.39446689,96.24,..
Individuals using the Internet (% of population),IT.NET.USER.ZS,Austria,AUT,0.130369377,33.73013295,80.6188,80.99582496,83.94014193,84.32374257,87.93558659,87.47913723,87.75220479,87.52942813,92.52915104,93.61409139
Individuals using the Internet (% of population),IT.NET.USER.ZS,Azerbaijan,AZE,0,0.147757576,73.00000137,75.00001564,77,78.2,79,79.79999549,81.09999907,84.59999573,86,..
Individuals using the Internet (% of population),IT.NET.USER.ZS,"Bahamas, The",BHS,0,8,72,76.92,78,80,80.6,83,90.69327663,92.4760204,94.29380729,..
Individuals using the Internet (% of population),IT.NET.USER.ZS,Bahrain,BHR,0,6.153732546,90.0000397,90.50313348,93.4783008,97.9999807,95.87813575,98.64467258,99.70150438,99.67103159,100,..
Individuals using the Internet (% of population),IT.NET.USER.ZS,Bangladesh,BGD,0,0.071039423,6.63,11.9,12.9,18.1,19.8,23.44,27.76,32.87,38.91744466,..
Individuals using the Internet (% of population),IT.NET.USER.ZS,Barbados,BRB,0,3.973678355,71.8,75.16,76.11,79.54939789,81.76077839,82.48,83.20881332,82.458446,85.82,..
Individuals using the Internet (% of population),IT.NET.USER.ZS,Belarus,BLR,0,1.860398126,54.17,59.02,62.23036091,71.11304576,74.43644541,79.12988669,82.78915209,85.08791245,86.88841196,89.50733148
Individuals using the Internet (% of population),IT.NET.USER.ZS,Belgium,BEL,0.00100674,29.43169169,82.1702,85,85.05294175,86.51647666,87.67968082,88.647343,90.27542801,91.52641629,92.78867618,94.00783071
Individuals using the Internet (% of population),IT.NET.USER.ZS,Belize,BLZ,0,5.963835303,33.6,38.7,41.59,44.57574032,47.0826258,49.8,57.11844188,59.50638944,61.9941698,..
Individuals using the Internet (% of population),IT.NET.USER.ZS,Benin,BEN,0,0.225247851,4.9,6,11.25498791,14.5,18.7,19,22.41593843,28.22915416,33.96533089,..
Individuals using the Internet (% of population),IT.NET.USER.ZS,Bermuda,BMU,0,42.94986002,95.3,96.8,98.32360965,98,98.37,..,..,..,..,..
Individuals using the Internet (% of population),IT.NET.USER.ZS,Bhutan,BTN,0,0.400944447,22.4,30.3,39.8,46.5,54.3,63.5,74.17944255,79.86984884,85.63688389,..
Individuals using the Internet (% of population),IT.NET.USER.ZS,Bolivia,BOL,0,1.442763585,36.99,34.6,37.49,39.6975146,43.83227607,44.2861422,47.47481911,59.94010155,65.9773785,..
Individuals using the Internet (% of population),IT.NET.USER.ZS,Bosnia and Herzegovina,BIH,0,1.08296075,48.52131417,49.91773243,52.6,60.25653543,64.89202051,70.12013504,69.94634763,73.21175294,75.67620138,78.8455371
Individuals using the Internet (% of population),IT.NET.USER.ZS,Botswana,BWA,0,2.902666622,30,36.74474744,37.31205037,39.36299738,41.41379464,58,64.82632542,72.74801998,73.5,..
Individuals using the Internet (% of population),IT.NET.USER.ZS,Brazil,BRA,0,2.870685159,51.04,54.55100188,58.32795173,60.87254007,67.47128452,70.43428254,73.91243991,81.34269353,80.68989314,80.52775094
Individuals using the Internet (% of population),IT.NET.USER.ZS,British Virgin Islands,VGB,0,..,..,..,..,77.70142968,77.70426829,..,..,..,..,..
Individuals using the Internet (% of population),IT.NET.USER.ZS,Brunei Darussalam,BRN,0,8.996284534,64.5,68.77,71.2,90,94.86669164,95,95,96.06912594,98.08,..
Individuals using the Internet (% of population),IT.NET.USER.ZS,Bulgaria,BGR,0,5.370923469,53.0615,55.49,56.65625161,59.82554766,63.41010138,64.78201069,67.94698094,70.16248359,75.27144583,79.12686326
Individuals using the Internet (% of population),IT.NET.USER.ZS,Burkina Faso,BFA,0,0.077080169,5,6,6.55,7.14,7.79,8.5,9.27180601,13.93797176,21.57982734,..
Individuals using the Internet (% of population),IT.NET.USER.ZS,Burundi,BDI,0,0.077248447,1.264218111,1.4,2,2.2,2.660748535,2.7,2.731443388,3.787954422,5.804921577,..
Individuals using the Internet (% of population),IT.NET.USER.ZS,Cabo Verde,CPV,0,1.822443852,37.5,40.26,42.68301416,50.32281787,57.16214635,59.5,61.94339776,63.16119125,69.76225648,..
Individuals using the Internet (% of population),IT.NET.USER.ZS,Cambodia,KHM,0,0.04702264,6,14,18,32.39845171,32.90027854,..,52.30587822,53.65076745,60.1524023,..
Individuals using the Internet (% of population),IT.NET.USER.ZS,Cameroon,CMR,0,0.252120078,10,16.21487223,18.3,20.6,23.20297197,29.7,36.5391824,45.52922268,45.60217394,..
Individuals using the Internet (% of population),IT.NET.USER.ZS,Canada,CAN,0.360999701,51.3,85.8,87.12,90,91.16,92.70137191,94.64,91.91289669,92.3,92.83401664,..
Individuals using the Internet (% of population),IT.NET.USER.ZS,Cayman Islands,CYM,0,..,71.4,74.1,77,79,81.06769325,..,..,..,..,..
Individuals using the Internet (% of population),IT.NET.USER.ZS,Central African Republic,CAF,0,0.053394174,2.5,2.7,2.9,3.1,4,5.1,7.509161449,8.565672483,10.58263964,..
Individuals using the Internet (% of population),IT.NET.USER.ZS,Chad,TCD,0,0.035707076,2.5,2.9,3.5,5.8,7.4,8,8.364171285,11.66019198,17.8688792,..
Individuals using the Internet (% of population),IT.NET.USER.ZS,Channel Islands,CHI,..,..,..,..,..,..,..,..,..,..,..,..
Individuals using the Internet (% of population),IT.NET.USER.ZS,Chile,CHL,0,16.6,58,61.11,76.62959195,83.55858602,82.32748693,84.9,85.01758384,86.37099516,90.19336882,..
Individuals using the Internet (% of population),IT.NET.USER.ZS,China,CHN,0,1.775913207,45.8,47.9,50.3,53.2,54.3,59.2,64.0808813,70.05275998,73.0532414,75.61131603
Individuals using the Internet (% of population),IT.NET.USER.ZS,Colombia,COL,0,2.207532993,51.7,52.57,55.90497251,58.13649357,62.25988032,64.12637682,65.00690072,69.79533474,73.02837449,72.79637704
Individuals using the Internet (% of population),IT.NET.USER.ZS,Comoros,COM,0,0.271740607,6.5,6.98,7.459161386,7.938322771,8.478170295,..,16.38375122,21.16321517,27.33694319,..
Individuals using the Internet (% of population),IT.NET.USER.ZS,"Congo, Dem. Rep.",COD,0,0.005902114,2.2,3,3.799999507,6.20997406,8.619904916,11.7,16.48118911,22.86494849,22.90158489,..
Individuals using the Internet (% of population),IT.NET.USER.ZS,"Congo, Rep.",COG,0,0.026354732,6.6,7.11,7.615974662,8.121949323,8.65,..,..,..,..,..
Individuals using the Internet (% of population),IT.NET.USER.ZS,Costa Rica,CRI,0,5.800253023,45.96,53,59.76295014,65.88044919,71.58166462,73.47972844,81.20259644,80.53018608,82.74901607,82.59801121
Individuals using the Internet (% of population),IT.NET.USER.ZS,Cote d'Ivoire,CIV,0,0.231461671,6.6,10,16.7,41.20781493,43.83992085,37.54653613,36.28895457,41.3736053,45.42553268,35.47812105
Individuals using the Internet (% of population),IT.NET.USER.ZS,Croatia,HRV,0,6.644882544,66.7476,68.57,69.84503592,72.69726967,67.09619204,75.29462599,79.07978368,78.32090004,81.25396608,82.07154778
Individuals using the Internet (% of population),IT.NET.USER.ZS,Cuba,CUB,0,0.541182549,27.93,29.07018437,37.30509742,42.97867519,57.14840432,62.67892362,67.97080866,71.11907507,71.11907507,..
Individuals using the Internet (% of population),IT.NET.USER.ZS,Curacao,CUW,..,..,..,..,..,61.85551074,68.12721625,..,..,..,..,..
Individuals using the Internet (% of population),IT.NET.USER.ZS,Cyprus,CYP,0,15.25539437,65.4548,69.33,71.71574092,75.9002054,80.74318897,84.43358252,86.06362996,90.80194644,90.75951564,89.60095366
Individuals using the Internet (% of population),IT.NET.USER.ZS,Czechia,CZE,0,9.780527888,74.1104,74.23171164,75.6688387,76.4811987,78.71917285,80.68816754,80.86694441,81.33889705,82.67062427,84.54009378
Individuals using the Internet (% of population),IT.NET.USER.ZS,Denmark,DNK,0.097277268,39.17243086,94.6297,95.99,96.33050162,96.96778525,97.09936216,97.31920437,98.04643475,96.54914573,98.8658506,97.86011812
Individuals using the Internet (% of population),IT.NET.USER.ZS,Djibouti,DJI,0,0.194500528,12.7,17,22.9,30.8,55.68140925,58,59.34196605,61.26152265,68.86318451,..
Individuals using the Internet (% of population),IT.NET.USER.ZS,Dominica,DMA,0,8.814844198,51,57.5,65,67.03,69.61966879,..,73.38194848,77.0650479,80.93300506,..
Individuals using the Internet (% of population),IT.NET.USER.ZS,Dominican Republic,DOM,0,3.704692356,45.9,49.58,54.21576634,63.87086474,67.57124533,74.82204836,79.71545398,82.19830578,85.24298638,..
Individuals using the Internet (% of population),IT.NET.USER.ZS,Ecuador,ECU,0,1.462188536,40.27912194,45.59039067,48.94043379,54.06292473,55.8,57.5,59.2,70.7,76.20289766,69.71811352
Individuals using the Internet (% of population),IT.NET.USER.ZS,"Egypt, Arab Rep.",EGY,0,0.641265038,29.4,33.89460391,37.81938343,41.24806709,44.95020425,46.92433677,57.2828664,71.91420096,72.06,72.19806524
Individuals using the Internet (% of population),IT.NET.USER.ZS,El Salvador,SLV,0,1.177397269,23.1093,24.76171215,26.80260496,28.99707305,33.8207289,43.8,50.49119407,54.60136976,62.88028717,..
Individuals using the Internet (% of population),IT.NET.USER.ZS,Equatorial Guinea,GNQ,0,0.132354665,16.4,18.86,21.3199999,23.7799999,26.239999,..,49.13366302,53.83614077,53.92240217,..
Individuals using the Internet (% of population),IT.NET.USER.ZS,Eritrea,ERI,0,0.136711941,0.9,0.99,1.083733116,1.17711872,1.30890698,..,8.832308384,14.17998705,21.73038628,..
Individuals using the Internet (% of population),IT.NET.USER.ZS,Estonia,EST,0,28.57695381,80.0043,84.24152803,88.4097035,87.24023275,88.10245687,89.35700777,90.2289282,89.05828666,90.97970174,91.02128973
Individuals using the Internet (% of population),IT.NET.USER.ZS,Eswatini,SWZ,0,0.926191777,24.7,25,25.64304231,28.57,35.3,43.7,54.0343672,56.42093688,58.91291568,..
Individuals using the Internet (% of population),IT.NET.USER.ZS,Ethiopia,ETH,0,0.015263767,4.6,7.7,13.85517556,15.36692386,15.6,15.9,16.15232553,16.42294727,16.6981031,..
Individuals using the Internet (% of population),IT.NET.USER.ZS,Faroe Islands,FRO,0,32.91639236,90,93.3,94.2,95.10868167,97.58195894,..,..,..,..,..
Individuals using the Internet (% of population),IT.NET.USER.ZS,Fiji,FJI,0,1.496854734,35.2,37.4,42.5,49.42,65.78,68.9,77.18669679,84.8767809,87.65996651,..
Individuals using the Internet (% of population),IT.NET.USER.ZS,Finland,FIN,0.40108767,37.24846174,91.5144,86.53039275,86.42213333,87.70364996,87.46892907,88.88996,89.60738511,92.17027106,92.80806082,92.98879471
Individuals using the Internet (% of population),IT.NET.USER.ZS,France,FRA,0.052777862,14.30792394,81.9198,83.75,78.00603771,79.26981132,80.50245972,82.04318678,83.33974409,84.70640914,86.09548575,85.33331549
Individuals using the Internet (% of population),IT.NET.USER.ZS,French Polynesia,PYF,0,6.357063545,56.8,60.68,64.56020975,68.44041949,72.70389531,..,..,..,..,..
Individuals using the Internet (% of population),IT.NET.USER.ZS,Gabon,GAB,0,1.216140618,30.53803344,38.07120929,45.78453653,48.05227375,50.32012015,59.6,68.68550299,70.78874796,71.74940641,..
Individuals using the Internet (% of population),IT.NET.USER.ZS,"Gambia, The",GMB,0,0.921794919,14,15.56,17.6,19.9,22.5,25.5,28.80487199,31.60419095,32.96228971,..
Individuals using the Internet (% of population),IT.NET.USER.ZS,Georgia,GEO,0,0.484746299,43.3,44,47.56975964,58.45928961,59.7055046,62.7179082,68.84671356,72.53157487,76.44271451,78.71127536
Individuals using the Internet (% of population),IT.NET.USER.ZS,Germany,DEU,0.125892223,30.2163466,84.17,86.19,87.58979935,84.16520664,84.3941537,87.03711209,88.13451691,89.81294133,91.43060973,91.62984383
Individuals using the Internet (% of population),IT.NET.USER.ZS,Ghana,GHA,0,0.153615298,15,19,23,28,37.88415262,43,45.00963073,56.68215981,68.2,..
Individuals using the Internet (% of population),IT.NET.USER.ZS,Gibraltar,GIB,0,19.13163812,..,..,..,94.44447158,..,..,..,..,..,..
Individuals using the Internet (% of population),IT.NET.USER.ZS,Greece,GRC,0,9.138837308,59.8663,63.21,66.83495949,69.08791547,69.89297065,72.23837339,75.67120669,78.11584474,78.49426371,83.17066333
Individuals using the Internet (% of population),IT.NET.USER.ZS,Greenland,GRL,0,31.74781123,65.8,66.7,67.60044348,68.50087368,69.48246178,..,..,..,..,..
Individuals using the Internet (% of population),IT.NET.USER.ZS,Grenada,GRD,0,4.063907991,35,51.6,52.5,53.3,54.2,61.4,69.61219021,74.72185387,77.76723663,..
Individuals using the Internet (% of population),IT.NET.USER.ZS,Guam,GUM,0,16.11312704,65.4,69.27,73.13999995,77.00999989,80.50546556,..,..,..,..,..
Individuals using the Internet (% of population),IT.NET.USER.ZS,Guatemala,GTM,0,0.712332905,19.7,23.4,28.80594156,34.50932609,37.9,41.5,44.40104984,47.51234167,50.84164945,..
Individuals using the Internet (% of population),IT.NET.USER.ZS,Guinea,GIN,0,0.095424924,4.5,6.4,9.2,13.1,18.7,21.83002304,23.36626025,28.8232306,34.68012393,..
Individuals using the Internet (% of population),IT.NET.USER.ZS,Guinea-Bissau,GNB,0,0.230103171,3.1,3.32,6.1,13.8,14.8,15.7,22.92009029,27.90528061,35.15498736,..
Individuals using the Internet (% of population),IT.NET.USER.ZS,Guyana,GUY,0,0.6,31,32,34,35.66,37.32583679,..,78.63994332,81.8019792,84.79357266,..
Individuals using the Internet (% of population),IT.NET.USER.ZS,Haiti,HTI,0,0.231270715,10.6,11.4,14.2,22.8,27.2,32.47362713,32.47362713,36.39474796,38.94501834,..
Individuals using the Internet (% of population),IT.NET.USER.ZS,Honduras,HND,0,1.203855999,17.8,23,27.1,29.52821808,31.73579247,36.04006082,39.38835219,43.48954646,48.08351858,..
Individuals using the Internet (% of population),IT.NET.USER.ZS,"Hong Kong SAR, China",HKG,0,27.82776068,74.2,79.86627043,84.94835296,87.47941467,89.41594465,90.50739533,91.74340039,92.41313602,93.08715788,95.61357052
Individuals using the Internet (% of population),IT.NET.USER.ZS,Hungary,HUN,0,6.999676351,72.6439,75.65319745,72.83473703,79.25941213,76.75054712,76.07436064,80.37169361,84.77115202,88.64083466,90.46084106
Individuals using the Internet (% of population),IT.NET.USER.ZS,Iceland,ISL,0,44.47053382,96.5468,98.16,98.2,98.2400163,98.25520119,99.01095399,99.50494117,99.5327519,99.68701957,..
Individuals using the Internet (% of population),IT.NET.USER.ZS,India,IND,0,0.52753245,12.3,13.5,14.9,16.5,18.2,20.08130004,29.52351142,43.40544313,46.31,..
Individuals using the Internet (% of population),IT.NET.USER.ZS,Indonesia,IDN,0,0.925563864,14.94,17.14,22.0627426,25.4473537,32.33580625,39.90463864,47.69064898,53.72649449,62.10447842,66.48461277
Individuals using the Internet (% of population),IT.NET.USER.ZS,"Iran, Islamic Rep.",IRN,0,0.93419002,29.95,39.35,45.33497615,53.22677167,64.04397362,70.200565,72.45090477,75.56986637,78.5957366,..
Individuals using the Internet (% of population),IT.NET.USER.ZS,Iraq,IRQ,0,..,9.2,13.21,15.2,19.9,26,33.9,44.32634655,45.7863696,48.91718718,78.71561135
Individuals using the Internet (% of population),IT.NET.USER.ZS,Ireland,IRL,0,17.85046724,78.2477,83.49172234,83.49479167,83.5,84.11400706,87.00014011,87.00005524,91.99989097,95.16956667,..
Individuals using the Internet (% of population),IT.NET.USER.ZS,Isle of Man,IMN,..,..,..,..,..,..,..,..,..,..,..,..
Individuals using the Internet (% of population),IT.NET.USER.ZS,Israel,ISR,0.110773866,20.87379,70.25031195,75.01775316,77.35208966,79.65312418,81.58118359,83.73315696,86.78787762,90.12734091,90.29689758,..
Individuals using the Internet (% of population),IT.NET.USER.ZS,Italy,ITA,0.017544562,23.11087424,58.4593,55.63846022,58.14173496,61.32425277,63.077347,74.38718292,67.85071029,70.48342785,74.8623274,85.06074504
Individuals using the Internet (% of population),IT.NET.USER.ZS,Jamaica,JAM,0,3.115778027,37.1,40.4027351,42.22122119,44.36685637,55.07206705,68.21451709,70.84101697,79.43244028,82.36071561,..
Individuals using the Internet (% of population),IT.NET.USER.ZS,Japan,JPN,0.020293683,29.99074036,88.21942891,89.10683302,91.05802839,93.18272128,91.72654724,88.74635089,92.73039781,90.21945812,82.91407928,..
Individuals using the Internet (% of population),IT.NET.USER.ZS,Jordan,JOR,0,2.623275422,41.4,46.2,54.22,56.15,64.5,65.2,70.08467395,75.44769493,85.999997,..
Individuals using the Internet (% of population),IT.NET.USER.ZS,Kazakhstan,KAZ,0,0.668594403,63.30422443,66,70.8299336,74.58772647,76.42674823,78.90391906,81.87762047,85.94259898,90.9239507,92.29685266
Individuals using the Internet (% of population),IT.NET.USER.ZS,Kenya,KEN,0,0.318059714,13,16.5,16.58785485,16.6,17.82710021,19.5,22.66877336,25.53293999,28.75752799,..
Individuals using the Internet (% of population),IT.NET.USER.ZS,Kiribati,KIR,0,1.785225474,11.5,12.25,14.9,19.41939784,25.30959816,32.9863863,42.99166167,45.14804292,53.6270365,..
Individuals using the Internet (% of population),IT.NET.USER.ZS,"Korea, Dem. People's Rep.",PRK,0,0,0,..,..,..,..,..,..,..,..,..
Individuals using the Internet (% of population),IT.NET.USER.ZS,"Korea, Rep.",KOR,0.023265092,44.7,84.77,87.55682649,89.8962558,92.84302568,95.06942188,96.02285958,96.15757918,96.50506052,97.57132662,97.16855413
Individuals using the Internet (% of population),IT.NET.USER.ZS,Kosovo,XKX,..,..,..,..,..,..,83.89359681,89.44303197,..,..,..,..
Individuals using the Internet (% of population),IT.NET.USER.ZS,Kuwait,KWT,0,6.731395768,75.46,78.7,82,85.6,97.99998933,99.59884959,99.54267645,99.10587017,99.7,..
Individuals using the Internet (% of population),IT.NET.USER.ZS,Kyrgyz Republic,KGZ,0,1.041401145,23,28.3,30.24704278,40.5,50.8,57.1,64.1,72,77.92035931,..
Individuals using the Internet (% of population),IT.NET.USER.ZS,Lao PDR,LAO,0,0.111044032,12.5,14.26,18.2,21.87,25.51043508,36.3,47.03225806,54,62,..
Individuals using the Internet (% of population),IT.NET.USER.ZS,Latvia,LVA,0,6.319062083,75.2344,75.83,79.20058292,79.84209778,80.114077,83.57717486,86.13545644,88.89796078,91.17964988,91.03009059
Individuals using the Internet (% of population),IT.NET.USER.ZS,Lebanon,LBN,0,7.952743736,70.5,73,74,76.11,78.18077489,80.9,79.7588832,83.1038168,86.58903046,..
Individuals using the Internet (% of population),IT.NET.USER.ZS,Lesotho,LSO,0,0.21180607,15,22,25,32.45385695,39,40.8,42.30173357,42.85616632,47.98299869,..
Individuals using the Internet (% of population),IT.NET.USER.ZS,Liberia,LBR,0,0.017702706,3.2,5.41,10,15.7,16.3,18.9,23.48259047,27.95308059,33.63315905,..
Individuals using the Internet (% of population),IT.NET.USER.ZS,Libya,LBY,0,0.187042622,16.5,17.76,..,..,..,..,..,..,..,..
Individuals using the Internet (% of population),IT.NET.USER.ZS,Liechtenstein,LIE,0,36.51522989,93.8,95.21,96.6411951,98.09390389,99.54661245,..,93.14608695,94.34995199,95.56937637,..
Individuals using the Internet (% of population),IT.NET.USER.ZS,Lithuania,LTU,0,6.427067495,68.4529,72.13,71.37805901,74.37664556,77.61525651,79.72258277,81.58186838,83.05554724,86.93054425,87.72420219
Individuals using the Internet (% of population),IT.NET.USER.ZS,Luxembourg,LUX,0,22.88732797,93.7765,94.67,96.37671417,98.13669867,97.36296032,97.06129871,97.12063569,98.45962893,98.66086333,98.24203749
Individuals using the Internet (% of population),IT.NET.USER.ZS,"Macao SAR, China",MAC,0,13.60858974,65.8,69.78,77.60013186,81.64298546,83.17408907,83.79408961,86.46792571,88.33262029,88.46810492,..
Individuals using the Internet (% of population),IT.NET.USER.ZS,Madagascar,MDG,0,0.196394691,3,3.7,4.17397219,4.713662899,6.4,8.7,11.83136182,13.71677775,19.73016812,..
Individuals using the Internet (% of population),IT.NET.USER.ZS,Malawi,MWI,0,0.126780945,5.05,5.83,6,6.3,7,8,13.43919985,18.92676996,24.40560063,..
Individuals using the Internet (% of population),IT.NET.USER.ZS,Malaysia,MYS,0,21.38473116,57.05751226,63.66542588,71.06406781,78.78830993,80.14047901,81.20104862,84.18714501,89.55501192,96.7514278,97.3986404
Individuals using the Internet (% of population),IT.NET.USER.ZS,Maldives,MDV,0,2.203872939,44.1,49.28,54.46195515,59.5,65,70.9,77.46966424,77.58622488,85.76058262,..
Individuals using the Internet (% of population),IT.NET.USER.ZS,Mali,MLI,0,0.142545755,3.5,7,10.33,14,18.9,21.4,22.31109004,27.85653831,34.49,..
Individuals using the Internet (% of population),IT.NET.USER.ZS,Malta,MLT,0,13.11370871,68.9138,73.17,75.96001898,78.0751488,81.01191108,81.65804429,85.77859638,86.85876183,87.46977522,91.54075982
Individuals using the Internet (% of population),IT.NET.USER.ZS,Marshall Islands,MHL,0,1.534271796,14,16.8,19.2824418,29.78777936,38.70116262,..,..,..,..,..
Individuals using the Internet (% of population),IT.NET.USER.ZS,Mauritania,MRT,0,0.192031462,6.2,11.8,17.6,24.1,24.2,35.1,42.32068274,53.51699827,58.75818983,..
Individuals using the Internet (% of population),IT.NET.USER.ZS,Mauritius,MUS,0,7.281535115,40.11682514,44.80327537,50.13931848,52.19132594,55.4032403,58.5961697,61.72995515,64.88490358,67.58,..
Individuals using the Internet (% of population),IT.NET.USER.ZS,Mexico,MEX,0,5.081384153,43.46,44.39,57.43104299,59.540446,53.03178861,56.6595668,69.63210927,71.49017499,75.62650476,..
Individuals using the Internet (% of population),IT.NET.USER.ZS,"Micronesia, Fed. Sts.",FSM,0,3.734862137,27.8,29.65,31.50108128,33.35216255,35.30405287,..,39.85125701,40.12946709,40.40961941,..
Individuals using the Internet (% of population),IT.NET.USER.ZS,Moldova,MDA,0,1.282846417,37.44,40.5,43.1,46.7,49.9,50.3,57.76048611,59.15294877,61.28776161,..
Individuals using the Internet (% of population),IT.NET.USER.ZS,Monaco,MCO,0,42.18486345,90.7,92.4,93.36330202,95.20817797,97.05297684,..,83.33974409,84.70640914,86.09548575,..
Individuals using the Internet (% of population),IT.NET.USER.ZS,Mongolia,MNG,0,1.255652004,17.69998424,19.94244743,22.50000413,22.2657705,23.71426517,47.13000188,51.07999408,65.63058022,81.60682285,..
Individuals using the Internet (% of population),IT.NET.USER.ZS,Montenegro,MNE,..,..,60.31,61,68.11978601,69.88164684,71.27233254,71.51710049,73.47666575,77.60879306,82.21969752,88.22192026
Individuals using the Internet (% of population),IT.NET.USER.ZS,Morocco,MAR,0,0.693791245,56,56.8,57.07999935,58.27123642,61.76221201,64.80386519,84.12036305,84.12036305,88.13031937,..
Individuals using the Internet (% of population),IT.NET.USER.ZS,Mozambique,MOZ,0,0.10959253,5.5,6,6.5,7,7.796326608,10.9,14.63855268,16.31226657,17.37283681,..
Individuals using the Internet (% of population),IT.NET.USER.ZS,Myanmar,MMR,0,..,1.8,7.4,10.9,16,23.62108195,28.7,30.63536537,41.95429049,44.02167324,..
Individuals using the Internet (% of population),IT.NET.USER.ZS,Namibia,NAM,0,1.644739547,13.9,14.84,25.68785182,31.03334594,36.83740647,40,44.8268148,48.76420428,52.9734788,..
Individuals using the Internet (% of population),IT.NET.USER.ZS,Nauru,NRU,0,..,..,..,..,..,62.38512451,..,74.73791894,76.6826512,83.93521594,..
Individuals using the Internet (% of population),IT.NET.USER.ZS,Nepal,NPL,0,0.204651684,13.3,15.44,17.58161801,20.7,24.3,28.6,34.80551799,45.84615896,51.63135772,..
Individuals using the Internet (% of population),IT.NET.USER.ZS,Netherlands,NLD,0.334386942,43.98435137,93.9564,91.666666,91.72413793,90.4109589,93.19727891,91.89189189,93.2885906,91.33333333,92.05298013,92.51968504
Individuals using the Internet (% of population),IT.NET.USER.ZS,New Caledonia,NCL,0,13.93954882,66,70,74.00175279,..,82.0058408,..,..,..,..,..
Individuals using the Internet (% of population),IT.NET.USER.ZS,New Zealand,NZL,0,47.37955654,82.78,84,85.2,86.5,87.7,89,89.86372003,92.8650738,95.91020269,..
Individuals using the Internet (% of population),IT.NET.USER.ZS,Nicaragua,NIC,0,0.980216487,15.5,17.6,19.7042915,24.57183396,30.4,37.6,44.91635601,53.4046527,57.14684935,..
Individuals using the Internet (% of population),IT.NET.USER.ZS,Niger,NER,0,0.036261294,1.15,1.248675689,2.476219975,4.32275803,10.22431156,..,16.61190218,21.46379477,22.38613931,..
Individuals using the Internet (% of population),IT.NET.USER.ZS,Nigeria,NGA,0,0.064080808,19.1,21,24.5,28.5,33.2,38.7,45.03137342,51.45837417,55.36371347,..
Individuals using the Internet (% of population),IT.NET.USER.ZS,North Macedonia,MKD,0,2.485566316,65.24,68.06,70.38020308,72.15681447,74.51682418,79.16775519,81.41288276,81.40553811,83.01821027,..
Individuals using the Internet (% of population),IT.NET.USER.ZS,Northern Mariana Islands,MNP,0,..,..,..,..,..,..,..,..,..,..,..
Individuals using the Internet (% of population),IT.NET.USER.ZS,Norway,NOR,0.707299448,52,95.0534,96.3,96.81032569,97.29820367,96.3576013,96.49165799,98.00000439,94.60755647,99.0000036,98.99997764
Individuals using the Internet (% of population),IT.NET.USER.ZS,Oman,OMN,0,3.520421417,66.45,70.22,73.53,76.84539047,80.18563573,85.5,90.25944052,95.23229321,96.38007504,..
Individuals using the Internet (% of population),IT.NET.USER.ZS,Pakistan,PAK,0,..,9,10,11,12.38544676,13.78,15.34,17.07090172,18.93481469,21.0372074,..
Individuals using the Internet (% of population),IT.NET.USER.ZS,Palau,PLW,0,..,..,..,..,..,..,..,..,..,..,..
Individuals using the Internet (% of population),IT.NET.USER.ZS,Panama,PAN,0,6.554796477,44.03,44.92,51.20542499,54,59.9506309,61.80553132,63.62841477,65.54188027,67.509728,..
Individuals using the Internet (% of population),IT.NET.USER.ZS,Papua New Guinea,PNG,0,0.835249302,5.1,6.5,7.9,9.601538462,11.20919659,..,19.97827095,27.73001017,32.05416291,..
Individuals using the Internet (% of population),IT.NET.USER.ZS,Paraguay,PRY,0,0.747630712,36.9,43,49.71630466,53.40412748,61.07575622,64.99354302,68.51762842,73.95751114,77.01838621,76.25916611
Individuals using the Internet (% of population),IT.NET.USER.ZS,Peru,PER,0,3.076430611,39.2,40.2,40.85260091,45.46174069,50.45041218,55.05433424,59.9505036,65.25179796,71.10782643,74.67495125
Individuals using the Internet (% of population),IT.NET.USER.ZS,Philippines,PHL,0,1.982253196,32.7,34.7,36.9,39.2,41.6,44.1,43.02661187,47.11190815,52.67573808,..
Individuals using the Internet (% of population),IT.NET.USER.ZS,Poland,POL,0,7.285428708,62.8492,66.6,67.99698716,73.3007041,75.98536595,77.54173454,80.43590688,83.18488715,85.37490906,86.94113568
Individuals using the Internet (% of population),IT.NET.USER.ZS,Portugal,PRT,0,16.43046769,62.0956,64.59,68.63286148,70.42356709,73.79121395,74.66096815,75.34637794,78.26166044,82.30902804,84.49690644
Individuals using the Internet (% of population),IT.NET.USER.ZS,Puerto Rico,PRI,0,10.47464821,68.99999,69,63.46633538,68.6438072,68.74077314,70.85639974,77.73643937,..,84.78666399,..
Individuals using the Internet (% of population),IT.NET.USER.ZS,Qatar,QAT,0,4.863679179,85.3,91.49,92.88482645,95.12466217,97.38884917,99.65284913,99.65280421,99.65284913,100,..
Individuals using the Internet (% of population),IT.NET.USER.ZS,Romania,ROU,0,3.613717291,49.7645,54.08,55.76315563,59.50395129,63.74728218,70.68127793,73.65747575,78.45526895,83.5904265,85.50309124
Individuals using the Internet (% of population),IT.NET.USER.ZS,Russian Federation,RUS,0,1.977230109,67.97,70.52,70.09924123,73.09143462,76.00813853,80.86472187,82.64216187,84.99466978,88.21384578,90.41799163
Individuals using the Internet (% of population),IT.NET.USER.ZS,Rwanda,RWA,0,0.06283146,9,10.6,12.5,14.6,17.2,19.2,21.35801007,23.8,30.46181693,..
Individuals using the Internet (% of population),IT.NET.USER.ZS,Samoa,WSM,0,0.566392533,15.3,21.2,25.40700977,31.7,39.4,49.1,61.21060766,69.20598813,78.24573185,..
Individuals using the Internet (% of population),IT.NET.USER.ZS,San Marino,SMR,0,48.79949531,..,..,..,..,60.18230126,..,67.85071029,70.48342785,74.8623274,..
Individuals using the Internet (% of population),IT.NET.USER.ZS,Sao Tome and Principe,STP,0,4.638516816,23,24.41,25.82,28,29.9312292,30.081,30.23161545,40.31067242,51.20409155,..
Individuals using the Internet (% of population),IT.NET.USER.ZS,Saudi Arabia,SAU,0,2.210691809,60.5,64.71365737,69.6162358,74.87927469,94.17559961,93.31000185,95.7247356,97.8623325,100,100
Individuals using the Internet (% of population),IT.NET.USER.ZS,Senegal,SEN,0,0.403967486,13.1,17.7,21.7,25.66476804,29.64312367,35.3,36.23662727,47.17942509,58.05481906,..
Individuals using the Internet (% of population),IT.NET.USER.ZS,Serbia,SRB,..,..,53.45036418,62.07508046,65.3170254,67.05684137,70.33083553,73.36070915,77.41677362,78.36804864,81.16588116,83.53825397
Individuals using the Internet (% of population),IT.NET.USER.ZS,Seychelles,SYC,0,7.395629183,50.4,51.25470199,54.25961786,56.51470815,58.76981124,70.1,74.75631315,75.46919577,81.59307191,..
Individuals using the Internet (% of population),IT.NET.USER.ZS,Sierra Leone,SLE,0,0.118254246,4,6.057298984,6.344421603,11.77318438,13.23693043,15.8,16.8,18,..,..
Individuals using the Internet (% of population),IT.NET.USER.ZS,Singapore,SGP,0,36,80.90205685,82.1,83.2,84.45226789,84.45226789,88.16563603,88.94925269,92.00434653,96.92468156,95.95386476
Individuals using the Internet (% of population),IT.NET.USER.ZS,Sint Maarten (Dutch part),SXM,..,..,..,..,..,..,..,..,..,..,..,..
Individuals using the Internet (% of population),IT.NET.USER.ZS,Slovak Republic,SVK,0,9.426803201,77.8826,79.98,77.63468203,80.47585728,81.62566752,80.44892248,82.8536605,89.92090413,88.92560523,..
Individuals using the Internet (% of population),IT.NET.USER.ZS,Slovenia,SVN,0,15.11025956,72.6756,71.59,73.09865997,75.49850426,78.88542636,79.7499766,83.1083578,86.60130109,89.00399524,88.91242151
Individuals using the Internet (% of population),IT.NET.USER.ZS,Solomon Islands,SLB,0,0.481296806,8,9,10.00046498,11.00090227,11.92422906,..,28.19552918,35.88145793,36.131954,..
Individuals using the Internet (% of population),IT.NET.USER.ZS,Somalia,SOM,0,0.02,1.5,1.63,1.76,1.88,2.004048698,..,..,..,..,..
Individuals using the Internet (% of population),IT.NET.USER.ZS,South Africa,ZAF,0,5.348559732,46.5,49,51.91911572,54,56.16739447,62.4,69.69687508,70.32030996,72.310492,..
Individuals using the Internet (% of population),IT.NET.USER.ZS,South Sudan,SSD,..,..,2.2,2.6,3,3.5,4.1,4.8,5.6,6.5,..,..
Individuals using the Internet (% of population),IT.NET.USER.ZS,Spain,ESP,0.012873564,13.62496081,71.635,76.19,78.68963187,80.56133294,84.6022457,86.10723553,90.71866533,93.20564892,93.89752157,94.4855432
Individuals using the Internet (% of population),IT.NET.USER.ZS,Sri Lanka,LKA,0,0.647410011,..,10.5,15.26,22.19,32.25,46.9,50.68732735,36.18473435,44.45308724,..
Individuals using the Internet (% of population),IT.NET.USER.ZS,St. Kitts and Nevis,KNA,0,5.86281024,64.6,68,75.7,76.81767491,80.71019081,..,79.78450689,80.35854111,79.47306769,..
Individuals using the Internet (% of population),IT.NET.USER.ZS,St. Lucia,LCA,0,5.090483341,49.4,53.2,57.3,61.7,66.4,71.5,76.98385013,77.53773417,78.09560329,..
Individuals using the Internet (% of population),IT.NET.USER.ZS,St. Martin (French part),MAF,..,..,..,..,..,..,..,..,..,..,..,..
Individuals using the Internet (% of population),IT.NET.USER.ZS,St. Vincent and the Grenadines,VCT,0,3.245037411,43.5,47.4,49.4,51.5,53.7,56,73.96834305,80.429529,84.91281395,..
Individuals using the Internet (% of population),IT.NET.USER.ZS,Sudan,SDN,0,0.025785032,..,..,..,14.09999994,18.6,24.6,25.9,28.4,..,..
Individuals using the Internet (% of population),IT.NET.USER.ZS,Suriname,SUR,0,2.506411052,37.4,40.08,42.76382778,45.4,48.94517397,53.8,56.80248377,62.08563779,65.93980141,..
Individuals using the Internet (% of population),IT.NET.USER.ZS,Sweden,SWE,0.584192066,45.68765221,94.7836,92.52,90.61019664,89.65094761,93.00626697,89.24696316,94.49344341,94.53943122,94.6703163,95.00970335
Individuals using the Internet (% of population),IT.NET.USER.ZS,Switzerland,CHE,0.595714223,47.1,86.34,87.4,87.4790556,89.13468774,89.68614767,91.8,93.14608695,94.34995199,95.56937168,..
Individuals using the Internet (% of population),IT.NET.USER.ZS,Syrian Arab Republic,SYR,0,0.18169858,26.2,28.09,29.97979724,31.86962727,32.7,33.77,34.65,35.78,..,..
Individuals using the Internet (% of population),IT.NET.USER.ZS,Tajikistan,TJK,0,0.048599595,16,17.49,18.98,20.47,21.96,..,..,..,..,..
Individuals using the Internet (% of population),IT.NET.USER.ZS,Tanzania,TZA,0,0.11719444,4.4,7,10,13.50423285,15.99999943,17.1,18.27725712,23.44750876,31.63313086,..
Individuals using the Internet (% of population),IT.NET.USER.ZS,Thailand,THA,0,3.689041279,28.94,34.89,39.31612674,47.50496562,52.89192934,56.81748093,66.65241946,77.84374066,85.26956666,87.97728101
Individuals using the Internet (% of population),IT.NET.USER.ZS,Timor-Leste,TLS,0,..,11,17.5,18.6,21.2,24.2,27.6,28.00455613,34.12927356,39.45131242,..
Individuals using the Internet (% of population),IT.NET.USER.ZS,Togo,TGO,0,0.8,4.5,5.7,7.12,11.31,12.36022497,15.5,20.72732716,29.07583302,34.98405528,..
Individuals using the Internet (% of population),IT.NET.USER.ZS,Tonga,TON,0,2.434398044,32.75396061,35.95444145,38.65127243,39.95,46.2,53.4,61.78962999,66.64843101,71.58657964,..
Individuals using the Internet (% of population),IT.NET.USER.ZS,Trinidad and Tobago,TTO,0,7.721411474,59.9,62.4,65.1,67.8,70.6,..,78.96497802,78.67115844,79,..
Individuals using the Internet (% of population),IT.NET.USER.ZS,Tunisia,TUN,0,2.750740293,43.8,46.16,46.49999434,49.59999484,55.50015506,64.19081023,66.6999983,72.80748713,78.98965145,..
Individuals using the Internet (% of population),IT.NET.USER.ZS,Turkiye,TUR,0,3.761685035,46.25,51.04,53.74497914,58.34773401,64.68461768,71.04276084,73.97670229,77.6695605,81.40843745,83.43716576
Individuals using the Internet (% of population),IT.NET.USER.ZS,Turkmenistan,TKM,0,0.133282183,9.6,12.2,14.99677482,17.99032446,21.25099741,..,..,..,..,..
Individuals using the Internet (% of population),IT.NET.USER.ZS,Turks and Caicos Islands,TCA,0,..,..,..,..,..,..,..,..,..,..,..
Individuals using the Internet (% of population),IT.NET.USER.ZS,Tuvalu,TUV,0,5.241639585,21.2,24.1,27.3,31,35.2,..,..,..,71.58657964,..
Individuals using the Internet (% of population),IT.NET.USER.ZS,Uganda,UGA,0,0.163714063,5.1,5.4,5.8,5.9,5.9,6,6.017815092,6.1,10.34242044,..
Individuals using the Internet (% of population),IT.NET.USER.ZS,Ukraine,UKR,0,0.716183762,40.954129,46.23597546,48.88464368,53.0009696,58.88947945,62.55315539,70.1248443,75.03790912,79.21829353,..
Individuals using the Internet (% of population),IT.NET.USER.ZS,United Arab Emirates,ARE,0,23.62530088,88,90.4,90.5,90.60000732,94.81992254,98.45000178,99.14999796,100,100,100
Individuals using the Internet (% of population),IT.NET.USER.ZS,United Kingdom,GBR,0.087355319,26.82175435,89.8441,91.61,92.00029987,94.77580063,90.42455049,90.69200899,92.51662855,94.81820132,96.68023657,..
Individuals using the Internet (% of population),IT.NET.USER.ZS,United States,USA,0.784728502,43.07916264,71.4,73,74.55420245,85.54442129,87.27488917,88.49890317,89.43028486,90.62047017,91.75320833,..
Individuals using the Internet (% of population),IT.NET.USER.ZS,Uruguay,URY,0,10.53905775,57.69,61.46,64.5707871,66.4,70.3223544,80.72684288,83.35153377,86.31019103,90.07384089,89.87304314
Individuals using the Internet (% of population),IT.NET.USER.ZS,Uzbekistan,UZB,0,0.484347308,26.8,35.5,42.8,46.79128694,48.69999885,55.20000067,70.39999865,71.09999824,76.59043014,..
Individuals using the Internet (% of population),IT.NET.USER.ZS,Vanuatu,VUT,0,2.108336891,11.3,18.8,22.35140458,24,30.8,39.5,50.73047713,53.27502287,66.33566871,..
Individuals using the Internet (% of population),IT.NET.USER.ZS,"Venezuela, RB",VEN,0,3.359597465,54.9,57,58,60,61.6,..,..,..,..,..
Individuals using the Internet (% of population),IT.NET.USER.ZS,Viet Nam,VNM,0,0.254248276,38.5,41,45,53,58.14,69.84792868,68.66158021,70.30000012,74.20999985,78.58999918
Individuals using the Internet (% of population),IT.NET.USER.ZS,Virgin Islands (U.S.),VIR,0,13.81508054,45.3,50.07,54.8391373,59.6083158,64.3774943,..,..,..,..,..
Individuals using the Internet (% of population),IT.NET.USER.ZS,West Bank and Gaza,PSE,0,1.111306207,46.6,53.67,56.7,59.9,63.3,64.39999371,70.6225837,76.01,81.83,88.64690554
Individuals using the Internet (% of population),IT.NET.USER.ZS,"Yemen, Rep.",YEM,0,0.082500387,20,22.55,24.08540947,24.57920836,26.71835477,..,..,..,..,..
Individuals using the Internet (% of population),IT.NET.USER.ZS,Zambia,ZMB,0,0.191071643,4.8,6.5,8.8,10.3,12.2,14.2999971,16.8,18.05191463,21.23153129,..
Individuals using the Internet (% of population),IT.NET.USER.ZS,Zimbabwe,ZWE,0,0.401433535,15.5,16.36473996,22.7428181,23.11998904,24.4,25,26.58827407,29.29856532,34.81397069,..
Individuals using the Internet (% of population),IT.NET.USER.ZS,Africa Eastern and Southern,AFE,0,0.77421755469409,10.1269454655226,12.2377157932034,14.4858491534531,15.753329822739,17.3109868719447,20.0630242595526,22.5895907084388,24.9884008681592,27.660653781351,..
Individuals using the Internet (% of population),IT.NET.USER.ZS,Africa Western and Central,AFW,0,0.139444898636359,12.5777557951493,14.923440708625,18.1094850427716,22.8697496052977,27.0812193846418,32.0893370172076,35.2764479325331,41.7498190724143,46.9904973070537,..
Individuals using the Internet (% of population),IT.NET.USER.ZS,Arab World,ARB,0,1.21705641649358,33.9101316977464,37.6559500541718,41.3816170535244,41.5291955662799,46.6646762508778,53.1981911718007,60.7310291575392,66.4403548592089,76.3090766510318,..
Individuals using the Internet (% of population),IT.NET.USER.ZS,Caribbean small states,CSS,0,4.27526801295961,45.157611799074,48.4690090248102,50.6767234779453,53.0423750182494,58.4640356067401,..,73.5996633099449,77.9611541668332,80.2735734143513,..
Individuals using the Internet (% of population),IT.NET.USER.ZS,Central Europe and the Baltics,CEB,0,7.05543729111849,63.4541012148942,66.4752221974224,67.3429671349962,71.3428544464196,73.4106382259526,75.9768506229148,78.7290721266809,81.7802404388489,84.7124111568503,86.2157207929884
Individuals using the Internet (% of population),IT.NET.USER.ZS,Early-demographic dividend,EAR,0.000260640455923781,1.22864084631417,18.962083176027,21.4347535381453,24.4198893347292,27.1275171973146,29.8971405948173,32.7502176080558,39.5918876242934,48.1769402184961,51.9495671351715,..
Individuals using the Internet (% of population),IT.NET.USER.ZS,East Asia & Pacific,EAS,0.00734823950366306,5.63798367692007,43.2619699298617,46.0587041746942,48.8624168529049,52.2355009679837,54.3766973575704,59.4315776741681,63.6674336468544,68.9010658015501,72.248260524265,76.1363201780398
Individuals using the Internet (% of population),IT.NET.USER.ZS,East Asia & Pacific (excluding high income),EAP,0,1.89206827505398,38.257882381854,41.1713473674279,44.1188770145273,47.6528246167361,50.0569097984477,55.7539557312295,60.2234487897779,66.1712959784691,70.2886714194544,75.2985288954391
Individuals using the Internet (% of population),IT.NET.USER.ZS,East Asia & Pacific (IDA & IBRD countries),TEA,0,1.91735171674583,38.7347318202187,41.1713473674279,44.1188770145273,47.6528246167361,50.056979390688,55.7539557312295,60.2235328543468,66.1713574946582,70.2887522977334,75.2985288954391
Individuals using the Internet (% of population),IT.NET.USER.ZS,Euro area,EMU,0.0726351179661414,22.4740885951831,75.8397673883295,77.0884578635576,77.4959155474625,77.9942346239735,79.6720363514538,83.0026189038934,83.401139814466,85.2948101641457,87.2919727176673,89.2969148863532
Individuals using the Internet (% of population),IT.NET.USER.ZS,Europe & Central Asia,ECS,0.0480308340883355,13.1269849570893,66.1819114590199,68.8333563643577,69.8809310797798,72.3127037995701,74.499557142523,78.9155582594146,81.2918949884948,83.7154126779128,86.5140159141463,88.1010298574095
Individuals using the Internet (% of population),IT.NET.USER.ZS,Europe & Central Asia (excluding high income),ECA,0,1.87179008075963,52.6783857183831,56.7145161403676,58.6032633019085,62.4048787150776,66.2981281439461,72.7511701346646,76.8699098568464,79.8946559821196,83.6088342308644,..
Individuals using the Internet (% of population),IT.NET.USER.ZS,Europe & Central Asia (IDA & IBRD countries),TEC,0,2.49890467085291,53.5578011067469,57.5597530689218,59.3850310123345,63.2978602831575,67.0101078043304,73.1000432935342,77.058319963708,80.101387193744,83.7383704910538,85.1977004501427
Individuals using the Internet (% of population),IT.NET.USER.ZS,European Union,EUU,0.0668585536740946,19.6563978609869,73.5875965192457,75.1709468103437,75.6587201893086,76.9099741593507,78.7026900523248,81.7418205830803,82.7518160253807,84.7698360892852,86.9709405997774,88.8507673474198
Individuals using the Internet (% of population),IT.NET.USER.ZS,Fragile and conflict affected situations,FCS,0,0.377039960573561,13.6307409034446,15.8278752122596,18.3922627201331,20.7278310730839,23.9414947447916,26.9774038045462,30.0507642882862,34.4256331730692,38.4399998197728,..
Individuals using the Internet (% of population),IT.NET.USER.ZS,Heavily indebted poor countries (HIPC),HPC,0,0.166352362628798,6.0194609894188,7.8852559383024,10.4275052998488,13.4651485943384,15.8413650779145,18.5419419831803,20.459006388263,24.5118439041819,28.4885178014036,..
Individuals using the Internet (% of population),IT.NET.USER.ZS,High income,HIC,0.252231105534774,29.8971352523743,76.2012435946273,77.8954578314778,79.3691617735742,83.7297663539817,85.3166481372617,86.9234438300146,88.2493515518063,89.4441958369981,90.1690025436563,..
Individuals using the Internet (% of population),IT.NET.USER.ZS,IBRD only,IBD,0,1.87153107733135,34.0072157192162,36.3752706095318,39.1766658403448,42.0791130421578,44.5743604241045,48.4058926197209,54.6886320189832,62.4665445771803,65.7960623896392,..
Individuals using the Internet (% of population),IT.NET.USER.ZS,IDA & IBRD total,IBT,0,1.55928525664945,28.0726119036862,30.3602922839194,32.9963546459614,35.7881541700854,38.2843583054585,42.1813649130802,47.467416536468,54.1936857999011,58.1564476314824,..
Individuals using the Internet (% of population),IT.NET.USER.ZS,IDA blend,IDB,0,..,14.1397575260793,16.3891707929366,18.7759595665854,21.1661665211777,23.8518605514878,27.7540984576486,32.1763396897933,36.2098396953946,39.3407954014584,..
Individuals using the Internet (% of population),IT.NET.USER.ZS,IDA only,IDX,0,0.149425562227229,6.77054332618893,9.46786670398138,11.8011728750772,15.4074316130424,18.1980179461823,20.8341014685981,23.565050801717,27.6089988477091,32.447262927779,..
Individuals using the Internet (% of population),IT.NET.USER.ZS,IDA total,IDA,0,0.166397072016145,9.33889492029588,11.8442930748988,14.1930727927621,17.3297834284384,20.0788523183779,23.2370730196411,26.5004819451927,30.5359485161424,34.9743237731516,..
Individuals using the Internet (% of population),IT.NET.USER.ZS,Late-demographic dividend,LTE,0,2.477377755585,48.0297469598474,50.7479519215402,53.3728172916007,56.7837950899934,59.1763510943964,63.982815089107,68.3551299033388,73.6584122996258,76.6878024113947,77.7090656649876
Individuals using the Internet (% of population),IT.NET.USER.ZS,Latin America & Caribbean,LCN,0,3.8756083069587,46.2625460441271,48.8103323120648,54.4019898268643,57.5443577864994,60.2624333811661,63.6041522773285,68.7508095209664,73.9130158428023,76.158222967072,..
Individuals using the Internet (% of population),IT.NET.USER.ZS,Latin America & Caribbean (excluding high income),LAC,0,3.35375778072142,45.1522649048478,47.7302169874854,53.3581292076205,56.4425206208319,59.3371016654244,62.7607863851765,68.0526445629684,73.4492316673034,75.5926170817201,..
Individuals using the Internet (% of population),IT.NET.USER.ZS,Latin America & the Caribbean (IDA & IBRD countries),TLA,0,3.8920368142382,46.4372975467738,49.0243584986515,54.6361547348161,57.7165560465349,60.2383934478557,63.5591042793063,68.6947401595784,73.948687268556,76.1885256148171,..
Individuals using the Internet (% of population),IT.NET.USER.ZS,Least developed countries: UN classification,LDC,0,0.0999375059934542,5.81303866802882,8.64132687070665,10.7336562177013,13.7115904277684,16.0161914013514,18.4960529187231,21.3811423148404,25.4639077117856,29.8007809391331,..
Individuals using the Internet (% of population),IT.NET.USER.ZS,Low & middle income,LMY,0,1.41944715166935,27.3829833012761,29.7778733140848,32.4098177877271,35.1907088391709,37.7269981624196,41.7445987709,47.0679738121492,53.8486923587418,57.8136939662694,..
Individuals using the Internet (% of population),IT.NET.USER.ZS,Low income,LIC,0,0.0787762125674839,5.50409122045338,7.12089971202439,9.07002826887622,10.857785612819,12.5371339775288,14.1552595574493,16.056665742265,18.7534518906154,19.9856952136064,..
Individuals using the Internet (% of population),IT.NET.USER.ZS,Lower middle income,LMC,0,0.54291045259511,16.0977398756942,18.5188218761091,20.7854820473987,23.8092437923359,26.6973223611,29.8073212148878,36.3986560286186,45.3947527088652,49.0122054671253,..
Individuals using the Internet (% of population),IT.NET.USER.ZS,Middle East & North Africa,MEA,0.00207254077112048,1.72761234076841,35.1520914658839,40.0795625737973,44.3547505007779,48.4087646520921,54.8835348260038,60.2258384817381,67.3339172996132,72.7892574698932,77.3735345396755,..
Individuals using the Internet (% of population),IT.NET.USER.ZS,Middle East & North Africa (excluding high income),MNA,0,0.870391748984154,29.6976203979222,34.7631527805877,39.0531534279351,43.1275616539071,48.6307007994428,54.2237870838703,62.2333761449135,68.3875779204055,73.4008135120552,..
Individuals using the Internet (% of population),IT.NET.USER.ZS,Middle East & North Africa (IDA & IBRD countries),TMN,0,0.867364674971887,29.4936729415444,34.5347066716139,38.8357626359332,42.9199062589646,48.44783980914,54.0850288300426,62.1181328821376,68.2819951963335,73.2758714240707,..
Individuals using the Internet (% of population),IT.NET.USER.ZS,Middle income,MIC,0,1.52810170338753,29.4658203144832,31.8508366191859,34.5771431510436,37.6551160974045,40.3200633663227,44.3124019776671,50.1379283556115,57.391573443817,60.9014316011129,..
Individuals using the Internet (% of population),IT.NET.USER.ZS,North America,NAC,0.742073243735228,43.8846553103943,72.8285798817087,74.4025684229669,76.0897390827157,86.1046615931719,87.8181718445366,89.1149711639375,89.6808050999081,90.7906948436444,91.8631322651679,..
Individuals using the Internet (% of population),IT.NET.USER.ZS,Not classified,INX,..,..,..,..,..,..,..,..,..,..,..,..
Individuals using the Internet (% of population),IT.NET.USER.ZS,OECD members,OED,0.234459168180993,26.977549284915,71.529156133675,73.1352703768472,75.678338922766,79.8591168820483,80.5102852474432,82.3916492310369,84.7769259893362,86.202730297753,87.3872008287036,..
Individuals using the Internet (% of population),IT.NET.USER.ZS,Other small states,OSS,0,5.31221054704077,35.4039987930709,39.422868378582,43.3716923471294,47.3771914478235,51.2720753504632,58.1751259103215,60.2242378204339,62.9561664522791,65.6681685051207,..
Individuals using the Internet (% of population),IT.NET.USER.ZS,Pacific island small states,PSS,0,1.4567183606461,21.9648244991384,24.6382986022511,27.8871235790206,31.942898513633,40.5441318037434,..,55.0301020420415,61.1660593404278,65.2370855292137,..
Individuals using the Internet (% of population),IT.NET.USER.ZS,Post-demographic dividend,PST,0.268184008278379,30.5391674566413,75.6969819554253,77.3696289268783,78.6799700498259,83.1812572109828,84.4115490599948,85.9799355897481,87.4699228389831,88.6226626949204,89.2868474051948,..
Individuals using the Internet (% of population),IT.NET.USER.ZS,Pre-demographic dividend,PRE,0,0.124009808614737,8.81810366428969,10.9052445728192,12.8868725637569,15.9076820863645,18.8202929515766,22.6731616873014,26.0474686567813,30.3722325314593,35.1730829175255,..
Individuals using the Internet (% of population),IT.NET.USER.ZS,Small states,SST,0,4.79832718514821,36.4194353921808,40.2043424032662,43.7717254007368,47.4698158396443,51.9021460547972,59.3202693782125,62.3039807098951,65.5084981405254,68.2178811901806,..
Individuals using the Internet (% of population),IT.NET.USER.ZS,South Asia,SAS,0,0.475420661844925,11.3030458223026,12.8305507094651,14.1987495019925,16.2037129165709,18.0122216824921,20.2264589070199,27.9903611896852,38.9761226897041,42.587264666832,..
Individuals using the Internet (% of population),IT.NET.USER.ZS,South Asia (IDA & IBRD),TSA,0,0.475420661844925,11.3030458223026,12.8305507094651,14.1987495019925,16.2037129165709,18.0122216824921,20.2264589070199,27.9903611896852,38.9761226897041,42.587264666832,..
Individuals using the Internet (% of population),IT.NET.USER.ZS,Sub-Saharan Africa,SSF,0,0.516909537706238,11.1593890969573,13.3689854263355,16.0117099299336,18.6363083075504,21.2702329020095,24.8252701975894,27.7649223441986,31.8242895064697,35.8617387329346,..
Individuals using the Internet (% of population),IT.NET.USER.ZS,Sub-Saharan Africa (excluding high income),SSA,0,0.51608145917158,11.1552596965179,13.3650541796102,16.0077986869433,18.6326338422342,21.2666441044274,24.8207955605029,27.7604633451257,31.8202099118751,35.8572855101176,..
Individuals using the Internet (% of population),IT.NET.USER.ZS,Sub-Saharan Africa (IDA & IBRD countries),TSS,0,0.516909537706239,11.1593890969573,13.3689854263355,16.0117099299336,18.6363083075504,21.2702329020095,24.8252701975894,27.7649223441986,31.8242895064697,35.8617387329346,..
Individuals using the Internet (% of population),IT.NET.USER.ZS,Upper middle income,UMC,0,2.39331538440819,43.5634122580291,46.1066431020146,49.4666579151593,52.7127167121665,55.2326225286102,60.1450292315003,65.3798011755797,70.8163216402756,74.3289906100026,76.3925728169767
Individuals using the Internet (% of population),IT.NET.USER.ZS,World,WLD,0.0488246930836708,6.74371951164793,35.6492575186719,37.8807809660353,40.2700586394911,43.2159802414783,45.5430731807617,49.1575632107554,53.7488843666031,59.5691384357893,63.0713482972497,..
,,,,,,,,,,,,,,,
,,,,,,,,,,,,,,,
,,,,,,,,,,,,,,,
Data from database: World Development Indicators,,,,,,,,,,,,,,,
Last Updated: 12/18/2023,,,,,,,,,,,,,,,
