Series Name,Series Code,Country Name,Country Code,1990 [YR1990],2000 [YR2000],2013 [YR2013],2014 [YR2014],2015 [YR2015],2016 [YR2016],2017 [YR2017],2018 [YR2018],2019 [YR2019],2020 [YR2020],2021 [YR2021],2022 [YR2022]
"Life expectancy at birth, total (years)",SP.DYN.LE00.IN,Afghanistan,AFG,45.967,55.298,62.417,62.545,62.659,63.136,63.016,63.081,63.565,62.575,61.982,..
"Life expectancy at birth, total (years)",SP.DYN.LE00.IN,Albania,ALB,73.144,75.404,78.123,78.407,78.644,78.86,79.047,79.184,79.282,76.989,76.463,..
"Life expectancy at birth, total (years)",SP.DYN.LE00.IN,Algeria,DZA,67.416,70.478,74.615,75.11,75.622,75.732,75.743,76.066,76.474,74.453,76.377,..
"Life expectancy at birth, total (years)",SP.DYN.LE00.IN,American Samoa,ASM,..,..,..,..,..,..,..,..,..,..,..,..
"Life expectancy at birth, total (years)",SP.DYN.LE00.IN,Andorra,AND,..,..,..,..,..,..,..,..,..,..,..,..
"Life expectancy at birth, total (years)",SP.DYN.LE00.IN,Angola,AGO,41.893,46.024,59.307,60.04,60.655,61.092,61.68,62.144,62.448,62.261,61.643,..
"Life expectancy at birth, total (years)",SP.DYN.LE00.IN,Antigua and Barbuda,ATG,73.492,74.606,77.583,77.858,77.913,78.152,78.268,78.511,78.691,78.841,78.497,..
"Life expectancy at birth, total (years)",SP.DYN.LE00.IN,Argentina,ARG,71.784,73.926,76.491,76.755,76.76,76.308,76.833,76.999,77.284,75.892,75.39,..
"Life expectancy at birth, total (years)",SP.DYN.LE00.IN,Armenia,ARM,68.821,70.624,73.676,74.058,74.436,74.664,74.906,75.064,75.439,72.173,72.043,..
"Life expectancy at birth, total (years)",SP.DYN.LE00.IN,Aruba,ABW,73.076,73.569,75.636,75.601,75.683,75.617,75.903,76.072,76.248,75.723,74.626,..
"Life expectancy at birth, total (years)",SP.DYN.LE00.IN,Australia,AUS,76.9946341463415,79.2341463414634,82.1487804878049,82.3,82.4,82.4487804878049,82.5,82.7487804878049,82.9,83.2,83.3,..
"Life expectancy at birth, total (years)",SP.DYN.LE00.IN,Austria,AUT,75.5682926829269,78.1268292682927,81.1365853658537,81.490243902439,81.190243902439,81.6414634146342,81.6439024390244,81.6926829268293,81.8951219512195,81.1926829268293,81.2390243902439,..
"Life expectancy at birth, total (years)",SP.DYN.LE00.IN,Azerbaijan,AZE,62.352,64.891,70.881,71.116,71.451,72.004,72.248,72.76,73.102,66.868,69.366,..
"Life expectancy at birth, total (years)",SP.DYN.LE00.IN,"Bahamas, The",BHS,70.133,72.041,73.024,73.366,73.104,73.537,73.632,73.806,71.205,72.677,71.598,..
"Life expectancy at birth, total (years)",SP.DYN.LE00.IN,Bahrain,BHR,72.668,75.496,79.246,79.328,79.405,79.557,79.689,79.857,80.019,79.174,78.76,..
"Life expectancy at birth, total (years)",SP.DYN.LE00.IN,Bangladesh,BGD,55.989,65.779,69.565,69.986,70.491,71.09,71.788,72.567,72.806,71.968,72.381,..
"Life expectancy at birth, total (years)",SP.DYN.LE00.IN,Barbados,BRB,72.752,74.089,76.275,76.476,76.65,76.815,76.936,77.067,77.257,77.393,77.571,..
"Life expectancy at birth, total (years)",SP.DYN.LE00.IN,Belarus,BLR,70.8365853658537,68.9121951219512,72.4707317073171,72.9707317073171,73.6243902439025,73.8268292682927,74.1292682926829,74.1756097560976,74.2268292682927,72.4572195121951,72.3706829268293,..
"Life expectancy at birth, total (years)",SP.DYN.LE00.IN,Belgium,BEL,76.0519512195122,77.7219512195122,80.5878048780488,81.2878048780488,80.9926829268293,81.4390243902439,81.4926829268293,81.5951219512195,81.9951219512195,80.6951219512195,81.890243902439,..
"Life expectancy at birth, total (years)",SP.DYN.LE00.IN,Belize,BLZ,70.744,68.564,73.666,73.311,73.187,73.399,73.562,73.703,73.931,72.854,70.47,..
"Life expectancy at birth, total (years)",SP.DYN.LE00.IN,Benin,BEN,53.292,56.578,58.965,59.125,59.377,59.539,59.856,60.14,60.454,60.088,59.821,..
"Life expectancy at birth, total (years)",SP.DYN.LE00.IN,Bermuda,BMU,74.5,78.858,79.992,79.518,80.918,80.608,82.351,80.825,81.033,81.136,79.28,..
"Life expectancy at birth, total (years)",SP.DYN.LE00.IN,Bhutan,BTN,55.968,62.01,69.707,70.049,70.343,70.602,70.847,71.129,71.391,71.609,71.815,..
"Life expectancy at birth, total (years)",SP.DYN.LE00.IN,Bolivia,BOL,56.422,62.346,67.021,67.163,67.318,67.628,67.701,67.748,67.841,64.467,63.63,..
"Life expectancy at birth, total (years)",SP.DYN.LE00.IN,Bosnia and Herzegovina,BIH,72.349,74.496,76.33,75.659,76.182,76.808,76.935,77.093,77.241,76.225,75.3,..
"Life expectancy at birth, total (years)",SP.DYN.LE00.IN,Botswana,BWA,60.533,51.011,61.996,62.608,63.818,65.464,66.753,65.422,65.464,65.647,61.141,..
"Life expectancy at birth, total (years)",SP.DYN.LE00.IN,Brazil,BRA,65.985,69.737,73.918,74.306,74.332,74.442,74.827,75.109,75.338,74.009,72.75,..
"Life expectancy at birth, total (years)",SP.DYN.LE00.IN,British Virgin Islands,VGB,73.927,73.966,75.574,75.612,75.675,75.724,74.785,75.831,75.863,75.849,74.494,..
"Life expectancy at birth, total (years)",SP.DYN.LE00.IN,Brunei Darussalam,BRN,71.656,74.08,74.799,74.779,74.75,74.733,74.722,74.712,74.748,74.795,74.642,..
"Life expectancy at birth, total (years)",SP.DYN.LE00.IN,Bulgaria,BGR,71.6414634146342,71.6634146341463,74.8609756097561,74.4658536585366,74.6146341463415,74.8121951219512,74.8146341463415,74.9634146341464,75.1121951219512,73.6585365853659,71.5146341463415,..
"Life expectancy at birth, total (years)",SP.DYN.LE00.IN,Burkina Faso,BFA,49.44,50.847,57.823,58.359,58.845,59.326,59.536,60.047,60.039,59.731,59.27,..
"Life expectancy at birth, total (years)",SP.DYN.LE00.IN,Burundi,BDI,44.86,47.514,59.235,59.868,60.217,60.793,61.553,61.688,62.351,61.566,61.663,..
"Life expectancy at birth, total (years)",SP.DYN.LE00.IN,Cabo Verde,CPV,65.023,68.618,75.059,75.24,74.62,75.742,76.593,75.733,76.004,74.808,74.052,..
"Life expectancy at birth, total (years)",SP.DYN.LE00.IN,Cambodia,KHM,55.434,58.625,69.304,69.736,69.873,70.224,70.515,70.561,70.692,70.416,69.584,..
"Life expectancy at birth, total (years)",SP.DYN.LE00.IN,Cameroon,CMR,54.868,52.932,58.476,58.935,59.658,60.233,60.81,61.18,61.584,60.833,60.333,..
"Life expectancy at birth, total (years)",SP.DYN.LE00.IN,Canada,CAN,77.4365853658537,79.1668292682927,81.7448780487805,81.7843902439025,81.8156097560976,81.9248780487805,81.8329268292683,81.8439024390244,82.2287804878049,81.6704878048781,82.5966097560976,..
"Life expectancy at birth, total (years)",SP.DYN.LE00.IN,Cayman Islands,CYM,..,..,..,..,..,..,..,..,..,..,..,..
"Life expectancy at birth, total (years)",SP.DYN.LE00.IN,Central African Republic,CAF,49.635,45.406,50.902,50.566,52.793,53.46,53.721,54.369,55.025,54.604,53.895,..
"Life expectancy at birth, total (years)",SP.DYN.LE00.IN,Chad,TCD,44.686,47.443,50.781,51.202,51.589,52.083,52.308,52.825,53.259,52.777,52.525,..
"Life expectancy at birth, total (years)",SP.DYN.LE00.IN,Channel Islands,CHI,77.185,79.155,81.516,81.884,81.433,81.366,81.331,81.375,81.39,81.264,81.232,..
"Life expectancy at birth, total (years)",SP.DYN.LE00.IN,Chile,CHL,72.574,76.87,79.339,79.473,79.746,80.079,80.35,80.133,80.326,79.377,78.944,..
"Life expectancy at birth, total (years)",SP.DYN.LE00.IN,China,CHN,68.005,71.881,76.452,76.717,76.977,77.218,77.248,77.744,77.968,78.077,78.211,..
"Life expectancy at birth, total (years)",SP.DYN.LE00.IN,Colombia,COL,68.644,71.32,75.827,76.043,76.257,76.471,76.646,76.748,76.752,74.769,72.83,..
"Life expectancy at birth, total (years)",SP.DYN.LE00.IN,Comoros,COM,55.84,58.757,62.224,62.516,62.896,63.237,63.625,63.912,64.068,64.166,63.417,..
"Life expectancy at birth, total (years)",SP.DYN.LE00.IN,"Congo, Dem. Rep.",COD,48.601,51.781,57.762,58.296,58.49,59.066,59.411,59.942,60.276,59.739,59.193,..
"Life expectancy at birth, total (years)",SP.DYN.LE00.IN,"Congo, Rep.",COG,55.926,53.682,62.695,62.95,63.233,63.577,63.76,64.053,62.747,63.785,63.519,..
"Life expectancy at birth, total (years)",SP.DYN.LE00.IN,Costa Rica,CRI,76.63,77.586,79.403,78.774,79.086,79.459,79.377,79.484,79.427,79.277,77.023,..
"Life expectancy at birth, total (years)",SP.DYN.LE00.IN,Cote d'Ivoire,CIV,52.603,50.842,56.748,57.208,57.762,58.06,58.48,58.849,59.319,59.032,58.598,..
"Life expectancy at birth, total (years)",SP.DYN.LE00.IN,Croatia,HRV,72.1704878048781,72.8078048780488,77.1268292682927,77.4780487804878,77.2756097560976,78.0219512195122,77.8268292682927,78.0707317073171,78.4243902439025,77.7243902439024,76.4243902439025,..
"Life expectancy at birth, total (years)",SP.DYN.LE00.IN,Cuba,CUB,74.039,76.183,77.87,77.853,77.772,77.643,77.529,77.496,77.611,77.567,73.683,..
"Life expectancy at birth, total (years)",SP.DYN.LE00.IN,Curacao,CUW,72.2503902439024,73.0339512195122,77.8268292682927,77.9756097560976,78.0756097560976,77.719512195122,78.0170731707317,..,..,..,..,..
"Life expectancy at birth, total (years)",SP.DYN.LE00.IN,Cyprus,CYP,73.539,76.568,80.402,80.771,80.966,81.056,81.328,81.382,81.397,81.391,81.203,..
"Life expectancy at birth, total (years)",SP.DYN.LE00.IN,Czechia,CZE,71.3839024390244,74.9682926829268,78.1756097560976,78.8243902439024,78.5780487804878,79.0268292682927,78.9780487804878,79.0292682926829,79.2292682926829,78.2268292682927,77.3731707317073,..
"Life expectancy at birth, total (years)",SP.DYN.LE00.IN,Denmark,DNK,74.8053658536585,76.5926829268293,80.3,80.7,80.7024390243902,80.8536585365854,81.1024390243903,80.9536585365854,81.4512195121951,81.6024390243903,81.4048780487805,..
"Life expectancy at birth, total (years)",SP.DYN.LE00.IN,Djibouti,DJI,55.498,56.573,61.221,61.641,61.957,62.191,62.797,63.038,63.085,62.694,62.305,..
"Life expectancy at birth, total (years)",SP.DYN.LE00.IN,Dominica,DMA,69.852,72.693,68.896,69.434,68.727,70.128,67.525,73.59,73.559,73.649,72.814,..
"Life expectancy at birth, total (years)",SP.DYN.LE00.IN,Dominican Republic,DOM,67.11,69.423,72.713,72.867,72.953,72.987,73.063,73.232,73.577,72.889,72.615,..
"Life expectancy at birth, total (years)",SP.DYN.LE00.IN,Ecuador,ECU,69.348,72.839,76.369,76.622,76.789,76.763,76.972,77.094,77.297,72.153,73.67,..
"Life expectancy at birth, total (years)",SP.DYN.LE00.IN,"Egypt, Arab Rep.",EGY,64.146,68.007,70.052,70.415,70.483,70.844,71.302,71.367,71.358,70.99,70.221,..
"Life expectancy at birth, total (years)",SP.DYN.LE00.IN,El Salvador,SLV,62.55,69.865,71.771,71.746,71.814,72.025,72.311,72.555,72.559,71.061,70.748,..
"Life expectancy at birth, total (years)",SP.DYN.LE00.IN,Equatorial Guinea,GNQ,50.86,53.226,59.224,59.595,60.103,60.479,60.821,61.191,61.644,60.708,60.594,..
"Life expectancy at birth, total (years)",SP.DYN.LE00.IN,Eritrea,ERI,49.769,56.111,65.067,65.6,66.033,66.289,66.577,67.067,67.3,67.133,66.536,..
"Life expectancy at birth, total (years)",SP.DYN.LE00.IN,Estonia,EST,69.4756097560976,70.4170731707317,77.1414634146341,77.0341463414634,77.590243902439,77.6414634146342,78.0926829268293,78.2439024390244,78.6463414634147,78.5951219512195,76.7414634146342,..
"Life expectancy at birth, total (years)",SP.DYN.LE00.IN,Eswatini,SWZ,63.072,47.256,51.486,53.05,55.019,56.659,57.895,59.411,60.549,59.692,57.066,..
"Life expectancy at birth, total (years)",SP.DYN.LE00.IN,Ethiopia,ETH,44.557,50.538,62.373,62.905,63.649,64.392,64.838,65.412,65.838,65.371,64.975,..
"Life expectancy at birth, total (years)",SP.DYN.LE00.IN,Faroe Islands,FRO,76.1146341463415,78.4365853658537,81.4414634146341,81.5926829268293,81.7926829268293,82.0439024390244,82.3439024390244,82.5951219512195,82.9463414634147,83.1975609756098,83.4975609756098,..
"Life expectancy at birth, total (years)",SP.DYN.LE00.IN,Fiji,FJI,65.508,66.31,67.428,67.376,66.844,67.24,67.79,67.81,67.893,67.924,67.114,..
"Life expectancy at birth, total (years)",SP.DYN.LE00.IN,Finland,FIN,74.8131707317073,77.4658536585366,80.9756097560976,81.1804878048781,81.4804878048781,81.4292682926829,81.6317073170732,81.7341463414634,81.9829268292683,81.9317073170732,81.9341463414634,..
"Life expectancy at birth, total (years)",SP.DYN.LE00.IN,France,FRA,76.6,79.0560975609756,82.219512195122,82.719512195122,82.3219512195122,82.5731707317073,82.5756097560976,82.6756097560976,82.8268292682927,82.1756097560976,82.3243902439024,..
"Life expectancy at birth, total (years)",SP.DYN.LE00.IN,French Polynesia,PYF,73.983,79.536,82.017,82.214,82.354,82.488,82.618,82.783,82.996,82.217,79.486,..
"Life expectancy at birth, total (years)",SP.DYN.LE00.IN,Gabon,GAB,60.311,61.069,64.776,64.974,65.46,65.802,66.189,66.306,66.603,66.531,65.821,..
"Life expectancy at birth, total (years)",SP.DYN.LE00.IN,"Gambia, The",GMB,51.319,56.942,62.114,62.269,62.494,63.013,62.995,63.04,63.755,62.612,62.083,..
"Life expectancy at birth, total (years)",SP.DYN.LE00.IN,Georgia,GEO,68.389,69.575,72.628,73.099,73.297,73.569,73.57,73.341,73.47,72.765,71.694,..
"Life expectancy at birth, total (years)",SP.DYN.LE00.IN,Germany,DEU,75.0856341463415,77.9268292682927,80.490243902439,81.090243902439,80.6414634146341,80.990243902439,80.9926829268293,80.8926829268293,81.2926829268293,81.0414634146342,80.9009756097561,..
"Life expectancy at birth, total (years)",SP.DYN.LE00.IN,Ghana,GHA,55.62,58.195,62.42,63.045,63.175,63.89,64.013,64.122,64.74,64.114,63.795,..
"Life expectancy at birth, total (years)",SP.DYN.LE00.IN,Gibraltar,GIB,77.072,81.37,80.55,81.882,80.427,81.702,81.83,82.154,82.363,82.198,79.329,..
"Life expectancy at birth, total (years)",SP.DYN.LE00.IN,Greece,GRC,76.9390243902439,77.8878048780488,81.2853658536585,81.3853658536585,81.0365853658537,81.3878048780488,81.2878048780488,81.7878048780488,81.6390243902439,81.2878048780488,80.1829268292683,..
"Life expectancy at birth, total (years)",SP.DYN.LE00.IN,Greenland,GRL,65.0682926829268,66.1007317073171,71.5734146341464,71.9856097560976,71.9773170731707,71.8251219512195,71.6412195121951,71.8865853658537,72.0436585365854,71.6368292682927,71.1475609756098,..
"Life expectancy at birth, total (years)",SP.DYN.LE00.IN,Grenada,GRD,70.683,72.783,75.116,74.985,75.013,74.762,74.765,74.808,74.863,74.924,74.936,..
"Life expectancy at birth, total (years)",SP.DYN.LE00.IN,Guam,GUM,72.473,74.417,76.72,76.749,76.616,76.877,77.155,77.439,77.717,76.612,76.656,..
"Life expectancy at birth, total (years)",SP.DYN.LE00.IN,Guatemala,GTM,62.473,67.446,71.728,71.964,72.103,72.355,72.551,72.726,73.129,71.797,69.237,..
"Life expectancy at birth, total (years)",SP.DYN.LE00.IN,Guinea,GIN,47.004,52.479,57.791,57.886,58.134,58.763,59.109,59.349,59.72,59.327,58.892,..
"Life expectancy at birth, total (years)",SP.DYN.LE00.IN,Guinea-Bissau,GNB,47.084,50.121,58.232,58.61,59.128,59.674,60.066,60.502,60.882,59.999,59.652,..
"Life expectancy at birth, total (years)",SP.DYN.LE00.IN,Guyana,GUY,62.415,64.483,67.473,67.882,68.201,68.384,68.667,68.896,69.124,68.486,65.673,..
"Life expectancy at birth, total (years)",SP.DYN.LE00.IN,Haiti,HTI,52.975,58.365,62.605,62.987,63.237,63.392,63.854,64.019,64.255,64.052,63.192,..
"Life expectancy at birth, total (years)",SP.DYN.LE00.IN,Honduras,HND,65.243,68.662,71.963,72.259,72.487,72.588,72.692,72.814,72.881,71.462,70.123,..
"Life expectancy at birth, total (years)",SP.DYN.LE00.IN,"Hong Kong SAR, China",HKG,77.3804878048781,80.8780487804878,83.8317073170732,83.9804878048781,84.2780487804878,84.2268292682927,84.6804878048781,84.9341463414634,85.1804878048781,85.4975609756098,85.4926829268293,..
"Life expectancy at birth, total (years)",SP.DYN.LE00.IN,Hungary,HUN,69.3156097560976,71.2463414634146,75.5658536585366,75.7634146341463,75.5682926829269,76.0634146341464,75.8170731707317,76.0658536585366,76.3195121951219,75.5682926829269,74.4658536585366,..
"Life expectancy at birth, total (years)",SP.DYN.LE00.IN,Iceland,ISL,78.0363414634146,79.6536585365854,82.0609756097561,82.8609756097561,82.4682926829268,82.2048780487805,82.6609756097561,82.8609756097561,83.1634146341463,83.0634146341463,83.1170731707317,..
"Life expectancy at birth, total (years)",SP.DYN.LE00.IN,India,IND,58.652,62.669,68.46,69.074,69.636,70.117,70.467,70.71,70.91,70.15,67.24,..
"Life expectancy at birth, total (years)",SP.DYN.LE00.IN,Indonesia,IDN,63.181,66.433,69.264,69.533,69.699,69.798,69.936,70.338,70.518,68.808,67.57,..
"Life expectancy at birth, total (years)",SP.DYN.LE00.IN,"Iran, Islamic Rep.",IRN,64.367,69.691,74.449,74.782,75.124,75.6,75.971,76.195,76.103,74.832,73.875,..
"Life expectancy at birth, total (years)",SP.DYN.LE00.IN,Iraq,IRQ,58.435,66.817,68.253,68.914,69.44,68.988,70.413,71.514,71.576,69.123,70.378,..
"Life expectancy at birth, total (years)",SP.DYN.LE00.IN,Ireland,IRL,74.8460731707317,76.5365853658537,80.9487804878049,81.3487804878049,81.4536585365854,81.6536585365854,82.1560975609756,82.2048780487805,82.7024390243903,82.5560975609756,82.1024390243903,..
"Life expectancy at birth, total (years)",SP.DYN.LE00.IN,Isle of Man,IMN,71.959,74.725,79.473,80.037,78.905,80.314,80.457,80.596,80.737,80.588,80.525,..
"Life expectancy at birth, total (years)",SP.DYN.LE00.IN,Israel,ISR,76.6073170731707,78.9536585365854,82.0560975609756,82.1536585365854,82.0512195121951,82.4073170731707,82.5512195121951,82.8024390243903,82.8048780487805,82.6487804878049,82.5,..
"Life expectancy at birth, total (years)",SP.DYN.LE00.IN,Italy,ITA,76.9707317073171,79.7780487804878,82.690243902439,83.090243902439,82.5439024390244,83.2439024390244,82.9463414634147,83.3463414634146,83.4975609756098,82.1951219512195,82.7951219512195,..
"Life expectancy at birth, total (years)",SP.DYN.LE00.IN,Jamaica,JAM,72.304,70.944,73.412,72.982,72.394,72.02,71.911,71.793,71.767,71.869,70.5,..
"Life expectancy at birth, total (years)",SP.DYN.LE00.IN,Japan,JPN,78.8370731707317,81.0760975609756,83.3319512195122,83.5878048780488,83.7939024390244,83.9848780487805,84.099756097561,84.2109756097561,84.3563414634146,84.56,84.4456097560976,..
"Life expectancy at birth, total (years)",SP.DYN.LE00.IN,Jordan,JOR,69.854,71.918,74.562,74.789,75.011,75.215,75.502,75.774,76.044,75.184,74.256,..
"Life expectancy at birth, total (years)",SP.DYN.LE00.IN,Kazakhstan,KAZ,68.3365853658537,65.45,70.62,71.44,71.97,72.41,72.95,73.15,73.18,71.37,70.23,..
"Life expectancy at birth, total (years)",SP.DYN.LE00.IN,Kenya,KEN,58.614,54.411,61.389,61.816,61.892,62.163,62.481,62.676,62.943,62.675,61.427,..
"Life expectancy at birth, total (years)",SP.DYN.LE00.IN,Kiribati,KIR,60.917,64.409,65.588,65.815,66.059,66.332,66.597,66.855,67.15,67.266,67.417,..
"Life expectancy at birth, total (years)",SP.DYN.LE00.IN,"Korea, Dem. People's Rep.",PRK,70.21,60.763,72.319,72.942,72.784,72.805,72.978,73.031,73.198,73.274,73.284,..
"Life expectancy at birth, total (years)",SP.DYN.LE00.IN,"Korea, Rep.",KOR,71.5975609756098,75.909756097561,81.2707317073171,81.7219512195122,82.0243902439024,82.2756097560976,82.6268292682927,82.6268292682927,83.2268292682927,83.4268292682927,83.5268292682927,..
"Life expectancy at birth, total (years)",SP.DYN.LE00.IN,Kosovo,XKX,70.917,74.072,78.587,78.88,78.922,78.981,78.783,78.696,79.022,76.567,76.806,..
"Life expectancy at birth, total (years)",SP.DYN.LE00.IN,Kuwait,KWT,73.281,76.722,79.164,79.445,79.562,79.701,79.781,79.722,79.685,76.92,78.673,..
"Life expectancy at birth, total (years)",SP.DYN.LE00.IN,Kyrgyz Republic,KGZ,68.2975609756098,68.5585365853659,70.2024390243902,70.4024390243902,70.6512195121951,70.9512195121951,71.2,71.4,71.6,71.8,71.9,..
"Life expectancy at birth, total (years)",SP.DYN.LE00.IN,Lao PDR,LAO,53.713,58.378,65.718,66.361,66.67,67.167,67.434,67.634,68.138,68.497,68.061,..
"Life expectancy at birth, total (years)",SP.DYN.LE00.IN,Latvia,LVA,69.2731707317073,70.3146341463415,73.9829268292683,74.1243902439024,74.4804878048781,74.580487804878,74.6292682926829,74.7829268292683,75.3878048780488,75.1853658536585,73.2829268292683,..
"Life expectancy at birth, total (years)",SP.DYN.LE00.IN,Lebanon,LBN,64.475,73.931,78.765,78.973,79.229,79.505,79.654,79.729,79.236,77.804,75.047,..
"Life expectancy at birth, total (years)",SP.DYN.LE00.IN,Lesotho,LSO,59.398,48.427,49.002,50.033,51.101,52.264,53.064,53.733,54.173,54.693,53.062,..
"Life expectancy at birth, total (years)",SP.DYN.LE00.IN,Liberia,LBR,36.688,51.356,59.943,59.121,59.148,60.416,60.553,60.853,61.104,60.948,60.747,..
"Life expectancy at birth, total (years)",SP.DYN.LE00.IN,Libya,LBY,69.423,70.68,72.34,71.511,71.698,71.756,72.482,72.794,72.463,72.472,71.911,..
"Life expectancy at birth, total (years)",SP.DYN.LE00.IN,Liechtenstein,LIE,..,76.8268292682927,82.2609756097561,82.0731707317073,82.6560975609756,82.2585365853659,83.7463414634147,83.0414634146342,84.1609756097561,81.6585365853659,84.4024390243902,..
"Life expectancy at birth, total (years)",SP.DYN.LE00.IN,Lithuania,LTU,71.1607317073171,72.0195121951219,73.9146341463415,74.5170731707317,74.3219512195122,74.6707317073171,75.4804878048781,75.6804878048781,76.2829268292683,74.9780487804878,74.3390243902439,..
"Life expectancy at birth, total (years)",SP.DYN.LE00.IN,Luxembourg,LUX,75.4383170731707,77.8731707317073,81.8,82.2292682926829,82.2926829268293,82.6853658536585,82.0951219512195,82.2951219512195,82.6390243902439,82.1439024390244,82.7487804878049,..
"Life expectancy at birth, total (years)",SP.DYN.LE00.IN,"Macao SAR, China",MAC,77.424,80.959,83.727,83.883,83.984,84.231,84.563,84.928,84.978,85.184,85.399,..
"Life expectancy at birth, total (years)",SP.DYN.LE00.IN,Madagascar,MDG,51.701,57.938,63.962,64.255,64.339,64.997,65.094,65.27,65.882,65.182,64.485,..
"Life expectancy at birth, total (years)",SP.DYN.LE00.IN,Malawi,MWI,43.323,44.518,59.729,60.899,61.378,62.209,62.977,63.276,64.119,63.717,62.904,..
"Life expectancy at birth, total (years)",SP.DYN.LE00.IN,Malaysia,MYS,71.307,72.775,75.035,75.146,75.094,75.289,75.476,75.644,75.76,75.938,74.884,..
"Life expectancy at birth, total (years)",SP.DYN.LE00.IN,Maldives,MDV,63.578,70.876,79.057,79.424,79.695,79.872,79.943,80.013,80.116,79.875,79.918,..
"Life expectancy at birth, total (years)",SP.DYN.LE00.IN,Mali,MLI,46.62,50.539,57.357,57.9,58.363,58.731,59.132,59.393,59.664,58.633,58.941,..
"Life expectancy at birth, total (years)",SP.DYN.LE00.IN,Malta,MLT,75.8799756097561,78.3487804878049,81.7463414634146,82.0463414634146,81.8975609756097,82.4536585365854,82.3463414634146,82.4487804878049,82.8585365853659,82.3487804878049,82.8609756097561,..
"Life expectancy at birth, total (years)",SP.DYN.LE00.IN,Marshall Islands,MHL,62.176,63.275,63.464,63.623,63.827,64.057,64.27,64.5,64.746,64.977,65.269,..
"Life expectancy at birth, total (years)",SP.DYN.LE00.IN,Mauritania,MRT,59.77,61.028,63.911,64.155,64.485,64.768,65.083,65.31,65.687,64.532,64.364,..
"Life expectancy at birth, total (years)",SP.DYN.LE00.IN,Mauritius,MUS,69.4048780487805,71.6634146341463,74.0170731707317,74.1943902439024,74.3531707317073,74.3948780487805,74.5146341463415,74.4163414634146,74.2358536585366,74.1770731707317,73.680243902439,..
"Life expectancy at birth, total (years)",SP.DYN.LE00.IN,Mexico,MEX,69.971,73.569,74.739,74.797,74.682,74.412,74.138,74.015,74.202,70.133,70.213,..
"Life expectancy at birth, total (years)",SP.DYN.LE00.IN,"Micronesia, Fed. Sts.",FSM,67.425,69.769,71.499,71.529,71.408,71.595,71.467,71.318,71.077,70.674,70.71,..
"Life expectancy at birth, total (years)",SP.DYN.LE00.IN,Moldova,MDA,68.067,66.417,69.099,69.031,69.24,69.917,70.516,70.492,70.935,70.166,68.846,..
"Life expectancy at birth, total (years)",SP.DYN.LE00.IN,Monaco,MCO,..,..,..,..,..,..,..,..,..,..,..,..
"Life expectancy at birth, total (years)",SP.DYN.LE00.IN,Mongolia,MNG,58.765,62.882,68.585,69.047,69.498,69.865,70.237,71.199,71.822,72.141,70.975,..
"Life expectancy at birth, total (years)",SP.DYN.LE00.IN,Montenegro,MNE,75.5668780487805,73.8184878048781,76.490243902439,76.4414634146341,76.4487804878049,76.4414634146341,76.4853658536585,76.8414634146342,76.6829268292683,75.9317073170732,73.8243902439024,..
"Life expectancy at birth, total (years)",SP.DYN.LE00.IN,Morocco,MAR,62.448,66.787,72.122,72.538,72.92,73.284,73.66,73.986,74.27,73.92,74.042,..
"Life expectancy at birth, total (years)",SP.DYN.LE00.IN,Mozambique,MOZ,44.469,49.491,56.492,57.274,58.151,59.038,59.771,60.526,61.166,61.172,59.325,..
"Life expectancy at birth, total (years)",SP.DYN.LE00.IN,Myanmar,MMR,56.661,60.155,64.815,65.056,65.561,65.685,65.843,66.465,66.61,66.797,65.672,..
"Life expectancy at birth, total (years)",SP.DYN.LE00.IN,Namibia,NAM,62.496,51.99,58.694,59.822,60.7,61.682,62.293,62.586,63.075,62.829,59.269,..
"Life expectancy at birth, total (years)",SP.DYN.LE00.IN,Nauru,NRU,61.356,58.732,61.231,61.807,62.269,62.702,62.988,63.234,63.484,63.437,63.617,..
"Life expectancy at birth, total (years)",SP.DYN.LE00.IN,Nepal,NPL,54.833,62.614,67.965,68.085,67.456,68.776,68.91,68.979,69.558,69.246,68.45,..
"Life expectancy at birth, total (years)",SP.DYN.LE00.IN,Netherlands,NLD,76.8780487804878,77.9878048780488,81.3048780487805,81.7073170731707,81.509756097561,81.5609756097561,81.7609756097561,81.8121951219512,82.1121951219512,81.3585365853659,81.4609756097561,..
"Life expectancy at birth, total (years)",SP.DYN.LE00.IN,New Caledonia,NCL,70.4853658536585,75.1634146341463,77.1780487804878,77.2365853658537,77.2804878048781,76.9317073170732,77.5390243902439,80.0030975609756,80.4197073170732,80.8349512195122,79.1273414634146,..
"Life expectancy at birth, total (years)",SP.DYN.LE00.IN,New Zealand,NZL,75.3780487804878,78.6365853658537,81.4048780487805,81.4568292682927,81.6124390243903,81.6585365853659,81.8585365853659,81.7073170731707,82.0560975609756,82.2560975609756,82.2073170731707,..
"Life expectancy at birth, total (years)",SP.DYN.LE00.IN,Nicaragua,NIC,63.096,67.234,72.704,72.812,72.983,73.256,73.554,73.85,74.054,71.795,73.837,..
"Life expectancy at birth, total (years)",SP.DYN.LE00.IN,Niger,NER,41.852,49.322,60.239,60.786,61.083,61.629,62.16,62.454,62.897,61.451,61.576,..
"Life expectancy at birth, total (years)",SP.DYN.LE00.IN,Nigeria,NGA,46.037,47.193,51.707,51.791,51.841,52.043,52.305,52.554,52.91,52.887,52.676,..
"Life expectancy at birth, total (years)",SP.DYN.LE00.IN,North Macedonia,MKD,71.2338048780488,72.9463414634147,75.4,75.4512195121951,75.4024390243902,75.4,75.9536585365854,76.6487804878049,76.6024390243903,74.3951219512195,74.5368292682927,..
"Life expectancy at birth, total (years)",SP.DYN.LE00.IN,Northern Mariana Islands,MNP,..,..,..,..,..,..,..,..,..,..,..,..
"Life expectancy at birth, total (years)",SP.DYN.LE00.IN,Norway,NOR,76.5373170731707,78.6341463414634,81.7512195121951,82.1,82.3048780487805,82.4073170731707,82.609756097561,82.7585365853659,82.9585365853659,83.209756097561,83.1634146341463,..
"Life expectancy at birth, total (years)",SP.DYN.LE00.IN,Oman,OMN,69.782,73.466,77.246,77.446,77.687,77.916,77.924,77.966,78.002,74.757,72.541,..
"Life expectancy at birth, total (years)",SP.DYN.LE00.IN,Pakistan,PAK,60.066,62.102,65.15,65.284,65.697,65.88,66.297,66.482,66.756,66.269,66.098,..
"Life expectancy at birth, total (years)",SP.DYN.LE00.IN,Palau,PLW,69.0692682926829,70.4936585365854,..,..,..,..,..,..,..,..,..,..
"Life expectancy at birth, total (years)",SP.DYN.LE00.IN,Panama,PAN,71.097,74.001,77.038,77.248,77.468,77.653,77.795,77.863,77.81,76.657,76.223,..
"Life expectancy at birth, total (years)",SP.DYN.LE00.IN,Papua New Guinea,PNG,59.721,61.72,63.961,64.259,64.701,64.84,65.103,65.182,65.474,65.787,65.351,..
"Life expectancy at birth, total (years)",SP.DYN.LE00.IN,Paraguay,PRY,67.944,69.75,72.757,72.878,73.191,73.534,73.644,73.568,73.621,73.182,70.262,..
"Life expectancy at birth, total (years)",SP.DYN.LE00.IN,Peru,PER,65.106,70.424,74.967,75.333,75.621,75.789,75.879,76.009,76.156,73.665,72.377,..
"Life expectancy at birth, total (years)",SP.DYN.LE00.IN,Philippines,PHL,65.909,69.413,70.835,71.151,71.268,71.387,71.516,71.689,71.865,72.119,69.266,..
"Life expectancy at birth, total (years)",SP.DYN.LE00.IN,Poland,POL,70.890243902439,73.7487804878049,77,77.6024390243903,77.4512195121951,77.8512195121951,77.7536585365854,77.6024390243903,77.9048780487805,76.5,75.6024390243903,..
"Life expectancy at birth, total (years)",SP.DYN.LE00.IN,Portugal,PRT,73.9658536585366,76.3146341463415,80.7219512195122,81.1219512195122,81.1243902439025,81.1243902439025,81.4243902439025,81.3243902439024,81.6756097560976,80.9756097560976,81.0731707317073,..
"Life expectancy at birth, total (years)",SP.DYN.LE00.IN,Puerto Rico,PRI,73.89,75.977,78.777,78.929,79.695,80.27,79.258,79.77,79.063,78.041,80.162,..
"Life expectancy at birth, total (years)",SP.DYN.LE00.IN,Qatar,QAT,73.982,74.828,79.536,79.768,80.064,80.433,80.717,80.898,80.99,79.099,79.272,..
"Life expectancy at birth, total (years)",SP.DYN.LE00.IN,Romania,ROU,69.7412195121951,71.1634146341463,75.0634146341463,74.909756097561,74.9121951219512,75.209756097561,75.309756097561,75.3585365853659,75.6073170731707,74.2536585365854,72.9609756097561,..
"Life expectancy at birth, total (years)",SP.DYN.LE00.IN,Russian Federation,RUS,68.8860975609756,65.4836585365854,70.5787804878049,70.7436585365854,71.1834146341463,71.6512195121951,72.4514634146342,72.6621951219512,73.0839024390244,71.3387804878049,69.3612195121951,..
"Life expectancy at birth, total (years)",SP.DYN.LE00.IN,Rwanda,RWA,48.431,47.129,64.426,64.94,65.298,65.737,65.941,66.251,66.437,66.774,66.072,..
"Life expectancy at birth, total (years)",SP.DYN.LE00.IN,Samoa,WSM,67.658,70.746,72.391,72.463,72.515,72.54,72.59,72.636,72.157,72.768,72.767,..
"Life expectancy at birth, total (years)",SP.DYN.LE00.IN,San Marino,SMR,..,..,..,..,..,..,..,..,..,..,..,..
"Life expectancy at birth, total (years)",SP.DYN.LE00.IN,Sao Tome and Principe,STP,61.471,61.655,66.328,66.845,67.249,67.492,68.267,68.355,68.523,67.785,67.591,..
"Life expectancy at birth, total (years)",SP.DYN.LE00.IN,Saudi Arabia,SAU,68.948,72.467,76.626,76.757,76.918,77.064,77.16,77.212,77.304,76.239,76.936,..
"Life expectancy at birth, total (years)",SP.DYN.LE00.IN,Senegal,SEN,56.948,56.943,66.072,66.452,66.879,67.497,67.75,68.097,68.526,68.006,67.093,..
"Life expectancy at birth, total (years)",SP.DYN.LE00.IN,Serbia,SRB,70.2292195121951,71.5829268292683,75.1853658536585,75.3365853658537,75.2878048780488,75.6878048780488,75.5390243902439,75.890243902439,75.9365853658537,74.4780487804878,72.7307317073171,..
"Life expectancy at birth, total (years)",SP.DYN.LE00.IN,Seychelles,SYC,68.1073170731707,72.7780487804878,73.119512195122,73.2292682926829,74.2951219512195,74.309756097561,74.3,72.8414634146341,74.0463414634146,77.2365853658537,73.3975609756097,..
"Life expectancy at birth, total (years)",SP.DYN.LE00.IN,Sierra Leone,SLE,44.057,45.05,56.313,56.393,57.189,58.404,58.652,59.796,60.255,59.763,60.062,..
"Life expectancy at birth, total (years)",SP.DYN.LE00.IN,Singapore,SGP,75.2951219512195,77.9512195121951,82.2463414634147,82.4951219512195,82.7439024390244,82.8463414634146,83.0951219512195,83.2975609756098,83.5951219512195,84.4658536585366,83.4414634146342,..
"Life expectancy at birth, total (years)",SP.DYN.LE00.IN,Sint Maarten (Dutch part),SXM,72.324,74.514,74.917,76.773,76.954,76.598,75.03,75.131,75.437,74.584,73.972,..
"Life expectancy at birth, total (years)",SP.DYN.LE00.IN,Slovak Republic,SVK,70.9326829268293,73.0512195121951,76.4121951219512,76.8121951219512,76.5634146341463,77.1658536585366,77.1658536585366,77.2658536585366,77.6658536585366,76.8658536585366,74.7146341463415,..
"Life expectancy at birth, total (years)",SP.DYN.LE00.IN,Slovenia,SVN,73.2048780487805,75.4121951219512,80.3219512195122,81.0780487804878,80.7756097560976,81.1756097560976,81.0292682926829,81.3780487804878,81.5292682926829,80.5317073170732,80.8756097560976,..
"Life expectancy at birth, total (years)",SP.DYN.LE00.IN,Solomon Islands,SLB,65.392,67.225,69.188,69.234,69.583,69.801,69.988,70.173,70.382,70.199,70.348,..
"Life expectancy at birth, total (years)",SP.DYN.LE00.IN,Somalia,SOM,47.105,50.66,53.843,54.277,54.857,55.044,55.654,56.375,57.078,55.967,55.28,..
"Life expectancy at birth, total (years)",SP.DYN.LE00.IN,South Africa,ZAF,63.375,58.47,62.533,63.38,63.95,64.747,65.402,65.674,66.175,65.252,62.341,..
"Life expectancy at birth, total (years)",SP.DYN.LE00.IN,South Sudan,SSD,29.935,46.028,55.751,54.973,55.566,55.544,55.309,55.95,55.912,55.48,54.975,..
"Life expectancy at birth, total (years)",SP.DYN.LE00.IN,Spain,ESP,76.8375609756098,78.9658536585366,83.0780487804878,83.2292682926829,82.8317073170732,83.3292682926829,83.2829268292683,83.4317073170732,83.8317073170732,82.3317073170732,83.1780487804878,..
"Life expectancy at birth, total (years)",SP.DYN.LE00.IN,Sri Lanka,LKA,71.927,70.355,74.239,74.651,74.927,75.331,75.403,75.748,76.008,76.393,76.399,..
"Life expectancy at birth, total (years)",SP.DYN.LE00.IN,St. Kitts and Nevis,KNA,65.188,69.781,71.457,70.966,70.763,71.74,71.84,71.467,71.572,71.627,71.682,..
"Life expectancy at birth, total (years)",SP.DYN.LE00.IN,St. Lucia,LCA,70.326,70.768,72.735,72.864,73.138,73.112,73.127,73.357,73.445,73.416,71.111,..
"Life expectancy at birth, total (years)",SP.DYN.LE00.IN,St. Martin (French part),MAF,74.463,76.663,78.908,79.966,79.309,79.475,78.59,80.614,79.983,80.149,80.379,..
"Life expectancy at birth, total (years)",SP.DYN.LE00.IN,St. Vincent and the Grenadines,VCT,72.38,71.377,73.798,74.473,74.407,74.28,74.305,74.128,72.835,72.126,69.629,..
"Life expectancy at birth, total (years)",SP.DYN.LE00.IN,Sudan,SDN,49.732,58.319,63.678,64.269,64.659,64.78,65.445,65.681,65.876,65.614,65.267,..
"Life expectancy at birth, total (years)",SP.DYN.LE00.IN,Suriname,SUR,64.23,65.508,69.682,69.782,70.8,71.592,72.417,72.553,72.242,72.561,70.274,..
"Life expectancy at birth, total (years)",SP.DYN.LE00.IN,Sweden,SWE,77.5368292682927,79.6439024390244,81.9560975609756,82.2536585365854,82.2048780487805,82.3073170731707,82.409756097561,82.5585365853659,83.109756097561,82.3560975609756,83.1560975609756,..
"Life expectancy at birth, total (years)",SP.DYN.LE00.IN,Switzerland,CHE,77.2424390243902,79.6804878048781,82.7975609756098,83.1975609756098,82.8975609756098,83.6024390243903,83.5512195121951,83.7536585365854,83.9048780487805,83,83.8512195121951,..
"Life expectancy at birth, total (years)",SP.DYN.LE00.IN,Syrian Arab Republic,SYR,69.817,70.764,63.827,63.153,65.124,65.993,68.481,70.145,71.822,72.14,72.063,..
"Life expectancy at birth, total (years)",SP.DYN.LE00.IN,Tajikistan,TJK,61.879,63.26,68.885,69.069,69.306,69.549,69.905,70.353,70.867,67.994,71.594,..
"Life expectancy at birth, total (years)",SP.DYN.LE00.IN,Tanzania,TZA,51.485,52.362,62.96,63.873,64.651,65.386,65.999,66.535,66.989,66.408,66.201,..
"Life expectancy at birth, total (years)",SP.DYN.LE00.IN,Thailand,THA,70.445,72.316,77.083,77.415,77.717,78.049,78.394,78.662,78.975,79.274,78.715,..
"Life expectancy at birth, total (years)",SP.DYN.LE00.IN,Timor-Leste,TLS,44.953,58.568,66.44,66.787,67.137,67.446,67.745,68.017,68.268,68.475,67.737,..
"Life expectancy at birth, total (years)",SP.DYN.LE00.IN,Togo,TGO,54.37,54.742,58.684,58.853,59.396,59.55,60.154,60.244,60.901,61.035,61.619,..
"Life expectancy at birth, total (years)",SP.DYN.LE00.IN,Tonga,TON,67.294,68.978,70.505,70.54,70.607,70.661,70.713,70.779,70.871,70.928,70.986,..
"Life expectancy at birth, total (years)",SP.DYN.LE00.IN,Trinidad and Tobago,TTO,68.272,69.102,73.962,74.215,74.503,74.281,74.23,73.802,74.228,74.406,72.971,..
"Life expectancy at birth, total (years)",SP.DYN.LE00.IN,Tunisia,TUN,70.11,73.69,75.65,75.65,75.692,75.786,75.845,75.95,75.993,75.292,73.772,..
"Life expectancy at birth, total (years)",SP.DYN.LE00.IN,Turkiye,TUR,67.709,71.861,76.297,76.565,76.646,76.66,77.141,77.563,77.832,75.85,76.032,..
"Life expectancy at birth, total (years)",SP.DYN.LE00.IN,Turkmenistan,TKM,63.939,65.026,68.74,68.614,68.782,68.777,68.916,68.796,69.002,68.687,69.264,..
"Life expectancy at birth, total (years)",SP.DYN.LE00.IN,Turks and Caicos Islands,TCA,69.001,73.575,77.018,77.135,76.912,76.864,76.702,76.443,75.326,75.001,74.587,..
"Life expectancy at birth, total (years)",SP.DYN.LE00.IN,Tuvalu,TUV,61.661,63.499,64.008,64.025,64.06,64.108,64.148,64.212,64.278,64.382,64.547,..
"Life expectancy at birth, total (years)",SP.DYN.LE00.IN,Uganda,UGA,46.443,48.342,59.763,60.408,61.086,61.648,62.115,62.714,62.991,62.851,62.705,..
"Life expectancy at birth, total (years)",SP.DYN.LE00.IN,Ukraine,UKR,70.0975609756098,67.6756097560976,71.159512195122,71.1865853658537,71.189512195122,71.4763414634146,71.7809756097561,71.5826829268293,71.8273170731707,71.1851219512195,69.6478048780488,..
"Life expectancy at birth, total (years)",SP.DYN.LE00.IN,United Arab Emirates,ARE,71.9,74.38,78.853,79.044,79.223,79.335,79.504,79.627,79.726,78.946,78.71,..
"Life expectancy at birth, total (years)",SP.DYN.LE00.IN,United Kingdom,GBR,75.8804878048781,77.7414634146342,81.0048780487805,81.3048780487805,80.9560975609756,81.1560975609756,81.2560975609756,81.2560975609756,81.4048780487805,80.3512195121951,80.7,..
"Life expectancy at birth, total (years)",SP.DYN.LE00.IN,United States,USA,75.2146341463415,76.6365853658537,78.7414634146342,78.8414634146341,78.690243902439,78.5390243902439,78.5390243902439,78.6390243902439,78.7878048780488,76.9804878048781,76.3292682926829,..
"Life expectancy at birth, total (years)",SP.DYN.LE00.IN,Uruguay,URY,73.162,75.025,77.24,77.366,77.483,77.571,77.625,77.611,77.508,78.43,75.436,..
"Life expectancy at birth, total (years)",SP.DYN.LE00.IN,Uzbekistan,UZB,65.346,65.724,69.99,70.234,70.475,70.755,71.01,71.149,71.344,70.331,70.862,..
"Life expectancy at birth, total (years)",SP.DYN.LE00.IN,Vanuatu,VUT,66.675,68.966,69.534,69.465,69.513,69.65,69.71,69.795,69.877,70.299,70.449,..
"Life expectancy at birth, total (years)",SP.DYN.LE00.IN,"Venezuela, RB",VEN,71.532,72.478,73.196,72.853,73.006,72.058,71.943,71.979,72.161,71.095,70.554,..
"Life expectancy at birth, total (years)",SP.DYN.LE00.IN,Viet Nam,VNM,69.213,72.462,73.775,73.855,73.876,73.938,73.963,73.976,74.093,75.378,73.618,..
"Life expectancy at birth, total (years)",SP.DYN.LE00.IN,Virgin Islands (U.S.),VIR,71.2504634146341,76.619512195122,78.7170731707317,78.8682926829268,79.0170731707317,79.1682926829268,79.3682926829268,79.5195121951219,79.6682926829268,79.819512195122,80.0682926829268,..
"Life expectancy at birth, total (years)",SP.DYN.LE00.IN,West Bank and Gaza,PSE,67.934,70.388,74.029,72.622,74.406,74.554,74.833,74.793,75.241,74.403,73.473,..
"Life expectancy at birth, total (years)",SP.DYN.LE00.IN,"Yemen, Rep.",YEM,58.699,62.588,67.545,67.384,65.873,66.064,65.957,64.575,65.092,64.65,63.753,..
"Life expectancy at birth, total (years)",SP.DYN.LE00.IN,Zambia,ZMB,47.926,45.231,59.878,60.699,61.208,61.794,62.12,62.342,62.793,62.38,61.223,..
"Life expectancy at birth, total (years)",SP.DYN.LE00.IN,Zimbabwe,ZWE,59.426,44.686,57.458,58.846,59.591,60.306,60.709,61.414,61.292,61.124,59.253,..
"Life expectancy at birth, total (years)",SP.DYN.LE00.IN,Africa Eastern and Southern,AFE,50.6077275337211,51.9644813247726,60.7098695610582,61.3379174832409,61.8564581403595,62.444050201953,62.9223896233502,63.3658626111831,63.7556779176533,63.313860330682,62.4545896453863,..
"Life expectancy at birth, total (years)",SP.DYN.LE00.IN,Africa Western and Central,AFW,48.6500033905016,50.221953875359,55.673405514134,55.9222289908432,56.1958723463674,56.5816784850503,56.888445830282,57.1891392680655,57.5557955517512,57.2263727312399,56.9886567820139,..
"Life expectancy at birth, total (years)",SP.DYN.LE00.IN,Arab World,ARB,62.9279670329527,67.2973312552373,70.1965137101307,70.4926288711295,70.7582222288211,70.9430622781923,71.4295960025113,71.6330166549463,71.8446260250446,70.9233595872331,70.814483021063,..
"Life expectancy at birth, total (years)",SP.DYN.LE00.IN,Caribbean small states,CSS,69.431404933709,69.6093331607451,72.7209084798744,72.6808769061992,72.6102636224113,72.5605216960907,72.6008945750841,72.5836868696142,72.5234099538234,72.5792038787508,70.9962586746615,..
"Life expectancy at birth, total (years)",SP.DYN.LE00.IN,Central Europe and the Baltics,CEB,70.6563313372586,72.719724722779,76.3551629869809,76.6756236113045,76.5718777647788,76.9698114171911,76.9474426395729,76.9768226818402,77.2668446661451,76.087716844628,74.9320769722919,..
"Life expectancy at birth, total (years)",SP.DYN.LE00.IN,Early-demographic dividend,EAR,60.8275467680032,64.4992570826455,69.065320395544,69.4849915077609,69.8712079158622,70.2163878090451,70.5384490311908,70.7948250264641,71.0147388840035,70.0286934138786,68.4660405919992,..
"Life expectancy at birth, total (years)",SP.DYN.LE00.IN,East Asia & Pacific,EAS,68.2702097598828,71.5525698270665,75.4791162580533,75.7313051135242,75.9488167254261,76.1379237487962,76.2123920164654,76.5941638140358,76.7977608621553,76.761923159442,76.3938984674492,..
"Life expectancy at birth, total (years)",SP.DYN.LE00.IN,East Asia & Pacific (excluding high income),EAP,67.1365879576351,70.5648357047778,74.6447464626621,74.9032685695441,75.1230351733187,75.3218632190617,75.3859113160495,75.801433724838,76.0020203002054,75.9360246370322,75.5432912976843,..
"Life expectancy at birth, total (years)",SP.DYN.LE00.IN,East Asia & Pacific (IDA & IBRD countries),TEA,67.0961051258348,70.6924622205943,74.6738496803997,74.9277248125601,75.1521464652061,75.3531204811651,75.4157333943935,75.8356932818659,76.0366573507797,75.9688903275997,75.5711934120901,..
"Life expectancy at birth, total (years)",SP.DYN.LE00.IN,Euro area,EMU,75.8674113283207,78.2708354495099,81.5136267906737,81.944915915146,81.5712888246472,81.9563383126483,81.934533072359,82.0515528107846,82.3277560167223,81.5379202202808,81.7091612624959,..
"Life expectancy at birth, total (years)",SP.DYN.LE00.IN,Europe & Central Asia,ECS,72.2259182982363,73.1320898765724,76.9863779705497,77.2972046609851,77.2322450351642,77.5668781842823,77.7798730510133,77.911987231714,78.1865953998752,76.960093929662,76.6250531517707,..
"Life expectancy at birth, total (years)",SP.DYN.LE00.IN,Europe & Central Asia (excluding high income),ECA,68.6172608937264,67.6033710320653,72.0999843461511,72.2984327488753,72.5728845776421,72.8819504834875,73.3911082279521,73.5955524261838,73.8949272433323,72.2098434402938,71.4224672787838,..
"Life expectancy at birth, total (years)",SP.DYN.LE00.IN,Europe & Central Asia (IDA & IBRD countries),TEC,68.9202832810128,68.379542167384,72.6961193529707,72.9106835177885,73.1288176348978,73.4453041984172,73.8765363434964,74.0424787181956,74.3379358435459,72.6960818764773,71.8692448544197,..
"Life expectancy at birth, total (years)",SP.DYN.LE00.IN,European Union,EUU,74.6973268751305,77.0753168840645,80.4647937689601,80.8719823965856,80.5684394242096,80.9512974807301,80.9325986173981,81.0287289990803,81.3148579639404,80.452093051787,80.3875285216872,..
"Life expectancy at birth, total (years)",SP.DYN.LE00.IN,Fragile and conflict affected situations,FCS,53.298778900632,55.5059038051956,60.4660138869474,60.7099873553869,61.014309073599,61.2919989986991,61.6565362206611,61.9713531803634,62.2688995265103,61.7617589134804,61.2530471670404,..
"Life expectancy at birth, total (years)",SP.DYN.LE00.IN,Heavily indebted poor countries (HIPC),HPC,49.2102059169223,52.6617541209546,60.6445607537013,61.1470730930553,61.6125477293904,62.1619619402239,62.5497604688077,62.9475759474084,63.3380569471644,62.7617201814617,62.3027853999622,..
"Life expectancy at birth, total (years)",SP.DYN.LE00.IN,High income,HIC,75.2611055114913,77.4502088963391,80.3434089995538,80.5989152806484,80.4840323835436,80.6424818528005,80.6822807328723,80.7690416014898,80.9842921361628,80.0808652638566,79.9239229936161,..
"Life expectancy at birth, total (years)",SP.DYN.LE00.IN,IBRD only,IBD,65.1953765911626,68.2416312578469,72.4922093037563,72.8493885353059,73.1496969083597,73.4173751998779,73.6399129644708,73.9326481913079,74.1291154022738,73.3793146107883,72.1241925502819,..
"Life expectancy at birth, total (years)",SP.DYN.LE00.IN,IDA & IBRD total,IBT,62.8608419733897,65.7045768390257,69.9110032811911,70.2364937646997,70.5234705052996,70.8049755698199,71.0422905890968,71.321107049324,71.5250955699875,70.8214615449699,69.7795281325264,..
"Life expectancy at birth, total (years)",SP.DYN.LE00.IN,IDA blend,IDB,55.3581201665674,55.7800007528308,59.9596238215923,60.1279103643597,60.3602067828121,60.5636098224754,60.8771183772815,61.0773195307108,61.3315960546325,61.0062879415561,60.6802512013328,..
"Life expectancy at birth, total (years)",SP.DYN.LE00.IN,IDA only,IDX,52.6505491402713,57.06333768301,63.1940957587241,63.5775127520473,63.9578892057894,64.471642932639,64.872728648715,65.277193059858,65.6417933972898,65.1059048304073,64.7477851426933,..
"Life expectancy at birth, total (years)",SP.DYN.LE00.IN,IDA total,IDA,53.5405606492881,56.6358702690433,62.1103706117177,62.422434930703,62.7548967648921,63.1679348918512,63.542837464741,63.8819535428096,64.2126988843322,63.748926085736,63.4032889018113,..
"Life expectancy at birth, total (years)",SP.DYN.LE00.IN,Late-demographic dividend,LTE,68.253417547729,71.078675285985,75.5210169032733,75.79063086071,76.0129684285383,76.2580707069883,76.4003364072994,76.7706341213864,76.9929064302121,76.7229064368563,76.3399634797957,..
"Life expectancy at birth, total (years)",SP.DYN.LE00.IN,Latin America & Caribbean,LCN,67.8242017089922,71.2284362721063,74.346485387839,74.5506477009282,74.6119695820583,74.5792328754221,74.7334935009884,74.8514987823088,75.0383494699308,73.0384741705489,72.1474343340309,..
"Life expectancy at birth, total (years)",SP.DYN.LE00.IN,Latin America & Caribbean (excluding high income),LAC,67.3620541150535,70.9065124450419,74.1910639437346,74.4284919240565,74.4722652708847,74.4717518016338,74.6428227846937,74.7719810774371,74.9619968743059,72.8363033190349,71.907356144081,..
"Life expectancy at birth, total (years)",SP.DYN.LE00.IN,Latin America & the Caribbean (IDA & IBRD countries),TLA,67.6104425497252,71.0789491788505,74.249805704993,74.4596934288446,74.5211645368618,74.4879704398703,74.6553496527333,74.7764883913037,74.9718239600748,72.927954848926,72.0749025193054,..
"Life expectancy at birth, total (years)",SP.DYN.LE00.IN,Least developed countries: UN classification,LDC,50.7024031175748,55.7928018136001,62.7039466809435,63.1234003576263,63.4957831265039,64.0195864491196,64.4144671749539,64.8184998502238,65.1555737455538,64.6347427935937,64.2158675035077,..
"Life expectancy at birth, total (years)",SP.DYN.LE00.IN,Low & middle income,LMY,62.7220748228561,65.5362074172575,69.8182930468952,70.1479916528544,70.4391656369297,70.7247123240967,70.9664834166204,71.2506490954361,71.454671513365,70.7632367017895,69.7185016131564,..
"Life expectancy at birth, total (years)",SP.DYN.LE00.IN,Low income,LIC,49.6963466317581,53.2148124943112,60.9283520807589,61.3116057572894,61.6995184139706,62.2142411499284,62.6237139090709,62.9952039179532,63.4239909431004,62.9545325364614,62.4961095080066,..
"Life expectancy at birth, total (years)",SP.DYN.LE00.IN,Lower middle income,LMC,59.1992495413108,62.4396804277818,67.1721389210957,67.60360316224,67.9931657405397,68.3747743338225,68.6952348131656,68.9324883068667,69.1299681779679,68.5519023160901,66.9121239285529,..
"Life expectancy at birth, total (years)",SP.DYN.LE00.IN,Middle East & North Africa,MEA,65.0632720470454,69.2821780682104,72.3442426683639,72.6238633901154,72.8895160840123,73.1525218426913,73.6097428540992,73.8115171255443,73.9591150111936,72.9497683319316,72.7460552075238,..
"Life expectancy at birth, total (years)",SP.DYN.LE00.IN,Middle East & North Africa (excluding high income),MNA,64.3512466818316,68.6414974738103,71.4057468128264,71.7027790275536,71.9861891242774,72.2564883768439,72.7670011397562,72.9843734174748,73.1439185925959,72.1726969965726,71.8998757257437,..
"Life expectancy at birth, total (years)",SP.DYN.LE00.IN,Middle East & North Africa (IDA & IBRD countries),TMN,64.3200057350326,68.6233338932417,71.3759772152023,71.6923140703475,71.9585514664059,72.2301322796325,72.7432285455686,72.9633890576299,73.1193901266412,72.1463761984205,71.8811305367081,..
"Life expectancy at birth, total (years)",SP.DYN.LE00.IN,Middle income,MIC,63.6725269524844,66.5532348203179,70.7222317721672,71.057847560141,71.3512061050415,71.626167717551,71.8640798770567,72.1535513315234,72.3487271280263,71.6486508652581,70.5525939301385,..
"Life expectancy at birth, total (years)",SP.DYN.LE00.IN,North America,NAC,75.4363062579297,76.885154425386,79.0417127626151,79.1362843199307,79.0036457097,78.8797242694941,78.8724761687345,78.9657812984215,79.1417123760336,77.4635168508573,76.9767231711531,..
"Life expectancy at birth, total (years)",SP.DYN.LE00.IN,Not classified,INX,..,..,..,..,..,..,..,..,..,..,..,..
"Life expectancy at birth, total (years)",SP.DYN.LE00.IN,OECD members,OED,74.6030747872001,76.9164285815438,79.6708027934935,79.9190094082059,79.7941399331087,79.9068720555762,79.933335373273,80.0115615546132,80.2236511884452,78.9000395367086,78.7154869155025,..
"Life expectancy at birth, total (years)",SP.DYN.LE00.IN,Other small states,OSS,62.0460773982409,60.4329368443966,66.2121156289415,66.7096082915931,67.2888368780988,67.9055488083681,68.3772615605541,68.4962925145189,68.7711344736468,68.2555748322982,66.9896229202087,..
"Life expectancy at birth, total (years)",SP.DYN.LE00.IN,Pacific island small states,PSS,65.7030123203863,67.3039487281314,68.625773949461,68.642639894166,68.562208761319,68.8275112368945,69.1188648923584,69.2137482861639,69.2942514087701,69.3649211004034,69.1635941828432,..
"Life expectancy at birth, total (years)",SP.DYN.LE00.IN,Post-demographic dividend,PST,75.4673650437809,77.3493836287602,80.2602154770184,80.5160128461206,80.3820254160595,80.5395097027758,80.5836865840333,80.6711212031444,80.8990735666668,80.0044580547539,79.7977140117583,..
"Life expectancy at birth, total (years)",SP.DYN.LE00.IN,Pre-demographic dividend,PRE,48.728726211776,51.4739360006522,58.3300592913712,58.7521965415578,59.1193712621413,59.5239150627753,59.9506113469282,60.3548387754098,60.7216573709725,60.2495318388733,59.87258063232,..
"Life expectancy at birth, total (years)",SP.DYN.LE00.IN,Small states,SST,64.0460766203726,62.9101269006607,67.5956591512135,67.9450848666196,68.3472917960308,68.8076983302127,69.1806032059566,69.2689349559205,69.467199622489,69.0825725303329,67.8224389438784,..
"Life expectancy at birth, total (years)",SP.DYN.LE00.IN,South Asia,SAS,58.5602424226893,62.8929661464142,68.121401503545,68.6382506953563,69.1437835147163,69.609572441708,69.9792893786272,70.2534786113924,70.4727549740685,69.7483309161325,67.5791290463818,..
"Life expectancy at birth, total (years)",SP.DYN.LE00.IN,South Asia (IDA & IBRD),TSA,58.5602424226893,62.8929661464142,68.121401503545,68.6382506953563,69.1437835147163,69.609572441708,69.9792893786272,70.2534786113924,70.4727549740685,69.7483309161325,67.5791290463818,..
"Life expectancy at birth, total (years)",SP.DYN.LE00.IN,Sub-Saharan Africa,SSF,49.824307633488,51.2645448028029,58.668043004746,59.1426582019127,59.5629817000586,60.0690246731195,60.4771384571495,60.8630275388921,61.2442905189234,60.8488944244664,60.2417434631864,..
"Life expectancy at birth, total (years)",SP.DYN.LE00.IN,Sub-Saharan Africa (excluding high income),SSA,49.821847519093,51.2619441016462,58.6666818675623,59.1413468929509,59.5616171804581,60.0677233314774,60.4758930748584,60.8619664295261,61.2431760700969,60.8474927916025,60.2406378326655,..
"Life expectancy at birth, total (years)",SP.DYN.LE00.IN,Sub-Saharan Africa (IDA & IBRD countries),TSS,49.824307633488,51.2645448028029,58.668043004746,59.1426582019127,59.5629817000586,60.0690246731195,60.4771384571495,60.8630275388921,61.2442905189234,60.8488944244664,60.2417434631864,..
"Life expectancy at birth, total (years)",SP.DYN.LE00.IN,Upper middle income,UMC,67.5775008608839,70.4669356438592,74.5164776557828,74.7774040123696,74.994212974247,75.1798618271173,75.3525578663714,75.7257552611899,75.9456236282711,75.1390035165154,74.6931575904076,..
"Life expectancy at birth, total (years)",SP.DYN.LE00.IN,World,WLD,65.1884065143624,67.7004016982228,71.577225864302,71.8808756745518,72.0943407098952,72.3443484475311,72.5416951661882,72.783210402702,72.9791434982166,72.2434659125782,71.3268654207617,..
,,,,,,,,,,,,,,,
,,,,,,,,,,,,,,,
,,,,,,,,,,,,,,,
Data from database: World Development Indicators,,,,,,,,,,,,,,,
Last Updated: 12/18/2023,,,,,,,,,,,,,,,
